-- 계정 생성 구문
-- CREATE USER FFHY IDENTIFIED BY FFHY;
-- GRANT CONNECT, RESOURCE TO FFHY;

---------------------- 삭제 ----------------------
DROP TABLE TB_CLAP;
DROP TABLE TB_SHARE;
DROP TABLE TB_DELIVERY;
DROP TABLE TB_ORDER;
DROP TABLE TB_PAYMENT;
DROP TABLE TB_FUNDING_OPTION;
DROP TABLE TB_REPLY;
DROP TABLE TB_SELLER;
DROP TABLE TB_BUYER;
DROP TABLE TB_ATTACHMENT;
DROP TABLE TB_LIKES;
DROP TABLE TB_REPORT;
DROP TABLE TB_CHAT;
DROP TABLE TB_NOTICE;
DROP TABLE TB_PROJECT;
DROP TABLE TB_QNA;
DROP TABLE TB_RP_CATEGORY;
DROP TABLE TB_PJ_CATEGORY;
DROP TABLE TB_FAQ;
DROP TABLE TB_ANNOUNCEMENT;
DROP TABLE TB_MEMBER;

DROP SEQUENCE SEQ_DELIVERY_NO;       -- 배송 번호 발생 시퀀스
DROP SEQUENCE SEQ_ORDER_NO;          -- 주문 번호 발생 시퀀스
DROP SEQUENCE SEQ_OPTION_NO;         -- 펀딩 옵션 번호 발생 시퀀스
DROP SEQUENCE SEQ_REPLY_NO;          -- 댓글 번호 발생 시퀀스
DROP SEQUENCE SEQ_ATTACHMENT_NO;     -- 파일 번호 발생 시퀀스
DROP SEQUENCE SEQ_LIKES_NO;          -- 찜하기 번호 발생 시퀀스
DROP SEQUENCE SEQ_PROJECT_NO;        -- 프로젝트 번호 발생 시퀀스
DROP SEQUENCE SEQ_USER_NO;           -- 회원 번호 발생 시퀀스
DROP SEQUENCE SEQ_ANNOUNCEMENT_NO;   -- 공지 번호 발생 시퀀스
DROP SEQUENCE SEQ_NOTICE_NO;         -- 알림 번호 발생 시퀀스
DROP SEQUENCE SEQ_FAQ_NO;            -- FAQ 번호 발생 시퀀스
DROP SEQUENCE SEQ_QNA_NO;            -- QNA 번호 발생 시퀀스
DROP SEQUENCE SEQ_CHAT_NO;           -- 채팅 번호 발생 시퀀스
DROP SEQUENCE SEQ_REPORT_NO;         -- 신고 번호 발생 시퀀스
--------------------------------------------------
----------------- MEMBER 관련 ---------------------	
--------------------------------------------------
CREATE TABLE TB_MEMBER (
  USER_NO NUMBER CONSTRAINT USER_NO_PK PRIMARY KEY,               
  USER_ID VARCHAR2(30) CONSTRAINT USER_ID_NN NOT NULL,
  USER_PWD VARCHAR2(100) CONSTRAINT USER_PWD_NN NOT NULL,  
  USER_NAME VARCHAR2(15) CONSTRAINT USER_NAME_NN NOT NULL, 
  USER_SSN VARCHAR2(14) CONSTRAINT USER_SSN_NN NOT NULL,
  USER_NICKNAME VARCHAR2(100) CONSTRAINT USER_NICKNAME_NN NOT NULL,
  USER_PHONE VARCHAR2(13) CONSTRAINT USER_PHONE_NN NOT NULL,              
  USER_EMAIL VARCHAR2(100) CONSTRAINT USER_EMAIL_NN NOT NULL,            
  USER_ADDRESS VARCHAR2(100) CONSTRAINT USER_ADDRESS_NN NOT NULL,
  USER_PROFILE VARCHAR2(4000) DEFAULT '안녕하세요',
  USER_GRADE NUMBER DEFAULT 1,
  USER_MARKETING VARCHAR2(1) DEFAULT 'N' CONSTRAINT USER_MARKETING_CK CHECK (USER_MARKETING IN('Y', 'N')),
  USER_ENROLL_DATE DATE DEFAULT SYSDATE,
  USER_MODIFY_DATE DATE DEFAULT SYSDATE,
  USER_TYPE VARCHAR2(1) DEFAULT 'U' CONSTRAINT USER_TYPE_CK CHECK (USER_TYPE IN('U', 'S')),
  USER_STATUS VARCHAR2(1) DEFAULT 'Y' CONSTRAINT USER_STATUS_CK CHECK (USER_STATUS IN('Y', 'A', 'B', 'N')),
  CONSTRAINT USER_ID_UQ UNIQUE (USER_ID)
);

COMMENT ON COLUMN TB_MEMBER.USER_NO IS '회원 번호';
COMMENT ON COLUMN TB_MEMBER.USER_ID IS '회원 아이디';
COMMENT ON COLUMN TB_MEMBER.USER_PWD IS '회원 비밀번호';
COMMENT ON COLUMN TB_MEMBER.USER_NAME IS '회원 이름';
COMMENT ON COLUMN TB_MEMBER.USER_SSN IS '회원 주민등록번호';
COMMENT ON COLUMN TB_MEMBER.USER_NICKNAME IS '회원 닉네임';
COMMENT ON COLUMN TB_MEMBER.USER_PHONE IS '회원 전화번호';
COMMENT ON COLUMN TB_MEMBER.USER_EMAIL IS '회원 이메일';
COMMENT ON COLUMN TB_MEMBER.USER_ADDRESS IS '회원 주소';
COMMENT ON COLUMN TB_MEMBER.USER_PROFILE IS '회원 소개글';
COMMENT ON COLUMN TB_MEMBER.USER_GRADE IS '회원 등급 (1 : 일반 / 2 : 고급)';
COMMENT ON COLUMN TB_MEMBER.USER_MARKETING IS '회원 마케팅동의여부 (Y : 동의 / N : 미동의)';
COMMENT ON COLUMN TB_MEMBER.USER_ENROLL_DATE IS '회원 가입일';
COMMENT ON COLUMN TB_MEMBER.USER_MODIFY_DATE IS '회원 정보수정일';
COMMENT ON COLUMN TB_MEMBER.USER_TYPE IS '회원 유형(U : 일반 / S : 소셜)';
COMMENT ON COLUMN TB_MEMBER.USER_STATUS IS '회원 상태값 (Y : 사용중 / N : 탈퇴 / A : 관리자 / B : 블랙리스트)';

CREATE SEQUENCE SEQ_USER_NO
NOCACHE;

INSERT INTO TB_MEMBER VALUES (SEQ_USER_NO.NEXTVAL, 'admin', '1234', '관리자', '950814-1234567', '관리자', '010-1234-5678', 'admin@kh.or.kr', '서울시 강남구 역삼동', '관리자입니다', 1, 'N', '2024-02-22', SYSDATE, DEFAULT, 'A');
INSERT INTO TB_MEMBER VALUES (SEQ_USER_NO.NEXTVAL, 'user01', 'pass01', '박보형', '900212-232141', '뽀', '010-8460-1245', 'tt012@kh.or.kr', '서울시 강동구 천호동', '저는 너무 귀여워요', 1, 'N', '2024-02-22', SYSDATE, DEFAULT, 'Y');
INSERT INTO TB_MEMBER VALUES (SEQ_USER_NO.NEXTVAL, 'user02', 'pass02', '윈텨', '010101-2213456', '앙', '010-0157-2354', 'win1@kh.or.kr', '서울시 양천구 목동', '힘들다', 1, 'N', '2024-02-22', SYSDATE, DEFAULT, 'Y');
INSERT INTO TB_MEMBER VALUES (SEQ_USER_NO.NEXTVAL, 'user03', 'pass03', '진새연', '940215-2224131', '파스타', '010-1218-1884', 'lll010@kh.or.kr', '서울시 강서구', '로제 파스타 먹고 싶어요', 1, 'N', '2024-02-22', SYSDATE, DEFAULT, 'Y');
INSERT INTO TB_MEMBER VALUES (SEQ_USER_NO.NEXTVAL, 'user04', 'pass04', '햐니', '010101-2141231', '뉴진스', '010-4747-4151', 'qw1eqw@kh.or.kr', '서울시 강북구', '뉴진스 하입보이요', 1, 'N', '2024-02-22', SYSDATE, DEFAULT, 'Y');
INSERT INTO TB_MEMBER VALUES (SEQ_USER_NO.NEXTVAL, 'user05', 'pass05', '김새론', '930814-2212164', '사탕', '010-0977-6456', 'zv3b@kh.or.kr', '서울시 강동구', '글쎄요', 1, 'N', '2024-02-22', SYSDATE, DEFAULT, 'Y');
INSERT INTO TB_MEMBER VALUES (SEQ_USER_NO.NEXTVAL, 'user06', 'pass06', '홍두식', '881201-1227812', '졸린사람', '010-6542-1815', 'mmf34@kh.or.kr', '서울시 강동구', '안녕하세요', 1, 'N', '2024-02-22', SYSDATE, DEFAULT, 'Y');
INSERT INTO TB_MEMBER VALUES (SEQ_USER_NO.NEXTVAL, 'user07', 'pass07', '김돌개', '010511-1231214', '일반인', '010-6661-8142', 'dd1517@kh.or.kr', '서울시 서초구 서초동', 'ㅎㅇ요', 1, 'N', '2024-02-22', SYSDATE, DEFAULT, 'Y');
INSERT INTO TB_MEMBER VALUES (SEQ_USER_NO.NEXTVAL, 'user08', 'pass08', '박정찰', '050103-1112125', '양념반', '010-8842-7151', 'qeqw111@kh.or.kr', '서울시 서초구 서초동', '아 몰랑', 1, 'N', '2024-02-22', SYSDATE, DEFAULT, 'Y');
INSERT INTO TB_MEMBER VALUES (SEQ_USER_NO.NEXTVAL, 'user09', 'pass09', '최연두', '931210-2262141', '메론맛딸기', '010-8445-6456', 'mnmd2@kh.or.kr', '서울시 강동구', '잠 온다', 1, 'N', '2024-02-22', SYSDATE, DEFAULT, 'Y');
INSERT INTO TB_MEMBER VALUES (SEQ_USER_NO.NEXTVAL, 'user10', 'pass10', '하주연', '870501-2223154', '열받는사람', '010-1234-8124', 'uqeqweq@kh.or.kr', '서울시 강동구', '집 가고 싶다', 1, 'N', '2024-02-22', SYSDATE, DEFAULT, 'Y');
INSERT INTO TB_MEMBER VALUES (SEQ_USER_NO.NEXTVAL, 'user11', 'pass11', '김주황', '990101-2141231', 'bj지망생', '010-4312-1917', 'ubbd2@kh.or.kr', '서울시 강서구', '배고파요', 1, 'N', '2024-02-22', SYSDATE, DEFAULT, 'Y');
INSERT INTO TB_MEMBER VALUES (SEQ_USER_NO.NEXTVAL, 'user12', 'pass12', '박팔두', '030923-1231511', '도깨비', '010-0123-6456', 'rewab@kh.or.kr', '서울시 강동구', '언제까지', 1, 'N', '2024-02-22', SYSDATE, DEFAULT, 'Y');
INSERT INTO TB_MEMBER VALUES (SEQ_USER_NO.NEXTVAL, 'user13', 'pass13', '최지훈', '971012-1221811', '청바지가잘어울리는', '010-1234-6456', 'asee@kh.or.kr', '서울시 강동구', '으아아악', 1, 'N', '2024-02-22', SYSDATE, DEFAULT, 'Y');
INSERT INTO TB_MEMBER VALUES (SEQ_USER_NO.NEXTVAL, 'user14', 'pass14', '이딸기', '871108-2141231', '깃털', '010-1234-6456', 'usewer@kh.or.kr', '서울시 강남구 역삼동', '잘 부탁드립니다', 1, 'N', '2024-02-22', SYSDATE, DEFAULT, 'Y');
INSERT INTO TB_MEMBER VALUES (SEQ_USER_NO.NEXTVAL, 'user15', 'pass15', '김태현', '950814-2234561', 'Lovely킴', '010-3456-7890', 'urewim@kh.or.kr', '서울시 강남구', '반갑습니다, 김태현입니다.', 1, 'N', '2024-02-22', SYSDATE, DEFAULT, 'Y');
INSERT INTO TB_MEMBER VALUES (SEQ_USER_NO.NEXTVAL, 'user16', 'pass16', '이민수', '671001-1234562', 'Handsomely', '010-4567-8901', 'user16lee@kh.or.kr', '경기도 수원시', '안녕하세요, 이민수입니다.', 1, 'N', '2024-02-22', SYSDATE, DEFAULT, 'Y');
INSERT INTO TB_MEMBER VALUES (SEQ_USER_NO.NEXTVAL, 'user17', 'pass17', '박보겸', '000106-1234563', 'Sweet박', '010-5678-9012', 'uspark@kh.or.kr', '서울시 서초구', '박보겸입니다. 잘 부탁드려요!', 1, 'N', '2024-02-22', SYSDATE, DEFAULT, 'Y');
INSERT INTO TB_MEMBER VALUES (SEQ_USER_NO.NEXTVAL, 'user18', 'pass18', '전지헌', '901203-2234564', 'Beautiful전', '010-6789-0123', 'ujeon@kh.or.kr', '부산시 해운대구', '전지헌입니다. 만나서 반가워요!', 1, 'N', '2024-02-22', SYSDATE, DEFAULT, 'Y');
INSERT INTO TB_MEMBER VALUES (SEQ_USER_NO.NEXTVAL, 'user19', 'pass19', '송중길', '970518-1234565', 'Cool송', '010-7890-1234', 's19song@kh.or.kr', '대구시 중구', '안녕하세요, 송중길입니다.', 1, 'N', '2024-02-22', SYSDATE, DEFAULT, 'Y');
INSERT INTO TB_MEMBER VALUES (SEQ_USER_NO.NEXTVAL, 'user20', 'pass20', '수진', '980113-2234566', 'Cute수', '010-8901-2345', 'zzzsuzy@kh.or.kr', '광주시 서구', '수진짱입니다. 잘 부탁드립니다!', 1, 'N', '2024-02-22', SYSDATE, DEFAULT, 'Y');
INSERT INTO TB_MEMBER VALUES (SEQ_USER_NO.NEXTVAL, 'user21', 'pass21', '윤아린', '910901-2245789', 'Shine윤', '010-9123-4567', 'user21yoon@kh.or.kr', '인천시 중구', '윤아린입니다. 잘 부탁드립니다!', 1, 'N', '2024-02-22', SYSDATE, DEFAULT, 'Y');
INSERT INTO TB_MEMBER VALUES (SEQ_USER_NO.NEXTVAL, 'user22', 'pass22', '조인셩', '821102-1356891', 'Bright조', '010-0234-5678', 'user22cho@kh.or.kr', '대전시 중구', '안녕하세요, 인성이 대단합니다.', 1, 'N', '2024-02-22', SYSDATE, DEFAULT, 'Y');
INSERT INTO TB_MEMBER VALUES (SEQ_USER_NO.NEXTVAL, 'user23', 'pass23', '한효쥬', '031017-2467912', 'Lovely한', '010-1345-6789', 'user23han@kh.or.kr', '울산시 남구', '한효주입니다. 만나서 반가워요!', 1, 'N', '2024-02-22', SYSDATE, DEFAULT, 'Y');
INSERT INTO TB_MEMBER VALUES (SEQ_USER_NO.NEXTVAL, 'user24', 'pass24', '고소빈', '940316-2578123', 'Beautiful고', '010-2456-7890', 'user24ko@kh.or.kr', '경상북도 포항시', '고소 부탁드립니다!', 1, 'N', '2024-02-22', SYSDATE, DEFAULT, 'Y');
INSERT INTO TB_MEMBER VALUES (SEQ_USER_NO.NEXTVAL, 'user25', 'pass25', '박시준', '951211-1689234', 'Cool박', '010-3567-8901', 'user25park@kh.or.kr', '전라북도 전주시', '반갑습니다, Cool박입니다.', 1, 'N', '2024-02-22', SYSDATE, DEFAULT, 'Y');
INSERT INTO TB_MEMBER VALUES (SEQ_USER_NO.NEXTVAL, 'user26', 'pass26', '김교은', '960517-2791345', 'Sweet김', '010-4678-9012', 'user26kim@kh.or.kr', '경상남도 창원시', '김교은입니다. 만나서 반가워요!', 1, 'N', '2024-02-22', SYSDATE, DEFAULT, 'Y');
INSERT INTO TB_MEMBER VALUES (SEQ_USER_NO.NEXTVAL, 'user27', 'pass27', '김현주', '901204-2114631', 'Shine', '010-9108-5670', 'khyun27@kh.or.kr', '경기도 수원시', '김현주입니다. 만나서 반가워요!', 1, 'N', '2024-02-22', SYSDATE, DEFAULT, 'Y');
INSERT INTO TB_MEMBER VALUES (SEQ_USER_NO.NEXTVAL, 'user28', 'pass28', '송현기', '970519-1212168', '송송송', '010-1910-6781', 'shsong28@kh.or.kr', '대구시 남구', '안녕하세요, 송현기입니다.', 1, 'N', '2024-02-22', SYSDATE, DEFAULT, 'Y');
INSERT INTO TB_MEMBER VALUES (SEQ_USER_NO.NEXTVAL, 'user29', 'pass29', '수지비', '980114-2201316', 'Cute수비', '010-0061-7892', 'suzib29@kh.or.kr', '광주시 남구', '수지비입니다. 잘 부탁드립니다!', 1, 'N', '2024-02-22', SYSDATE, DEFAULT, 'Y');
INSERT INTO TB_MEMBER VALUES (SEQ_USER_NO.NEXTVAL, 'user30', 'pass30', '윤아리', '910902-2212570', 'Shine윤', '010-7431-8903', 'yar30@kh.or.kr', '인천시 동구', '윤아리입니다. 잘 부탁드립니다!', 1, 'N', '2024-02-22', SYSDATE, DEFAULT, 'Y');
INSERT INTO TB_MEMBER VALUES (SEQ_USER_NO.NEXTVAL, 'user31', 'pass31', '임하리', '980114-2214176', '알빠누', '010-1314-7112', 'ang1515@kh.or.kr', '경기도 수원시', '많은 참여 예정', 1, 'N', '2024-02-22', SYSDATE, DEFAULT, 'Y');
INSERT INTO TB_MEMBER VALUES (SEQ_USER_NO.NEXTVAL, 'user32', 'pass32', '윤하예', '870117-2211050', '배고픈사람', '010-8171-0904', 'vest1013@kh.or.kr', '광주시 남구', '처음 가입했어요', 1, 'N', '2024-02-22', SYSDATE, DEFAULT, 'Y');
--------------------------------------------------
-------------- ANNOUNCEMENT 관련 ------------------	
--------------------------------------------------
CREATE TABLE TB_ANNOUNCEMENT (
    ANNOUNCEMENT_NO NUMBER CONSTRAINT ANNOUNCEMENT_NO_PK PRIMARY KEY,
    ANNOUNCEMENT_TITLE VARCHAR2(100) CONSTRAINT ANNOUNCEMENT_TITLE_NN NOT NULL,
    ANNOUNCEMENT_CONTENT VARCHAR2(4000) CONSTRAINT ANNOUNCEMENT_CONTENT_NN NOT NULL,
    ANNOUNCEMENT_WRITER NUMBER CONSTRAINT ANNOUNCEMENT_WRITER_NN NOT NULL,
    ANNOUNCEMENT_COUNT NUMBER DEFAULT 0,
    ANNOUNCEMENT_CREATE_DATE DATE DEFAULT SYSDATE CONSTRAINT ANNOUNCEMENT_CREATE_DATE_NN NOT NULL,
    ANNOUNCEMENT_STATUS VARCHAR2(1) DEFAULT 'Y' CONSTRAINT ANNOUNCEMENT_STATUS_CK CHECK (ANNOUNCEMENT_STATUS IN('Y', 'N')),
    CONSTRAINT ANNOUNCEMENT_WRITER_FK FOREIGN KEY(ANNOUNCEMENT_WRITER) REFERENCES TB_MEMBER(USER_NO)
);

COMMENT ON COLUMN TB_ANNOUNCEMENT.ANNOUNCEMENT_NO IS '공지 번호';
COMMENT ON COLUMN TB_ANNOUNCEMENT.ANNOUNCEMENT_TITLE IS '공지 제목';
COMMENT ON COLUMN TB_ANNOUNCEMENT.ANNOUNCEMENT_CONTENT IS '공지 내용';
COMMENT ON COLUMN TB_ANNOUNCEMENT.ANNOUNCEMENT_WRITER IS '공지 작성자회원번호';
COMMENT ON COLUMN TB_ANNOUNCEMENT.ANNOUNCEMENT_COUNT IS '공지 조회수';
COMMENT ON COLUMN TB_ANNOUNCEMENT.ANNOUNCEMENT_CREATE_DATE IS '공지 작성일';
COMMENT ON COLUMN TB_ANNOUNCEMENT.ANNOUNCEMENT_STATUS IS '공지 상태값 (Y : 게시 / N : 비게시)';

CREATE SEQUENCE SEQ_ANNOUNCEMENT_NO
NOCACHE;

INSERT INTO TB_ANNOUNCEMENT VALUES (SEQ_ANNOUNCEMENT_NO.NEXTVAL, '오픈! 뻔뻔해요!', '안녕하세요. 뻔뻔해요 입니다. 뻔뻔해요는 크라우드 펀딩사이트로 이제 여러분을 찾아뵙습니다.', 1, DEFAULT, '2024-02-22', DEFAULT);
INSERT INTO TB_ANNOUNCEMENT VALUES (SEQ_ANNOUNCEMENT_NO.NEXTVAL, '프로젝트 업데이트: 목표 금액 달성에 한 발짝 더', '안녕하세요. 뻔뻔해요 입니다. 프로젝트 업데이트: 목표 금액 달성에 한 발짝 더! 우리는 이미 목표에 한 발짝 더 다가갔습니다. 이제 우리의 꿈을 이루기 위해 마지막 승부를 하고 있습니다. 계속해서 후원해 주시기 바랍니다!', 1, DEFAULT, '2024-02-22', DEFAULT);
INSERT INTO TB_ANNOUNCEMENT VALUES (SEQ_ANNOUNCEMENT_NO.NEXTVAL, '서비스 개선', '안녕하세요. 뻔뻔해요 입니다. 익일 새벽 3시부터 약 1시간 동안 서비스 개선을 위한 점검이 있을 예정입니다.', 1, DEFAULT, '2024-02-22', DEFAULT);
INSERT INTO TB_ANNOUNCEMENT VALUES (SEQ_ANNOUNCEMENT_NO.NEXTVAL, '기부자 감사: 성공적인 펀딩에 감사드립니다', '안녕하세요. 뻔뻔해요 입니다. 기부자 감사: 성공적인 펀딩에 동참해 주셔서 감사드립니다. 함께 해서 정말 감사합니다!', 1, DEFAULT, '2024-02-27', DEFAULT);
INSERT INTO TB_ANNOUNCEMENT VALUES (SEQ_ANNOUNCEMENT_NO.NEXTVAL, '서비스 개선', '안녕하세요. 뻔뻔해요 입니다. 익일 새벽 3시부터 약 1시간 동안 서비스 개선을 위한 점검이 있을 예정입니다.', 1, DEFAULT, '2024-02-27', DEFAULT);
INSERT INTO TB_ANNOUNCEMENT VALUES (SEQ_ANNOUNCEMENT_NO.NEXTVAL, '후원자 감사: 지지해 주셔서 감사합니다', '안녕하세요. 뻔뻔해요 입니다. 후원자 여러분께 감사드립니다! 여러분의 지지로 인해 프로젝트가 성공에 한 발짝 더 다가갑니다. 지속적인 관심과 후원에 진심으로 감사드립니다.', 1, DEFAULT, '2024-03-03', DEFAULT);
INSERT INTO TB_ANNOUNCEMENT VALUES (SEQ_ANNOUNCEMENT_NO.NEXTVAL, '프로젝트 향후 계획: 추가 업데이트 및 개선 사항', '안녕하세요. 뻔뻔해요 입니다. 프로젝트의 향후 계획에 대한 업데이트입니다. 추가적인 업데이트와 개선 사항이 준비 중이니 기대해 주세요. 프로젝트의 발전을 위해 끊임없는 노력을 기울이겠습니다.', 1, DEFAULT, '2024-03-03', DEFAULT);
INSERT INTO TB_ANNOUNCEMENT VALUES (SEQ_ANNOUNCEMENT_NO.NEXTVAL, '서비스 개선', '안녕하세요. 뻔뻔해요 입니다. 익일 새벽 3시부터 약 1시간 동안 서비스 개선을 위한 점검이 있을 예정입니다.', 1, DEFAULT, '2024-03-03', DEFAULT);
INSERT INTO TB_ANNOUNCEMENT VALUES (SEQ_ANNOUNCEMENT_NO.NEXTVAL, '이용자 경험 개선: 후원자 의견에 따른 개선 사항', '안녕하세요. 뻔뻔해요 입니다. 이용자 경험을 개선하기 위한 노력입니다! 후원자들의 의견을 반영하여 프로젝트를 더욱 개선하고자 합니다. 공지사항을 확인하여 의견을 공유해 주세요.', 1, DEFAULT, '2024-03-05', DEFAULT);
INSERT INTO TB_ANNOUNCEMENT VALUES (SEQ_ANNOUNCEMENT_NO.NEXTVAL, '창작자 여러분의 참여를 기다립니다.', '안녕하세요. 뻔뻔해요 입니다. 창작자 여러분! 펀딩 체험단을 운영하며, 공개예정 프로젝트를 효과적으로 홍보하고, 체험단 후원자들의 다채로운 리뷰 콘텐츠를 확보해 보세요!', 1, DEFAULT, '2024-03-05', DEFAULT);
INSERT INTO TB_ANNOUNCEMENT VALUES (SEQ_ANNOUNCEMENT_NO.NEXTVAL, '서비스 개선', '안녕하세요. 뻔뻔해요 입니다. 익일 새벽 3시부터 약 1시간 동안 서비스 개선을 위한 점검이 있을 예정입니다.', 1, DEFAULT, '2024-03-05', DEFAULT);
INSERT INTO TB_ANNOUNCEMENT VALUES (SEQ_ANNOUNCEMENT_NO.NEXTVAL, '전분야 창작자 대규모 모집', '안녕하세요. 뻔뻔해요 입니다. 창작자 여러분! 프로젝트를 준비중인 창작자라면 뻔뻔해요 펀딩에 참여해보세요! 일정에 맞춰서 프로젝트를 준비하면 다양한 프로모션 혜택을 받을 수 있습니다.', 1, DEFAULT, '2024-03-05', DEFAULT);
INSERT INTO TB_ANNOUNCEMENT VALUES (SEQ_ANNOUNCEMENT_NO.NEXTVAL, '카카오페이 3/7 은행/증권사 시스템 점검 안내', '안녕하세요. 뻔뻔해요 입니다. 2024년 3월 카카오페이 은행/증권사 시스템 점검 일정 안내드립니다. 점검 중인 은행/증권사의 일부 결제 서비스가 일시 중지됩니다.', 1, DEFAULT, '2024-03-07', DEFAULT);
INSERT INTO TB_ANNOUNCEMENT VALUES (SEQ_ANNOUNCEMENT_NO.NEXTVAL, '서비스 개선', '안녕하세요. 뻔뻔해요 입니다. 익일 새벽 3시부터 약 1시간 동안 서비스 개선을 위한 점검이 있을 예정입니다.', 1, DEFAULT, '2024-03-08', DEFAULT);
--------------------------------------------------
----------------- FAQ 게시판 관련 ------------------	
--------------------------------------------------
CREATE TABLE TB_FAQ (
    FAQ_NO NUMBER CONSTRAINT FAQ_NO_PK PRIMARY KEY,
    FAQ_TITLE VARCHAR2(100) CONSTRAINT FAQ_TITLE_NN NOT NULL,
    FAQ_CONTENT VARCHAR2(4000) CONSTRAINT FAQ_CONTENT_NN NOT NULL,
    FAQ_WRITER NUMBER CONSTRAINT FAQ_WRITER_NN NOT NULL,
    FAQ_COUNT NUMBER DEFAULT 0,
    FAQ_CREATE_DATE DATE DEFAULT SYSDATE CONSTRAINT FAQ_CREATE_DATE_NN NOT NULL,
    FAQ_MODIFY_DATE DATE DEFAULT SYSDATE,
    FAQ_STATUS VARCHAR2(1) DEFAULT 'Y' CONSTRAINT FAQ_STATUS_CK CHECK (FAQ_STATUS IN('Y', 'N')),
    CONSTRAINT FAQ_WRITER_FK FOREIGN KEY(FAQ_WRITER) REFERENCES TB_MEMBER(USER_NO)
);

COMMENT ON COLUMN TB_FAQ.FAQ_NO IS '자주묻는질문 번호';
COMMENT ON COLUMN TB_FAQ.FAQ_TITLE IS '자주묻는질문 제목';
COMMENT ON COLUMN TB_FAQ.FAQ_CONTENT IS '자주묻는질문 내용';
COMMENT ON COLUMN TB_FAQ.FAQ_WRITER IS '자주묻는질문 작성자회원번호';
COMMENT ON COLUMN TB_FAQ.FAQ_COUNT IS '자주묻는질문 조회수';
COMMENT ON COLUMN TB_FAQ.FAQ_CREATE_DATE IS '자주묻는질문 작성일';
COMMENT ON COLUMN TB_FAQ.FAQ_MODIFY_DATE IS '자주묻는질문 수정일';
COMMENT ON COLUMN TB_FAQ.FAQ_STATUS IS '자주묻는질문 상태값 (Y : 게시 / N : 비게시)';

CREATE SEQUENCE SEQ_FAQ_NO
NOCACHE;

INSERT INTO TB_FAQ VALUES (SEQ_FAQ_NO.NEXTVAL, '회원 정보 변경은 어떻게 하나요?', '마이페이지 내 회원정보수정에서 닉네임, 이메일, 연락처 등을 언제든 변경할 수 있어요.', 1, DEFAULT, '2024-02-22', '2024-02-22', DEFAULT);
INSERT INTO TB_FAQ VALUES (SEQ_FAQ_NO.NEXTVAL, '참여한 펀딩은 어떻게 확인하나요?', '마이페이지 내 나의 후원에서 확인할 수 있어요.', 1, DEFAULT, '2024-02-22', '2024-02-22', DEFAULT);
INSERT INTO TB_FAQ VALUES (SEQ_FAQ_NO.NEXTVAL, '배송은 언제 시작되나요?', '프로젝트가 종료되고 결제완료 후 발송하기에 즉시 배송되지 않습니다. 창작자의 사정으로 인해 발송이 지연될 수도 있습니다.', 1, DEFAULT, '2024-02-22', '2024-02-22', DEFAULT);
INSERT INTO TB_FAQ VALUES (SEQ_FAQ_NO.NEXTVAL, '창작자와 어떻게 소통할 수 있나요?', '공개채팅을 통해 소통할 수 있습니다. 상세 페이지 내 공개채팅을 이용해주세요!', 1, DEFAULT, '2024-02-22', '2024-02-22', DEFAULT);
INSERT INTO TB_FAQ VALUES (SEQ_FAQ_NO.NEXTVAL, '결제 기한이 어떻게 되나요?', '펀딩 종료일로부터 1주일 이내입니다.', 1, DEFAULT, '2024-02-22', '2024-02-22', DEFAULT);
INSERT INTO TB_FAQ VALUES (SEQ_FAQ_NO.NEXTVAL, '펀딩 등록은 바로 가능한가요?', '심사를 거쳐, 통과한 프로젝트만 등록이 진행됩니다.', 1, DEFAULT, '2024-02-22', '2024-02-22', DEFAULT);
INSERT INTO TB_FAQ VALUES (SEQ_FAQ_NO.NEXTVAL, '전체 프로젝트 탭의 노출기준은 어떻게 되나요?', '전체 프로젝트 탭의 기준은 랜덤 노출입니다.', 1, DEFAULT, '2024-02-22', '2024-02-22', DEFAULT);
INSERT INTO TB_FAQ VALUES (SEQ_FAQ_NO.NEXTVAL, '찜하기는 무엇인가요?', '마음에 드는 프로젝트를 찜해둘 수 있는 기능입니다. 마이페이지 내 나의 활동에서 찜한 목록을 확인 가능합니다.', 1, DEFAULT, '2024-02-22', '2024-02-22', DEFAULT);
INSERT INTO TB_FAQ VALUES (SEQ_FAQ_NO.NEXTVAL, '프로필 사진을 변경하고 싶어요', '마이페이지 내 회원정보변경에서 사진을 변경할 수 있습니다.', 1, DEFAULT, '2024-02-22', '2024-02-22', DEFAULT);
INSERT INTO TB_FAQ VALUES (SEQ_FAQ_NO.NEXTVAL, '결제수단은 어떻게 될까요?', '카카오페이와 토스페이 등을 지원합니다.', 1, DEFAULT, '2024-02-22', '2024-02-22', DEFAULT);
--------------------------------------------------
----------------- PJ_CATEGORY 관련 ----------------	
--------------------------------------------------
CREATE TABLE TB_PJ_CATEGORY(
  PJ_CATEGORY_NO NUMBER CONSTRAINT PJ_CATEGORY_NO_PK PRIMARY KEY,
  PJ_CATEGORY_NAME VARCHAR2(30) CONSTRAINT PJ_CATEGORY_NAME_NN NOT NULL
);

COMMENT ON COLUMN TB_PJ_CATEGORY.PJ_CATEGORY_NO IS '펀딩 프로젝트 카테고리 번호';
COMMENT ON COLUMN TB_PJ_CATEGORY.PJ_CATEGORY_NAME IS '펀딩 프로젝트 카테고리 이름';

INSERT INTO TB_PJ_CATEGORY VALUES(10, '공통');
INSERT INTO TB_PJ_CATEGORY VALUES(20, '푸드');
INSERT INTO TB_PJ_CATEGORY VALUES(30, '보드게임');
INSERT INTO TB_PJ_CATEGORY VALUES(40, '캐릭터');
INSERT INTO TB_PJ_CATEGORY VALUES(50, '향수');
INSERT INTO TB_PJ_CATEGORY VALUES(60, '공연');
INSERT INTO TB_PJ_CATEGORY VALUES(70, '게임');
INSERT INTO TB_PJ_CATEGORY VALUES(80, '의류');
INSERT INTO TB_PJ_CATEGORY VALUES(90, '웹툰');
INSERT INTO TB_PJ_CATEGORY VALUES(100, '가전');
INSERT INTO TB_PJ_CATEGORY VALUES(110, '잡화');
INSERT INTO TB_PJ_CATEGORY VALUES(120, '사진');
INSERT INTO TB_PJ_CATEGORY VALUES(130, '반려동물');
INSERT INTO TB_PJ_CATEGORY VALUES(140, '주얼리');
INSERT INTO TB_PJ_CATEGORY VALUES(150, '음악');
INSERT INTO TB_PJ_CATEGORY VALUES(160, '스포츠');
INSERT INTO TB_PJ_CATEGORY VALUES(170, '패션');
INSERT INTO TB_PJ_CATEGORY VALUES(180, '키즈');
INSERT INTO TB_PJ_CATEGORY VALUES(190, '가구');
INSERT INTO TB_PJ_CATEGORY VALUES(200, '기타');
--------------------------------------------------
----------------- RP_CATEGORY 관련 ----------------	
--------------------------------------------------
CREATE TABLE TB_RP_CATEGORY(
  RP_CATEGORY_NO NUMBER CONSTRAINT RP_CATEGORY_NO_RP PRIMARY KEY,
  RP_CATEGORY_NAME VARCHAR2(100) CONSTRAINT RP_CATEGORY_NAME_NN NOT NULL
);

COMMENT ON COLUMN TB_RP_CATEGORY.RP_CATEGORY_NO IS '펀딩 프로젝트 카테고리 번호';
COMMENT ON COLUMN TB_RP_CATEGORY.RP_CATEGORY_NAME IS '펀딩 프로젝트 카테고리 이름';

INSERT INTO TB_RP_CATEGORY VALUES(1, '스팸홍보/도배글입니다.');
INSERT INTO TB_RP_CATEGORY VALUES(2, '음란물입니다.');
INSERT INTO TB_RP_CATEGORY VALUES(3, '불법정보를 포함하고 있습니다.');
INSERT INTO TB_RP_CATEGORY VALUES(4, '청소년에게 유해한 내용입니다.');
INSERT INTO TB_RP_CATEGORY VALUES(5, '욕설/생명경시/혐오/차별적 표현입니다.');
INSERT INTO TB_RP_CATEGORY VALUES(6, '개인정보 노출 게시물입니다.');
INSERT INTO TB_RP_CATEGORY VALUES(7, '불쾌한 표현이 있습니다.');
INSERT INTO TB_RP_CATEGORY VALUES(8, '명예훼손 또는 저작권이 침해되었습니다.');
INSERT INTO TB_RP_CATEGORY VALUES(9, '불법촬영물등이 포함되어 있습니다.');
INSERT INTO TB_RP_CATEGORY VALUES(10, '기타');
--------------------------------------------------
----------------- QNA 게시판 관련 ------------------	
--------------------------------------------------
CREATE TABLE TB_QNA(
    QNA_NO NUMBER CONSTRAINT QNA_NO_PK PRIMARY KEY,
    QNA_WRITER NUMBER CONSTRAINT QNA_WRITER_NN NOT NULL,
    QNA_TITLE VARCHAR2(100) CONSTRAINT QNA_TITLE_NN NOT NULL,
    QNA_CONTENT VARCHAR2(4000) CONSTRAINT QNA_CONTENT_NN NOT NULL,
    QNA_CREATE_DATE DATE DEFAULT SYSDATE CONSTRAINT QNA_CREATE_DATE_NN NOT NULL,
    QNA_MODIFY_DATE DATE DEFAULT SYSDATE,
    QNA_ANSWER_STATUS VARCHAR2(1) DEFAULT 'N' CONSTRAINT QNA_ANSWER_STATUS_CK CHECK(QNA_ANSWER_STATUS IN('Y', 'N')),
    QNA_STATUS VARCHAR2(1) DEFAULT 'Y' CONSTRAINT QNA_STATUS_CK CHECK(QNA_STATUS IN('Y', 'N')),
    CONSTRAINT QNA_WRITER_FK FOREIGN KEY (QNA_WRITER) REFERENCES TB_MEMBER(USER_NO)
);

COMMENT ON COLUMN TB_QNA.QNA_NO IS 'QNA 번호';
COMMENT ON COLUMN TB_QNA.QNA_WRITER IS 'QNA 작성자회원번호';
COMMENT ON COLUMN TB_QNA.QNA_TITLE IS 'QNA 제목';
COMMENT ON COLUMN TB_QNA.QNA_CONTENT IS 'QNA 내용';
COMMENT ON COLUMN TB_QNA.QNA_CREATE_DATE IS 'QNA 작성일';
COMMENT ON COLUMN TB_QNA.QNA_MODIFY_DATE IS 'QNA 수정일';
COMMENT ON COLUMN TB_QNA.QNA_ANSWER_STATUS IS 'QNA 답변 상태값 (Y : 답변완료 / N : 답변대기)';
COMMENT ON COLUMN TB_QNA.QNA_STATUS IS 'QNA 상태값 (Y : 게시 / N : 비게시)';

CREATE SEQUENCE SEQ_QNA_NO
NOCACHE;

INSERT INTO TB_QNA(QNA_NO, QNA_WRITER, QNA_TITLE, QNA_CONTENT, QNA_CREATE_DATE, QNA_ANSWER_STATUS, QNA_STATUS) 
VALUES(SEQ_QNA_NO.NEXTVAL, 2, '프로젝트에 대한 문의', '프로젝트 참여는 어디서 가능할까요?', '2024-02-22', 'N', 'Y');

INSERT INTO TB_QNA(QNA_NO, QNA_WRITER, QNA_TITLE, QNA_CONTENT, QNA_CREATE_DATE, QNA_ANSWER_STATUS, QNA_STATUS) 
VALUES(SEQ_QNA_NO.NEXTVAL, 2, '프로젝트 후원 방법 문의', '후원 방법에 대해 자세히 설명해주실 수 있나요?', '2024-02-23', 'N', 'Y');

INSERT INTO TB_QNA(QNA_NO, QNA_WRITER, QNA_TITLE, QNA_CONTENT, QNA_CREATE_DATE, QNA_ANSWER_STATUS, QNA_STATUS) 
VALUES(SEQ_QNA_NO.NEXTVAL, 4, '프로젝트 진행 상황 문의', '결제는 언제까지 가능한걸까요?', '2024-02-24', 'N', 'Y');

INSERT INTO TB_QNA(QNA_NO, QNA_WRITER, QNA_TITLE, QNA_CONTENT, QNA_CREATE_DATE, QNA_ANSWER_STATUS, QNA_STATUS) 
VALUES(SEQ_QNA_NO.NEXTVAL, 3, '후원한 프로젝트의 선물 배송 일정 문의', '선물 배송 일정에 대해 알려주실 수 있나요?', '2024-02-25', 'N', 'Y');

INSERT INTO TB_QNA(QNA_NO, QNA_WRITER, QNA_TITLE, QNA_CONTENT, QNA_CREATE_DATE, QNA_ANSWER_STATUS, QNA_STATUS) 
VALUES(SEQ_QNA_NO.NEXTVAL, 2, '프로젝트에 대해 더 자세히 알고 싶습니다', '추가 정보를 제공해주실 수 있나요?', '2024-02-26', 'N', 'Y');
--------------------------------------------------
----------------- PROJECT 관련 --------------------	
--------------------------------------------------
CREATE TABLE TB_PROJECT (
    PROJECT_NO NUMBER CONSTRAINT PROJECT_NO_PK PRIMARY KEY,
    PROJECT_SELLER NUMBER CONSTRAINT PROJECT_SELLER_NN NOT NULL,
    PROJECT_CATEGORY_NO NUMBER CONSTRAINT PROJECT_CATEGORY_NO_NN NOT NULL,
    PROJECT_OVERVIEW VARCHAR2(500) CONSTRAINT PROJECT_OVERVIEW_NN NOT NULL,
    PROJECT_TITLE VARCHAR2(100) CONSTRAINT PROJECT_TITLE_NN NOT NULL,
    PROJECT_CONTENT VARCHAR2(4000) CONSTRAINT PROJECT_CONTENT_NN NOT NULL,
    PROJECT_TAG VARCHAR2(50) CONSTRAINT PROJECT_TAG_NN NOT NULL,
    PROJECT_PRICE NUMBER CONSTRAINT PROJECT_PRICE_NN NOT NULL,
    PROJECT_START DATE CONSTRAINT PROJECT_START_NN NOT NULL,
    PROJECT_END DATE CONSTRAINT PROJECT_END_NN NOT NULL,
    PROJECT_PAYMENT_BUYER DATE CONSTRAINT PROJECT_PAYMENT_BUYER_NN NOT NULL,
    PROJECT_PAYMENT_SELLER DATE CONSTRAINT PROJECT_PAYMENT_SELLER_NN NOT NULL,
    PROJECT_STATUS VARCHAR2(1) DEFAULT 'N' CONSTRAINT PROJECT_STATUS_CK CHECK(PROJECT_STATUS IN('Y', 'N', 'W', 'B', 'E')),
    CONSTRAINT PROJECT_SELLER_FK FOREIGN KEY (PROJECT_SELLER) REFERENCES TB_MEMBER(USER_NO),
    CONSTRAINT PROJECT_CATEGORY_NO_FK FOREIGN KEY (PROJECT_CATEGORY_NO) REFERENCES TB_PJ_CATEGORY(PJ_CATEGORY_NO)
);

COMMENT ON COLUMN TB_PROJECT.PROJECT_NO IS '펀딩 프로젝트 번호';
COMMENT ON COLUMN TB_PROJECT.PROJECT_SELLER IS '펀딩 프로젝트 창작자회원번호';
COMMENT ON COLUMN TB_PROJECT.PROJECT_CATEGORY_NO IS '펀딩 프로젝트 카테고리';
COMMENT ON COLUMN TB_PROJECT.PROJECT_OVERVIEW IS '펀딩 프로젝트 요약 설명';
COMMENT ON COLUMN TB_PROJECT.PROJECT_TITLE IS '펀딩 프로젝트 제목';
COMMENT ON COLUMN TB_PROJECT.PROJECT_CONTENT IS '펀딩 프로젝트 내용';
COMMENT ON COLUMN TB_PROJECT.PROJECT_TAG IS '펀딩 프로젝트 태그';
COMMENT ON COLUMN TB_PROJECT.PROJECT_PRICE IS '펀딩 프로젝트 목표금액';
COMMENT ON COLUMN TB_PROJECT.PROJECT_START IS '펀딩 프로젝트 시작일';
COMMENT ON COLUMN TB_PROJECT.PROJECT_END IS '펀딩 프로젝트 종료일';
COMMENT ON COLUMN TB_PROJECT.PROJECT_PAYMENT_BUYER IS '펀딩 프로젝트 후원자결제기한';
COMMENT ON COLUMN TB_PROJECT.PROJECT_PAYMENT_SELLER IS '펀딩 프로젝트 창작자정산일';
COMMENT ON COLUMN TB_PROJECT.PROJECT_STATUS IS '펀딩 프로젝트 상태값 (Y : 게시 / N : 비게시 / W : 게시 대기 / B : 반려 / E : 종료)';

CREATE SEQUENCE SEQ_PROJECT_NO
START WITH 1000
NOCACHE;

INSERT INTO TB_PROJECT(PROJECT_NO, PROJECT_SELLER, PROJECT_CATEGORY_NO, PROJECT_OVERVIEW, PROJECT_TITLE, PROJECT_CONTENT, PROJECT_TAG, PROJECT_PRICE, PROJECT_START, PROJECT_END, PROJECT_PAYMENT_BUYER, PROJECT_PAYMENT_SELLER, PROJECT_STATUS) 
VALUES(SEQ_PROJECT_NO.NEXTVAL, 2, 20, '세상 단 하나뿐인 마시는 푸딩', '푸딩을 마실 수 있다?', '국내 최초 마시는 푸딩을 개발하였습니다. 더 이상 떠 먹지 말고 마셔요', '#마시는 푸딩', 100000, '2024-02-22', '2024-03-24', '2024-03-24', '2024-04-07', 'B');

INSERT INTO TB_PROJECT(PROJECT_NO, PROJECT_SELLER, PROJECT_CATEGORY_NO, PROJECT_OVERVIEW, PROJECT_TITLE, PROJECT_CONTENT, PROJECT_TAG, PROJECT_PRICE, PROJECT_START, PROJECT_END, PROJECT_PAYMENT_BUYER, PROJECT_PAYMENT_SELLER, PROJECT_STATUS) 
VALUES(SEQ_PROJECT_NO.NEXTVAL, 3, 30, '추억의 비석치기', '돌덩이로 게임이 된다', '전통놀이인 비석치기, 더 이상 옛 놀이가 아니에요', '#비석치기', 200000, '2024-02-22', '2024-03-24', '2024-03-24', '2024-04-07', 'B');

INSERT INTO TB_PROJECT(PROJECT_NO, PROJECT_SELLER, PROJECT_CATEGORY_NO, PROJECT_OVERVIEW, PROJECT_TITLE, PROJECT_CONTENT, PROJECT_TAG, PROJECT_PRICE, PROJECT_START, PROJECT_END, PROJECT_PAYMENT_BUYER, PROJECT_PAYMENT_SELLER, PROJECT_STATUS) 
VALUES(SEQ_PROJECT_NO.NEXTVAL, 4, 140, '뒷모습은 사람이다', '찰랑찰랑 맹이 사진', '머릿결이 찰랑거리는 반려견 맹이의 단독 사진', '#귀여운 강아지', 300000, '2024-02-22', '2024-03-24', '2024-03-24', '2024-04-07', 'B');

INSERT INTO TB_PROJECT(PROJECT_NO, PROJECT_SELLER, PROJECT_CATEGORY_NO, PROJECT_OVERVIEW, PROJECT_TITLE, PROJECT_CONTENT, PROJECT_TAG, PROJECT_PRICE, PROJECT_START, PROJECT_END, PROJECT_PAYMENT_BUYER, PROJECT_PAYMENT_SELLER, PROJECT_STATUS) 
VALUES(SEQ_PROJECT_NO.NEXTVAL, 4, 140, '닥스인가 코카인가', '이례적인 몸놀림의 맹이', '뚱보 반려견 맹이의 단독 사진', '#뚱보 강아지', 5000000, '2024-02-22', '2024-03-07', '2024-03-07', '2024-04-21', 'E');

INSERT INTO TB_PROJECT(PROJECT_NO, PROJECT_SELLER, PROJECT_CATEGORY_NO, PROJECT_OVERVIEW, PROJECT_TITLE, PROJECT_CONTENT, PROJECT_TAG, PROJECT_PRICE, PROJECT_START, PROJECT_END, PROJECT_PAYMENT_BUYER, PROJECT_PAYMENT_SELLER, PROJECT_STATUS) 
VALUES(SEQ_PROJECT_NO.NEXTVAL, 4, 140, '뒷모습은 사람이다', '찰랑찰랑 맹이 사진', '머릿결이 찰랑거리는 반려견 맹이의 단독 사진', '#귀여운 강아지', 300000, '2024-02-22', '2024-03-24', '2024-03-24', '2024-04-07', 'B');

INSERT INTO TB_PROJECT(PROJECT_NO, PROJECT_SELLER, PROJECT_CATEGORY_NO, PROJECT_OVERVIEW, PROJECT_TITLE, PROJECT_CONTENT, PROJECT_TAG, PROJECT_PRICE, PROJECT_START, PROJECT_END, PROJECT_PAYMENT_BUYER, PROJECT_PAYMENT_SELLER, PROJECT_STATUS) 
VALUES(SEQ_PROJECT_NO.NEXTVAL, 2, 20, '세상 단 하나뿐인 마시는 푸딩', '푸딩을 마실 수 있다?', '국내 최초 마시는 푸딩을 개발하였습니다. 더 이상 떠 먹지 말고 마셔요', '#마시는 푸딩', 1000000, '2024-02-22', '2024-03-24', '2024-03-24', '2024-04-07', 'Y');

INSERT INTO TB_PROJECT(PROJECT_NO, PROJECT_SELLER, PROJECT_CATEGORY_NO, PROJECT_OVERVIEW, PROJECT_TITLE, PROJECT_CONTENT, PROJECT_TAG, PROJECT_PRICE, PROJECT_START, PROJECT_END, PROJECT_PAYMENT_BUYER, PROJECT_PAYMENT_SELLER, PROJECT_STATUS) 
VALUES(SEQ_PROJECT_NO.NEXTVAL, 3, 30, '추억의 비석치기', '돌덩이로 게임이 된다', '전통놀이인 비석치기, 더 이상 옛 놀이가 아니에요', '#비석치기', 2000000, '2024-02-22', '2024-03-24', '2024-03-24', '2024-04-07', 'Y');

INSERT INTO TB_PROJECT(PROJECT_NO, PROJECT_SELLER, PROJECT_CATEGORY_NO, PROJECT_OVERVIEW, PROJECT_TITLE, PROJECT_CONTENT, PROJECT_TAG, PROJECT_PRICE, PROJECT_START, PROJECT_END, PROJECT_PAYMENT_BUYER, PROJECT_PAYMENT_SELLER, PROJECT_STATUS) 
VALUES(SEQ_PROJECT_NO.NEXTVAL, 4, 140, '뒷모습은 사람이다', '찰랑찰랑 맹이 사진', '머릿결이 찰랑거리는 반려견 맹이의 단독 사진', '#귀여운 강아지', 3000000, '2024-02-22', '2024-03-24', '2024-03-24', '2024-04-07', 'Y');

INSERT INTO TB_PROJECT(PROJECT_NO, PROJECT_SELLER, PROJECT_CATEGORY_NO, PROJECT_OVERVIEW, PROJECT_TITLE, PROJECT_CONTENT, PROJECT_TAG, PROJECT_PRICE, PROJECT_START, PROJECT_END, PROJECT_PAYMENT_BUYER, PROJECT_PAYMENT_SELLER, PROJECT_STATUS) 
VALUES(SEQ_PROJECT_NO.NEXTVAL, 5, 50, '벌꿀 향수?', '여름대비 고급 향수', '무더운 여름을 날려줄 천연 향수', '#천연 향수', 4000000, '2024-02-22', '2024-03-24', '2024-03-24', '2024-04-07', 'Y');

INSERT INTO TB_PROJECT(PROJECT_NO, PROJECT_SELLER, PROJECT_CATEGORY_NO, PROJECT_OVERVIEW, PROJECT_TITLE, PROJECT_CONTENT, PROJECT_TAG, PROJECT_PRICE, PROJECT_START, PROJECT_END, PROJECT_PAYMENT_BUYER, PROJECT_PAYMENT_SELLER, PROJECT_STATUS) 
VALUES(SEQ_PROJECT_NO.NEXTVAL, 6, 60, '셜록홈즈', '셜록홈즈 일대기', '그가 살아온 인생이 궁금하다면?', '#셜록홈즈', 5000000, '2024-02-22', '2024-03-24', '2024-03-24', '2024-04-07', 'Y');

INSERT INTO TB_PROJECT(PROJECT_NO, PROJECT_SELLER, PROJECT_CATEGORY_NO, PROJECT_OVERVIEW, PROJECT_TITLE, PROJECT_CONTENT, PROJECT_TAG, PROJECT_PRICE, PROJECT_START, PROJECT_END, PROJECT_PAYMENT_BUYER, PROJECT_PAYMENT_SELLER, PROJECT_STATUS) 
VALUES(SEQ_PROJECT_NO.NEXTVAL, 7, 70, '추억의 이순신 게임', '7차 교육과정에도 실린 이순신 게임', '이순신을 모티브로 한 독창적이면서도 역사적인 배경의 게임에서 플레이어는 독도를 수호하는 이순신 장군의 역할을 맡게 됩니다.' || CHR(10) || CHR(10) ||  
'게임은 총 3개의 스테이지로 구성되며, 각 스테이지의 마지막에는 강력한 보스를 물리쳐야 합니다.' || CHR(10) || CHR(10) ||   
'이 게임은 역사와 전통을 사랑하는 마음을 담아 제작된 게임입니다. 플레이어는 이순신 장군의 영웅적인 모습을 체험하며 역사에 대한 이해도 높일 수 있을 것입니다. 많은 관심과 사랑 부탁드립니다!', '#이순신 게임', 6000000, '2024-02-22', '2024-03-24', '2024-03-24', '2024-04-07', 'Y');

INSERT INTO TB_PROJECT(PROJECT_NO, PROJECT_SELLER, PROJECT_CATEGORY_NO, PROJECT_OVERVIEW, PROJECT_TITLE, PROJECT_CONTENT, PROJECT_TAG, PROJECT_PRICE, PROJECT_START, PROJECT_END, PROJECT_PAYMENT_BUYER, PROJECT_PAYMENT_SELLER, PROJECT_STATUS) 
VALUES(SEQ_PROJECT_NO.NEXTVAL, 8, 20, '생원유로 만든 진짜 카이막' , '현재 그대로 진짜 카이막', '후처리 압축과정을 통한 더 진하고 깊은 맛', '#카이막', 500000, '2024-02-22', '2024-03-24', '2024-03-24', '2024-04-07', 'Y');

INSERT INTO TB_PROJECT(PROJECT_NO, PROJECT_SELLER, PROJECT_CATEGORY_NO, PROJECT_OVERVIEW, PROJECT_TITLE, PROJECT_CONTENT, PROJECT_TAG, PROJECT_PRICE, PROJECT_START, PROJECT_END, PROJECT_PAYMENT_BUYER, PROJECT_PAYMENT_SELLER, PROJECT_STATUS) 
VALUES(SEQ_PROJECT_NO.NEXTVAL, 9, 20, '젤라또처럼 진하고 꾸덕한 그릭요거트' , '젤라또인가 그릭요거트인가', '신맛은 줄이고, 단맛은 더욱 극대화 했습니다.', '#그릭요거트', 600000, '2024-02-22', '2024-03-24', '2024-03-24', '2024-04-07', 'Y');

INSERT INTO TB_PROJECT(PROJECT_NO, PROJECT_SELLER, PROJECT_CATEGORY_NO, PROJECT_OVERVIEW, PROJECT_TITLE, PROJECT_CONTENT, PROJECT_TAG, PROJECT_PRICE, PROJECT_START, PROJECT_END, PROJECT_PAYMENT_BUYER, PROJECT_PAYMENT_SELLER, PROJECT_STATUS) 
VALUES(SEQ_PROJECT_NO.NEXTVAL, 10, 20, '170시간 절구에 갈아 만든 썰어 먹는 초콜릿' , '170시간 절구갈아 만든 초콜릿', 'Bean to Bar 과정을 통해 만든', '#초콜릿', 700000, '2024-02-22', '2024-03-24', '2024-03-24', '2024-04-07', 'Y');

INSERT INTO TB_PROJECT(PROJECT_NO, PROJECT_SELLER, PROJECT_CATEGORY_NO, PROJECT_OVERVIEW, PROJECT_TITLE, PROJECT_CONTENT, PROJECT_TAG, PROJECT_PRICE, PROJECT_START, PROJECT_END, PROJECT_PAYMENT_BUYER, PROJECT_PAYMENT_SELLER, PROJECT_STATUS) 
VALUES(SEQ_PROJECT_NO.NEXTVAL, 2, 20, '화이트데이 쿠키 박스' , '화이트데이 쿠키 박스', '버터와 초콜렛으로 펼칠 수 있는 사랑스러운 쿠키박스', '#쿠키', 800000, '2024-02-22', '2024-03-24', '2024-03-24', '2024-04-07', 'Y');

INSERT INTO TB_PROJECT(PROJECT_NO, PROJECT_SELLER, PROJECT_CATEGORY_NO, PROJECT_OVERVIEW, PROJECT_TITLE, PROJECT_CONTENT, PROJECT_TAG, PROJECT_PRICE, PROJECT_START, PROJECT_END, PROJECT_PAYMENT_BUYER, PROJECT_PAYMENT_SELLER, PROJECT_STATUS) 
VALUES(SEQ_PROJECT_NO.NEXTVAL, 3, 20, '맛과 영양 가득 천연벌꿀' , '천연벌꿀, 감귤꽃꿀', '각종 비타민과 천연 당분이 풍부합니다.', '#천연벌꿀', 100000, '2024-02-23', '2024-03-25', '2024-03-25', '2024-04-08', 'Y');

INSERT INTO TB_PROJECT(PROJECT_NO, PROJECT_SELLER, PROJECT_CATEGORY_NO, PROJECT_OVERVIEW, PROJECT_TITLE, PROJECT_CONTENT, PROJECT_TAG, PROJECT_PRICE, PROJECT_START, PROJECT_END, PROJECT_PAYMENT_BUYER, PROJECT_PAYMENT_SELLER, PROJECT_STATUS) 
VALUES(SEQ_PROJECT_NO.NEXTVAL, 4, 40, '푹신푹신 햄스터 키링' , '푹햄이들 인형키링', '푹신푹신 햄스터란 이름답게 곁에두고 만지작 만지작 힘들 때 마다 만질 수 있으면 조금 더 힘이 나시지 않을까? 라는 저의 생각으로 푹햄이들 키링을 만들게 되었어요'  || CHR(10) || CHR(10) ||
'정수리에 삐죽 튀어나온 앙증맞은 귀, 쪼그만 손가락 그리고 뒤에 달린 작고 귀여운 꼬리 오늘도 푹신푹신 귀여운 하루 되세요 햄내 ^-^!', '#인형 키링', 800000, '2024-02-23', '2024-03-25', '2024-03-25', '2024-04-08', 'Y');

INSERT INTO TB_PROJECT(PROJECT_NO, PROJECT_SELLER, PROJECT_CATEGORY_NO, PROJECT_OVERVIEW, PROJECT_TITLE, PROJECT_CONTENT, PROJECT_TAG, PROJECT_PRICE, PROJECT_START, PROJECT_END, PROJECT_PAYMENT_BUYER, PROJECT_PAYMENT_SELLER, PROJECT_STATUS) 
VALUES(SEQ_PROJECT_NO.NEXTVAL, 5, 40, '말랑쫀득 펭귄인형' , '말랑쫀득 펭귄인형', '일상에서 함께 하는 말랑쫀득 펭귄인형', '#캐릭터 인형', 700000, '2024-02-23', '2024-03-25', '2024-03-25', '2024-04-08', 'Y');

INSERT INTO TB_PROJECT(PROJECT_NO, PROJECT_SELLER, PROJECT_CATEGORY_NO, PROJECT_OVERVIEW, PROJECT_TITLE, PROJECT_CONTENT, PROJECT_TAG, PROJECT_PRICE, PROJECT_START, PROJECT_END, PROJECT_PAYMENT_BUYER, PROJECT_PAYMENT_SELLER, PROJECT_STATUS) 
VALUES(SEQ_PROJECT_NO.NEXTVAL, 6, 50, '눈으로 볼 수 없는 살냄새' , '매력의 향기 코튼 스노우', '깔끔하고, 군더더기 없는 깨끗한 향기', '#코튼향', 600000, '2024-02-23', '2024-03-25', '2024-03-25', '2024-04-08', 'Y');

INSERT INTO TB_PROJECT(PROJECT_NO, PROJECT_SELLER, PROJECT_CATEGORY_NO, PROJECT_OVERVIEW, PROJECT_TITLE, PROJECT_CONTENT, PROJECT_TAG, PROJECT_PRICE, PROJECT_START, PROJECT_END, PROJECT_PAYMENT_BUYER, PROJECT_PAYMENT_SELLER, PROJECT_STATUS) 
VALUES(SEQ_PROJECT_NO.NEXTVAL, 7, 50, '일상 속에서 보내는 매일의 일과에 맡는 한 냄새' , '궁금한 냄새, 너', '파우더리한 따듯하고 부드러운 느낌의 향', '#파우더리향', 400000, '2024-02-23', '2024-03-25', '2024-03-25', '2024-04-08', 'Y');

INSERT INTO TB_PROJECT(PROJECT_NO, PROJECT_SELLER, PROJECT_CATEGORY_NO, PROJECT_OVERVIEW, PROJECT_TITLE, PROJECT_CONTENT, PROJECT_TAG, PROJECT_PRICE, PROJECT_START, PROJECT_END, PROJECT_PAYMENT_BUYER, PROJECT_PAYMENT_SELLER, PROJECT_STATUS) 
VALUES(SEQ_PROJECT_NO.NEXTVAL, 8, 50, '로맨스 판타지 세계의 향' , '향수를 뿌리고 일어나니 내가 황녀?', '잊혀진 비밀스러운 기억이 떠오르는 향기', '#플라워향', 300000, '2024-02-23', '2024-03-25', '2024-03-25', '2024-04-08', 'Y');

INSERT INTO TB_PROJECT(PROJECT_NO, PROJECT_SELLER, PROJECT_CATEGORY_NO, PROJECT_OVERVIEW, PROJECT_TITLE, PROJECT_CONTENT, PROJECT_TAG, PROJECT_PRICE, PROJECT_START, PROJECT_END, PROJECT_PAYMENT_BUYER, PROJECT_PAYMENT_SELLER, PROJECT_STATUS) 
VALUES(SEQ_PROJECT_NO.NEXTVAL, 9, 50, '아이스크림 이제 먹지말고 뿌리자' , '화제의 아이스크림 향수', '맛뿐 아니라 향으로도 즐기는 바닐라 향수', '#바닐라향', 500000, '2024-02-23', '2024-03-25', '2024-03-25', '2024-04-08', 'Y');

INSERT INTO TB_PROJECT(PROJECT_NO, PROJECT_SELLER, PROJECT_CATEGORY_NO, PROJECT_OVERVIEW, PROJECT_TITLE, PROJECT_CONTENT, PROJECT_TAG, PROJECT_PRICE, PROJECT_START, PROJECT_END, PROJECT_PAYMENT_BUYER, PROJECT_PAYMENT_SELLER, PROJECT_STATUS) 
VALUES(SEQ_PROJECT_NO.NEXTVAL, 10, 50, '달콤하게 퍼지는 고당도 포도향 향수' , '달콤한 한도초과! 향기로 즐겨요', '샤인머스켓을 그래도 농축시킨것 같은 달콤한 향기', '#프루티향', 600000, '2024-02-23', '2024-03-25', '2024-03-25', '2024-04-08', 'Y');

INSERT INTO TB_PROJECT(PROJECT_NO, PROJECT_SELLER, PROJECT_CATEGORY_NO, PROJECT_OVERVIEW, PROJECT_TITLE, PROJECT_CONTENT, PROJECT_TAG, PROJECT_PRICE, PROJECT_START, PROJECT_END, PROJECT_PAYMENT_BUYER, PROJECT_PAYMENT_SELLER, PROJECT_STATUS) 
VALUES(SEQ_PROJECT_NO.NEXTVAL, 2, 50, '새하얀 백도를 갈아넣은듯한 향기' , '한입 베어물때 그 향기, 백도 아삭', '인위적이지 않은 자연스럽게 달콤한 냄새', '#프루티향', 300000, '2024-02-23', '2024-03-25', '2024-03-25', '2024-04-08', 'Y');

INSERT INTO TB_PROJECT(PROJECT_NO, PROJECT_SELLER, PROJECT_CATEGORY_NO, PROJECT_OVERVIEW, PROJECT_TITLE, PROJECT_CONTENT, PROJECT_TAG, PROJECT_PRICE, PROJECT_START, PROJECT_END, PROJECT_PAYMENT_BUYER, PROJECT_PAYMENT_SELLER, PROJECT_STATUS) 
VALUES(SEQ_PROJECT_NO.NEXTVAL, 3, 70, '털빠짐 없는 고양이 키우기' , '랜선집사가 되어보자 <야옹홈>', '현실에서 고양이를 못 키우는분들을 위한', '#고양이육성', 600000, '2024-02-23', '2024-03-25', '2024-03-25', '2024-04-08', 'Y');

INSERT INTO TB_PROJECT(PROJECT_NO, PROJECT_SELLER, PROJECT_CATEGORY_NO, PROJECT_OVERVIEW, PROJECT_TITLE, PROJECT_CONTENT, PROJECT_TAG, PROJECT_PRICE, PROJECT_START, PROJECT_END, PROJECT_PAYMENT_BUYER, PROJECT_PAYMENT_SELLER, PROJECT_STATUS) 
VALUES(SEQ_PROJECT_NO.NEXTVAL, 4, 70, '마법 레시피를 찾아 강아지 친구와 요리하는 게임' , '강아지와 비밀레시피', '할아버지의 편지를 받고 도착한 이곳은?', '#요리게임', 500000, '2024-02-24', '2024-03-26', '2024-03-26', '2024-04-09', 'Y');

INSERT INTO TB_PROJECT(PROJECT_NO, PROJECT_SELLER, PROJECT_CATEGORY_NO, PROJECT_OVERVIEW, PROJECT_TITLE, PROJECT_CONTENT, PROJECT_TAG, PROJECT_PRICE, PROJECT_START, PROJECT_END, PROJECT_PAYMENT_BUYER, PROJECT_PAYMENT_SELLER, PROJECT_STATUS) 
VALUES(SEQ_PROJECT_NO.NEXTVAL, 5, 70, 'AI애인의 호감도를 올려 공략해보자' , '당신을 설레게 할 AI 애인', '호감도를 올려 목표를 달성해보자!', '#AI', 800000, '2024-02-24', '2024-03-26', '2024-03-26', '2024-04-09', 'Y');

INSERT INTO TB_PROJECT(PROJECT_NO, PROJECT_SELLER, PROJECT_CATEGORY_NO, PROJECT_OVERVIEW, PROJECT_TITLE, PROJECT_CONTENT, PROJECT_TAG, PROJECT_PRICE, PROJECT_START, PROJECT_END, PROJECT_PAYMENT_BUYER, PROJECT_PAYMENT_SELLER, PROJECT_STATUS) 
VALUES(SEQ_PROJECT_NO.NEXTVAL, 6, 70, '어디서든 즐기는 엑셀 방탈출게임' , '첫번째 에피소드 <악몽>', '사무용으로 쓰이는 엑셀 프로그램을 이용한 방탈출게임', '#엑셀방탈출', 300000, '2024-02-24', '2024-03-26', '2024-03-26', '2024-04-09', 'Y');

INSERT INTO TB_PROJECT(PROJECT_NO, PROJECT_SELLER, PROJECT_CATEGORY_NO, PROJECT_OVERVIEW, PROJECT_TITLE, PROJECT_CONTENT, PROJECT_TAG, PROJECT_PRICE, PROJECT_START, PROJECT_END, PROJECT_PAYMENT_BUYER, PROJECT_PAYMENT_SELLER, PROJECT_STATUS) 
VALUES(SEQ_PROJECT_NO.NEXTVAL, 7, 70, '카톡만 있으면 할 수 있는 방탈출게임' , '카톡 두근두근 로맨스', '카톡 챗봇 기술을 활용한 연애 시뮬레이션 게임', '#카톡게임', 500000, '2024-02-24', '2024-03-26', '2024-03-26', '2024-04-09', 'Y');

INSERT INTO TB_PROJECT(PROJECT_NO, PROJECT_SELLER, PROJECT_CATEGORY_NO, PROJECT_OVERVIEW, PROJECT_TITLE, PROJECT_CONTENT, PROJECT_TAG, PROJECT_PRICE, PROJECT_START, PROJECT_END, PROJECT_PAYMENT_BUYER, PROJECT_PAYMENT_SELLER, PROJECT_STATUS) 
VALUES(SEQ_PROJECT_NO.NEXTVAL, 8, 80, '모든 연령대가 함께 입을 수 있는 추리닝' , '남녀노소를 위한 배색 집업 추리닝', '다가올 봄을 위한 편하고 예쁜 추리닝', '#추리닝', 400000, '2024-02-24', '2024-03-26', '2024-03-26', '2024-04-09', 'Y');

INSERT INTO TB_PROJECT(PROJECT_NO, PROJECT_SELLER, PROJECT_CATEGORY_NO, PROJECT_OVERVIEW, PROJECT_TITLE, PROJECT_CONTENT, PROJECT_TAG, PROJECT_PRICE, PROJECT_START, PROJECT_END, PROJECT_PAYMENT_BUYER, PROJECT_PAYMENT_SELLER, PROJECT_STATUS) 
VALUES(SEQ_PROJECT_NO.NEXTVAL, 9, 80, '고수 조아 클럽의 티셔츠' , '고수 티셔츠와 함께하는 맛있는 여행', '고수를 좋아하는 그대, 여행지에서 이 옷을 보여주세요', '#고수좋아', 700000, '2024-02-24', '2024-03-26', '2024-03-26', '2024-04-09', 'Y');

INSERT INTO TB_PROJECT(PROJECT_NO, PROJECT_SELLER, PROJECT_CATEGORY_NO, PROJECT_OVERVIEW, PROJECT_TITLE, PROJECT_CONTENT, PROJECT_TAG, PROJECT_PRICE, PROJECT_START, PROJECT_END, PROJECT_PAYMENT_BUYER, PROJECT_PAYMENT_SELLER, PROJECT_STATUS) 
VALUES(SEQ_PROJECT_NO.NEXTVAL, 10, 80, '구멍나는 팬티는 이제 그만 질긴팬티' , '도깨비빤스', '찢어질 걱정 없는 팬티', '#도깨비', 700000, '2024-02-24', '2024-03-26', '2024-03-26', '2024-04-09', 'Y');

INSERT INTO TB_PROJECT(PROJECT_NO, PROJECT_SELLER, PROJECT_CATEGORY_NO, PROJECT_OVERVIEW, PROJECT_TITLE, PROJECT_CONTENT, PROJECT_TAG, PROJECT_PRICE, PROJECT_START, PROJECT_END, PROJECT_PAYMENT_BUYER, PROJECT_PAYMENT_SELLER, PROJECT_STATUS) 
VALUES(SEQ_PROJECT_NO.NEXTVAL, 2, 80, '속옷같지 않은 트렁크 팬티' , '속옷같지 않은 속옷, 트렁크 팬티', '자취방에서 하의는 편히 트렁크 팬티만 입어도 되게', '#언더웨어', 400000, '2024-02-24', '2024-03-26', '2024-03-26', '2024-04-09', 'Y');

INSERT INTO TB_PROJECT(PROJECT_NO, PROJECT_SELLER, PROJECT_CATEGORY_NO, PROJECT_OVERVIEW, PROJECT_TITLE, PROJECT_CONTENT, PROJECT_TAG, PROJECT_PRICE, PROJECT_START, PROJECT_END, PROJECT_PAYMENT_BUYER, PROJECT_PAYMENT_SELLER, PROJECT_STATUS) 
VALUES(SEQ_PROJECT_NO.NEXTVAL, 3, 80, '전세계 생산량 5% 명품울 캐시미어 코트' , '캐시미어 맥코트', '올 겨울에도 이 코트 하나면 끝', '#캐시미어', 900000, '2024-02-24', '2024-03-26', '2024-03-26', '2024-04-09', 'Y');

INSERT INTO TB_PROJECT(PROJECT_NO, PROJECT_SELLER, PROJECT_CATEGORY_NO, PROJECT_OVERVIEW, PROJECT_TITLE, PROJECT_CONTENT, PROJECT_TAG, PROJECT_PRICE, PROJECT_START, PROJECT_END, PROJECT_PAYMENT_BUYER, PROJECT_PAYMENT_SELLER, PROJECT_STATUS) 
VALUES(SEQ_PROJECT_NO.NEXTVAL, 4, 80, '겨울 싫은 사람들 모여라 윈터 헤이트 클럽' , '윈헤클 티셔츠', '누구나 마음 한켠에 겨울을 싫어하는 마음을 안고 살죠', '#겨울싫어', 300000, '2024-02-24', '2024-03-26', '2024-03-26', '2024-04-09', 'Y');

INSERT INTO TB_PROJECT(PROJECT_NO, PROJECT_SELLER, PROJECT_CATEGORY_NO, PROJECT_OVERVIEW, PROJECT_TITLE, PROJECT_CONTENT, PROJECT_TAG, PROJECT_PRICE, PROJECT_START, PROJECT_END, PROJECT_PAYMENT_BUYER, PROJECT_PAYMENT_SELLER, PROJECT_STATUS) 
VALUES(SEQ_PROJECT_NO.NEXTVAL, 5, 90, '소작인으로 시작해 대지주까지' , '사표내고 이계에서 농사짓습니다 1~2권', '소작인으로 시작해 대지주까지 즐기는 힐링 라이프', '#농사', 500000, '2024-02-25', '2024-03-27', '2024-03-27', '2024-04-10', 'Y');

INSERT INTO TB_PROJECT(PROJECT_NO, PROJECT_SELLER, PROJECT_CATEGORY_NO, PROJECT_OVERVIEW, PROJECT_TITLE, PROJECT_CONTENT, PROJECT_TAG, PROJECT_PRICE, PROJECT_START, PROJECT_END, PROJECT_PAYMENT_BUYER, PROJECT_PAYMENT_SELLER, PROJECT_STATUS) 
VALUES(SEQ_PROJECT_NO.NEXTVAL, 6, 90, '인기 웹툰 <여주의 첫날밤을 가져버렸다> 단행본' , '여주의 첫날밤을 가져버렸다> 단행본', '본편 완결까지 담은 단행본 4~6권', '#로맨스판타지', 800000, '2024-02-25', '2024-03-27', '2024-03-27', '2024-04-10', 'Y');

INSERT INTO TB_PROJECT(PROJECT_NO, PROJECT_SELLER, PROJECT_CATEGORY_NO, PROJECT_OVERVIEW, PROJECT_TITLE, PROJECT_CONTENT, PROJECT_TAG, PROJECT_PRICE, PROJECT_START, PROJECT_END, PROJECT_PAYMENT_BUYER, PROJECT_PAYMENT_SELLER, PROJECT_STATUS) 
VALUES(SEQ_PROJECT_NO.NEXTVAL, 7, 90, '서유럽 신화를 만화로 배워보자' , '판타지 근본, 본격 서유럽 신화 만화 1권', '드디어 제대로 된 근본 서유럽 신화 만화 등장', '#신화', 300000, '2024-02-25', '2024-03-27', '2024-03-27', '2024-04-10', 'Y');

INSERT INTO TB_PROJECT(PROJECT_NO, PROJECT_SELLER, PROJECT_CATEGORY_NO, PROJECT_OVERVIEW, PROJECT_TITLE, PROJECT_CONTENT, PROJECT_TAG, PROJECT_PRICE, PROJECT_START, PROJECT_END, PROJECT_PAYMENT_BUYER, PROJECT_PAYMENT_SELLER, PROJECT_STATUS) 
VALUES(SEQ_PROJECT_NO.NEXTVAL, 8, 90, '20세기를 살아가는 x세대의 고군분투 생존기' , '람자 이야기', '람자의 고군분투 생존기를 그린 에세이', '#에세이', 100000, '2024-02-25', '2024-03-27', '2024-03-27', '2024-04-10', 'Y');

INSERT INTO TB_PROJECT(PROJECT_NO, PROJECT_SELLER, PROJECT_CATEGORY_NO, PROJECT_OVERVIEW, PROJECT_TITLE, PROJECT_CONTENT, PROJECT_TAG, PROJECT_PRICE, PROJECT_START, PROJECT_END, PROJECT_PAYMENT_BUYER, PROJECT_PAYMENT_SELLER, PROJECT_STATUS) 
VALUES(SEQ_PROJECT_NO.NEXTVAL, 9, 90, '인스타툰 모음 <엔프피 설명서>' , '속을 알기 쉬운 <엔프피 설명서>', '속을 알기 쉬운 ENFP 진짜를 말하다', '#MBTI', 400000, '2024-02-25', '2024-03-27', '2024-03-27', '2024-04-10', 'Y');

INSERT INTO TB_PROJECT(PROJECT_NO, PROJECT_SELLER, PROJECT_CATEGORY_NO, PROJECT_OVERVIEW, PROJECT_TITLE, PROJECT_CONTENT, PROJECT_TAG, PROJECT_PRICE, PROJECT_START, PROJECT_END, PROJECT_PAYMENT_BUYER, PROJECT_PAYMENT_SELLER, PROJECT_STATUS) 
VALUES(SEQ_PROJECT_NO.NEXTVAL, 10, 90, '첫째 쭈구리가 기록하는 일상/가족툰' , '첫째 모여! <쭈굴쭈굴 가족일기>', '이런분께 추천드려요! 첫째이신 분', '#일상툰', 200000, '2024-02-25', '2024-03-27', '2024-03-27', '2024-04-10', 'Y');

INSERT INTO TB_PROJECT(PROJECT_NO, PROJECT_SELLER, PROJECT_CATEGORY_NO, PROJECT_OVERVIEW, PROJECT_TITLE, PROJECT_CONTENT, PROJECT_TAG, PROJECT_PRICE, PROJECT_START, PROJECT_END, PROJECT_PAYMENT_BUYER, PROJECT_PAYMENT_SELLER, PROJECT_STATUS) 
VALUES(SEQ_PROJECT_NO.NEXTVAL, 2, 90, '여섯 마법소년들이 펼치는 짜릿한 액션활극' , '마법소년 저세계아이돌 굿즈', '마세돌 단행본, 특별 화보집 및 굿즈', '#마세돌', 900000, '2024-02-25', '2024-03-27', '2024-03-27', '2024-04-10', 'Y');

INSERT INTO TB_PROJECT(PROJECT_NO, PROJECT_SELLER, PROJECT_CATEGORY_NO, PROJECT_OVERVIEW, PROJECT_TITLE, PROJECT_CONTENT, PROJECT_TAG, PROJECT_PRICE, PROJECT_START, PROJECT_END, PROJECT_PAYMENT_BUYER, PROJECT_PAYMENT_SELLER, PROJECT_STATUS) 
VALUES(SEQ_PROJECT_NO.NEXTVAL, 3, 100, '편리하고, 안전하게 전동 눈썹 정리기' , '위잉위잉 프리미엄 눈썹 정리기', '칼날, 색상, 배터리 업그레이드', '#눈썹정리', 300000, '2024-02-25', '2024-03-27', '2024-03-27', '2024-04-10', 'Y');

INSERT INTO TB_PROJECT(PROJECT_NO, PROJECT_SELLER, PROJECT_CATEGORY_NO, PROJECT_OVERVIEW, PROJECT_TITLE, PROJECT_CONTENT, PROJECT_TAG, PROJECT_PRICE, PROJECT_START, PROJECT_END, PROJECT_PAYMENT_BUYER, PROJECT_PAYMENT_SELLER, PROJECT_STATUS) 
VALUES(SEQ_PROJECT_NO.NEXTVAL, 4, 100, '따뜻함과 귀여움을 동시에' , '치즈 고양이 인형 보조배터리', '귀엽고 실용성도 높은 제품', '#보조배터리', 300000, '2024-02-25', '2024-03-27', '2024-03-27', '2024-04-10', 'Y');

INSERT INTO TB_PROJECT(PROJECT_NO, PROJECT_SELLER, PROJECT_CATEGORY_NO, PROJECT_OVERVIEW, PROJECT_TITLE, PROJECT_CONTENT, PROJECT_TAG, PROJECT_PRICE, PROJECT_START, PROJECT_END, PROJECT_PAYMENT_BUYER, PROJECT_PAYMENT_SELLER, PROJECT_STATUS) 
VALUES(SEQ_PROJECT_NO.NEXTVAL, 5, 100, '트렌디한 기능으로 꽉찬 똑똑한 가습기' , '물멍 할 수 있는 무중력 가습기', '건강을 위해 깨끗한 방식의 가습기를 만들었습니다.', '#가습기', 600000, '2024-02-25', '2024-03-27', '2024-03-27', '2024-04-10', 'Y');

INSERT INTO TB_PROJECT(PROJECT_NO, PROJECT_SELLER, PROJECT_CATEGORY_NO, PROJECT_OVERVIEW, PROJECT_TITLE, PROJECT_CONTENT, PROJECT_TAG, PROJECT_PRICE, PROJECT_START, PROJECT_END, PROJECT_PAYMENT_BUYER, PROJECT_PAYMENT_SELLER, PROJECT_STATUS) 
VALUES(SEQ_PROJECT_NO.NEXTVAL, 6, 100, 'UV-C로 강력한 살균' , '늘 새것처럼 깨끗하게 칫솔 살균기', '건조, 살균 전부 가능한 칫솔 살균기', '#칫솔살균기', 300000, '2024-02-26', '2024-03-28', '2024-03-28', '2024-04-11', 'Y');

INSERT INTO TB_PROJECT(PROJECT_NO, PROJECT_SELLER, PROJECT_CATEGORY_NO, PROJECT_OVERVIEW, PROJECT_TITLE, PROJECT_CONTENT, PROJECT_TAG, PROJECT_PRICE, PROJECT_START, PROJECT_END, PROJECT_PAYMENT_BUYER, PROJECT_PAYMENT_SELLER, PROJECT_STATUS) 
VALUES(SEQ_PROJECT_NO.NEXTVAL, 7, 100, '티 나지 않는 사원증 녹음기' , '직장인 필수템 사원증 녹음기', '근무중 위협으로 인한 최소한의 방어수단', '#녹음기', 600000, '2024-02-26', '2024-03-28', '2024-03-28', '2024-04-11', 'Y');

INSERT INTO TB_PROJECT(PROJECT_NO, PROJECT_SELLER, PROJECT_CATEGORY_NO, PROJECT_OVERVIEW, PROJECT_TITLE, PROJECT_CONTENT, PROJECT_TAG, PROJECT_PRICE, PROJECT_START, PROJECT_END, PROJECT_PAYMENT_BUYER, PROJECT_PAYMENT_SELLER, PROJECT_STATUS) 
VALUES(SEQ_PROJECT_NO.NEXTVAL, 8, 100, '언제나 깨끗한 고양이 화장실' , '모두를 위한 고양이 자동 화장실', '용변을 본 후 10분 뒤 자동으로 청소', '#자동 화장실', 900000, '2024-02-26', '2024-03-28', '2024-03-28', '2024-04-11', 'Y');

INSERT INTO TB_PROJECT(PROJECT_NO, PROJECT_SELLER, PROJECT_CATEGORY_NO, PROJECT_OVERVIEW, PROJECT_TITLE, PROJECT_CONTENT, PROJECT_TAG, PROJECT_PRICE, PROJECT_START, PROJECT_END, PROJECT_PAYMENT_BUYER, PROJECT_PAYMENT_SELLER, PROJECT_STATUS) 
VALUES(SEQ_PROJECT_NO.NEXTVAL, 9, 110, '손목 아픈 사람들을 위한 테이핑 손목보호대' , '손목 조진놈이 만든 테이핑 보호대', '건초염으로 고생하는 분들은 우한 손목 보호대', '#손목 보호대', 500000, '2024-02-26', '2024-03-28', '2024-03-28', '2024-04-11', 'Y');

INSERT INTO TB_PROJECT(PROJECT_NO, PROJECT_SELLER, PROJECT_CATEGORY_NO, PROJECT_OVERVIEW, PROJECT_TITLE, PROJECT_CONTENT, PROJECT_TAG, PROJECT_PRICE, PROJECT_START, PROJECT_END, PROJECT_PAYMENT_BUYER, PROJECT_PAYMENT_SELLER, PROJECT_STATUS) 
VALUES(SEQ_PROJECT_NO.NEXTVAL, 10, 110, '실력 상관 없이 수영에 미친 분들을 위한 수모' , '수영장 패셔니스타 가능한 수모', '밀착력 좋고 귀여운 수친놈 수모', '#압축파우치', 500000, '2024-02-26', '2024-03-28', '2024-03-28', '2024-04-11', 'Y');

INSERT INTO TB_PROJECT(PROJECT_NO, PROJECT_SELLER, PROJECT_CATEGORY_NO, PROJECT_OVERVIEW, PROJECT_TITLE, PROJECT_CONTENT, PROJECT_TAG, PROJECT_PRICE, PROJECT_START, PROJECT_END, PROJECT_PAYMENT_BUYER, PROJECT_PAYMENT_SELLER, PROJECT_STATUS) 
VALUES(SEQ_PROJECT_NO.NEXTVAL, 2, 120, '항상 변하는 여러가지 모양의 구름' , '시시각각 변하는 구름의 모양', '찰나의 순간들을 엮은 사진 엽서북', '#구름사진', 800000, '2024-02-26', '2024-03-28', '2024-03-28', '2024-04-11', 'Y');

INSERT INTO TB_PROJECT(PROJECT_NO, PROJECT_SELLER, PROJECT_CATEGORY_NO, PROJECT_OVERVIEW, PROJECT_TITLE, PROJECT_CONTENT, PROJECT_TAG, PROJECT_PRICE, PROJECT_START, PROJECT_END, PROJECT_PAYMENT_BUYER, PROJECT_PAYMENT_SELLER, PROJECT_STATUS) 
VALUES(SEQ_PROJECT_NO.NEXTVAL, 3, 120, '치앙마이 풍경을 담은 엽서북과 스티커' , '꽃, 치앙마이 엽서북', '10가지 꽃과 여행을 주제로 묶은 20종의 엽서북', '#꽃', 400000, '2024-02-26', '2024-03-28', '2024-03-28', '2024-04-11', 'Y');

INSERT INTO TB_PROJECT(PROJECT_NO, PROJECT_SELLER, PROJECT_CATEGORY_NO, PROJECT_OVERVIEW, PROJECT_TITLE, PROJECT_CONTENT, PROJECT_TAG, PROJECT_PRICE, PROJECT_START, PROJECT_END, PROJECT_PAYMENT_BUYER, PROJECT_PAYMENT_SELLER, PROJECT_STATUS) 
VALUES(SEQ_PROJECT_NO.NEXTVAL, 4, 120, '치즈색 고양이 엽서책' , '하나, 둘, 셋, 치즈', '라미와 동락이의 일상을 담은 엽서책', '#고양이 엽서', 600000, '2024-02-26', '2024-03-28', '2024-03-28', '2024-04-11', 'Y');

INSERT INTO TB_PROJECT(PROJECT_NO, PROJECT_SELLER, PROJECT_CATEGORY_NO, PROJECT_OVERVIEW, PROJECT_TITLE, PROJECT_CONTENT, PROJECT_TAG, PROJECT_PRICE, PROJECT_START, PROJECT_END, PROJECT_PAYMENT_BUYER, PROJECT_PAYMENT_SELLER, PROJECT_STATUS) 
VALUES(SEQ_PROJECT_NO.NEXTVAL, 5, 120, '감성사진 색감 필터' , '쇼핑몰 사원이 만든 사진필터', '비싼 유료필터, 라이트룸 강좌 필요 없는 사진 필터', '#사진필터', 200000, '2024-02-26', '2024-03-28', '2024-03-28', '2024-04-11', 'Y');

INSERT INTO TB_PROJECT(PROJECT_NO, PROJECT_SELLER, PROJECT_CATEGORY_NO, PROJECT_OVERVIEW, PROJECT_TITLE, PROJECT_CONTENT, PROJECT_TAG, PROJECT_PRICE, PROJECT_START, PROJECT_END, PROJECT_PAYMENT_BUYER, PROJECT_PAYMENT_SELLER, PROJECT_STATUS) 
VALUES(SEQ_PROJECT_NO.NEXTVAL, 6, 120, '10년간 여행 다니며 담은 나무 사진들' , '나무 같은 사람, 나무여행 사진집', '여행 다닐때 느낌 그대로 사진에 담았습니다', '#나무', 400000, '2024-02-26', '2024-03-28', '2024-03-28', '2024-04-11', 'Y');

INSERT INTO TB_PROJECT(PROJECT_NO, PROJECT_SELLER, PROJECT_CATEGORY_NO, PROJECT_OVERVIEW, PROJECT_TITLE, PROJECT_CONTENT, PROJECT_TAG, PROJECT_PRICE, PROJECT_START, PROJECT_END, PROJECT_PAYMENT_BUYER, PROJECT_PAYMENT_SELLER, PROJECT_STATUS) 
VALUES(SEQ_PROJECT_NO.NEXTVAL, 7, 120, '제주도 바다 패브릭 포스터' , '제주도를 추억하는 방식 패브릭 포스터', '육지에서는 느끼지 못한 감성들을 담아봤습니다.', '#제주바다', 300000, '2024-02-27', '2024-03-29', '2024-03-29', '2024-04-12', 'Y');

INSERT INTO TB_PROJECT(PROJECT_NO, PROJECT_SELLER, PROJECT_CATEGORY_NO, PROJECT_OVERVIEW, PROJECT_TITLE, PROJECT_CONTENT, PROJECT_TAG, PROJECT_PRICE, PROJECT_START, PROJECT_END, PROJECT_PAYMENT_BUYER, PROJECT_PAYMENT_SELLER, PROJECT_STATUS) 
VALUES(SEQ_PROJECT_NO.NEXTVAL, 8, 120, '유럽 여행하며 찍은 엽서북' , '여행 중 만난 지평선 연결 엽서북', '사진밖으로 연결되는 세계 각지의 순간을 함께', '#지평선' , 800000, '2024-02-27', '2024-03-29', '2024-03-29', '2024-04-12', 'Y');

INSERT INTO TB_PROJECT(PROJECT_NO, PROJECT_SELLER, PROJECT_CATEGORY_NO, PROJECT_OVERVIEW, PROJECT_TITLE, PROJECT_CONTENT, PROJECT_TAG, PROJECT_PRICE, PROJECT_START, PROJECT_END, PROJECT_PAYMENT_BUYER, PROJECT_PAYMENT_SELLER, PROJECT_STATUS) 
VALUES(SEQ_PROJECT_NO.NEXTVAL, 9, 120, '야생화 엽서북' , '야생화 엽서북', '엽서에 이름, 학명, 문장을 적어서 어디 풍경인지 알 수 있어요', '#꽃', 300000, '2024-02-27', '2024-03-29', '2024-03-29', '2024-04-12', 'Y');

INSERT INTO TB_PROJECT(PROJECT_NO, PROJECT_SELLER, PROJECT_CATEGORY_NO, PROJECT_OVERVIEW, PROJECT_TITLE, PROJECT_CONTENT, PROJECT_TAG, PROJECT_PRICE, PROJECT_START, PROJECT_END, PROJECT_PAYMENT_BUYER, PROJECT_PAYMENT_SELLER, PROJECT_STATUS) 
VALUES(SEQ_PROJECT_NO.NEXTVAL, 10, 120, '엽서보다 더 물 같은 문진' , '물의 순간, 아카이브 오브 워터', '종이를 누르는 용도 또는 공간을 꾸미는 오브제로 활용 가능', '#문진', 700000, '2024-02-27', '2024-03-29', '2024-03-29', '2024-04-12', 'Y');

INSERT INTO TB_PROJECT(PROJECT_NO, PROJECT_SELLER, PROJECT_CATEGORY_NO, PROJECT_OVERVIEW, PROJECT_TITLE, PROJECT_CONTENT, PROJECT_TAG, PROJECT_PRICE, PROJECT_START, PROJECT_END, PROJECT_PAYMENT_BUYER, PROJECT_PAYMENT_SELLER, PROJECT_STATUS) 
VALUES(SEQ_PROJECT_NO.NEXTVAL, 14, 120, '25 똥괭이네 굿즈' , '25 똥괭이네 포스터북 2종', '아이들의 귀염뽀짝한 사진으로 엽서북을 제작', '#똥괭이네', 500000, '2024-02-27', '2024-03-29', '2024-03-29', '2024-04-12', 'Y');

INSERT INTO TB_PROJECT(PROJECT_NO, PROJECT_SELLER, PROJECT_CATEGORY_NO, PROJECT_OVERVIEW, PROJECT_TITLE, PROJECT_CONTENT, PROJECT_TAG, PROJECT_PRICE, PROJECT_START, PROJECT_END, PROJECT_PAYMENT_BUYER, PROJECT_PAYMENT_SELLER, PROJECT_STATUS) 
VALUES(SEQ_PROJECT_NO.NEXTVAL, 15, 120, '펀딩 100% 달성마다 필름자판기 설치 장소 추가' , '전국 필름 자판기 설치', '디지털 세대가 필름에 관심을 갖게 해주는 역할', '#필름 자판기', 900000, '2024-02-27', '2024-03-29', '2024-03-29', '2024-04-12', 'Y');

INSERT INTO TB_PROJECT(PROJECT_NO, PROJECT_SELLER, PROJECT_CATEGORY_NO, PROJECT_OVERVIEW, PROJECT_TITLE, PROJECT_CONTENT, PROJECT_TAG, PROJECT_PRICE, PROJECT_START, PROJECT_END, PROJECT_PAYMENT_BUYER, PROJECT_PAYMENT_SELLER, PROJECT_STATUS) 
VALUES(SEQ_PROJECT_NO.NEXTVAL, 11, 120, '세 작가의 작은 전시회' , '세 작가의 작은 전시회, 엽서북 사진전', '당신의 공간에서 작은 전시회를 열어보세요', '#엽서북', 200000, '2024-02-27', '2024-03-29', '2024-03-29', '2024-04-12', 'Y');

INSERT INTO TB_PROJECT(PROJECT_NO, PROJECT_SELLER, PROJECT_CATEGORY_NO, PROJECT_OVERVIEW, PROJECT_TITLE, PROJECT_CONTENT, PROJECT_TAG, PROJECT_PRICE, PROJECT_START, PROJECT_END, PROJECT_PAYMENT_BUYER, PROJECT_PAYMENT_SELLER, PROJECT_STATUS) 
VALUES(SEQ_PROJECT_NO.NEXTVAL, 12, 130, '우리 아이를 위한 말랑하고 맛있는 츄르스틱' , '수의사의 바른 먹거리 츄잉스틱', '필수영양소가 들어간 건강하고 맛있는 츄잉스틱', '#개껌', 600000, '2024-02-27', '2024-03-29', '2024-03-29', '2024-04-12', 'Y');

INSERT INTO TB_PROJECT(PROJECT_NO, PROJECT_SELLER, PROJECT_CATEGORY_NO, PROJECT_OVERVIEW, PROJECT_TITLE, PROJECT_CONTENT, PROJECT_TAG, PROJECT_PRICE, PROJECT_START, PROJECT_END, PROJECT_PAYMENT_BUYER, PROJECT_PAYMENT_SELLER, PROJECT_STATUS) 
VALUES(SEQ_PROJECT_NO.NEXTVAL, 13, 130, '천연깃털만 사용한 핸드메이드 고양이 장난감' , '천연깃털만 사용한 고양이 장난감', '물빠짐 없는 안전한 핸드메이드 깃털 장난감', '#고양이 장난감', 300000, '2024-02-27', '2024-03-29', '2024-03-29', '2024-04-12', 'Y');

INSERT INTO TB_PROJECT(PROJECT_NO, PROJECT_SELLER, PROJECT_CATEGORY_NO, PROJECT_OVERVIEW, PROJECT_TITLE, PROJECT_CONTENT, PROJECT_TAG, PROJECT_PRICE, PROJECT_START, PROJECT_END, PROJECT_PAYMENT_BUYER, PROJECT_PAYMENT_SELLER, PROJECT_STATUS) 
VALUES(SEQ_PROJECT_NO.NEXTVAL, 14, 130, '고양이 구내염 개선촉진 스프레이' , '모든 고양이를 위한 캣따비 스프레이', '세상 모든 고양이 구내염 개선 촉진 프로젝트', '#고양이 영양제', 500000, '2024-02-27', '2024-03-29', '2024-03-29', '2024-04-12', 'Y');

INSERT INTO TB_PROJECT(PROJECT_NO, PROJECT_SELLER, PROJECT_CATEGORY_NO, PROJECT_OVERVIEW, PROJECT_TITLE, PROJECT_CONTENT, PROJECT_TAG, PROJECT_PRICE, PROJECT_START, PROJECT_END, PROJECT_PAYMENT_BUYER, PROJECT_PAYMENT_SELLER, PROJECT_STATUS) 
VALUES(SEQ_PROJECT_NO.NEXTVAL, 15, 130, '반려동물도 같이 마실 수 있는 와인' , '강아지 고양이 와인 츄와인', '제주지역의 무항생제 치킨으로 제조', '#반려동물 간식', 400000, '2024-02-28', '2024-03-30', '2024-03-30', '2024-04-13', 'Y');

INSERT INTO TB_PROJECT(PROJECT_NO, PROJECT_SELLER, PROJECT_CATEGORY_NO, PROJECT_OVERVIEW, PROJECT_TITLE, PROJECT_CONTENT, PROJECT_TAG, PROJECT_PRICE, PROJECT_START, PROJECT_END, PROJECT_PAYMENT_BUYER, PROJECT_PAYMENT_SELLER, PROJECT_STATUS) 
VALUES(SEQ_PROJECT_NO.NEXTVAL, 16, 130, '놀이와 치석제거를 한번에' , '놀이부터 치석제거까지 1석2조 장난감', '천연고무로 만든 강아지 노즈워크 장난감', '#강아지 장난감', 800000, '2024-02-28', '2024-03-30', '2024-03-30', '2024-04-13', 'Y');

INSERT INTO TB_PROJECT(PROJECT_NO, PROJECT_SELLER, PROJECT_CATEGORY_NO, PROJECT_OVERVIEW, PROJECT_TITLE, PROJECT_CONTENT, PROJECT_TAG, PROJECT_PRICE, PROJECT_START, PROJECT_END, PROJECT_PAYMENT_BUYER, PROJECT_PAYMENT_SELLER, PROJECT_STATUS) 
VALUES(SEQ_PROJECT_NO.NEXTVAL, 17, 130, '세상 하나뿐인 고양이 츄르짜개' , '마지막까지 츄릅 고양이 전용 츄르짜개', '우리 집 고양이의 이름이 각인된 고양이 츄르짜개' || CHR(10) || CHR(10) ||
'다들 츄르를 줄 때 항상 남아서 손으로 여러번 짜주는게 불편하고, 가끔 손을 무는 고양이도 있고, 손에 츄르가 묻어서 번거로운걸 경험하셨을거라 생각합니다.'  || CHR(10) || CHR(10) ||
'그래서 제작 해봤습니다! 한손으로도 줄 수 있는 츄르 짜개 세상에 단 하나뿐인, 우리 고양이 전용 츄르짜개를 선물해봐요', '#고양이 츄르짜개', 400000, '2024-02-28', '2024-03-30', '2024-03-30', '2024-04-13', 'Y');

INSERT INTO TB_PROJECT(PROJECT_NO, PROJECT_SELLER, PROJECT_CATEGORY_NO, PROJECT_OVERVIEW, PROJECT_TITLE, PROJECT_CONTENT, PROJECT_TAG, PROJECT_PRICE, PROJECT_START, PROJECT_END, PROJECT_PAYMENT_BUYER, PROJECT_PAYMENT_SELLER, PROJECT_STATUS) 
VALUES(SEQ_PROJECT_NO.NEXTVAL, 18, 130, '고양이 전용 밀크티' , '고양이와 티타임', '고양이가 좋아하는 허브4종', '#개껌', 500000, '2024-02-28', '2024-03-30', '2024-03-30', '2024-04-13', 'Y');

INSERT INTO TB_PROJECT(PROJECT_NO, PROJECT_SELLER, PROJECT_CATEGORY_NO, PROJECT_OVERVIEW, PROJECT_TITLE, PROJECT_CONTENT, PROJECT_TAG, PROJECT_PRICE, PROJECT_START, PROJECT_END, PROJECT_PAYMENT_BUYER, PROJECT_PAYMENT_SELLER, PROJECT_STATUS) 
VALUES(SEQ_PROJECT_NO.NEXTVAL, 19, 140, '신비로운 행성으로 가기 위한 문을 열 수 있는 열쇠' , '꿈꾸던 세계로, 저세계 열쇠 목걸이', '신비롭고 오묘한 빛의 천연석으로 셋팅', '#목걸이', 600000, '2024-02-28', '2024-03-30', '2024-03-30', '2024-04-13', 'Y');

INSERT INTO TB_PROJECT(PROJECT_NO, PROJECT_SELLER, PROJECT_CATEGORY_NO, PROJECT_OVERVIEW, PROJECT_TITLE, PROJECT_CONTENT, PROJECT_TAG, PROJECT_PRICE, PROJECT_START, PROJECT_END, PROJECT_PAYMENT_BUYER, PROJECT_PAYMENT_SELLER, PROJECT_STATUS) 
VALUES(SEQ_PROJECT_NO.NEXTVAL, 20, 140, '영원한 우리 우정의 서약서' , '우정의 서약, 우정 목걸이', '1/n씩 나눠가질 수 있어요', '#목걸이', 600000, '2024-02-28', '2024-03-30', '2024-03-30', '2024-04-13', 'Y');

INSERT INTO TB_PROJECT(PROJECT_NO, PROJECT_SELLER, PROJECT_CATEGORY_NO, PROJECT_OVERVIEW, PROJECT_TITLE, PROJECT_CONTENT, PROJECT_TAG, PROJECT_PRICE, PROJECT_START, PROJECT_END, PROJECT_PAYMENT_BUYER, PROJECT_PAYMENT_SELLER, PROJECT_STATUS) 
VALUES(SEQ_PROJECT_NO.NEXTVAL, 11, 140, '향기를 넣어 보관하세요' , '어디에도 없는 향기 목걸이', '향수를 스톤이 먹금게 해주면 일주일 이상 향이 지속되요', '#목걸이', 600000, '2024-02-28', '2024-03-30', '2024-03-30', '2024-04-13', 'Y');

INSERT INTO TB_PROJECT(PROJECT_NO, PROJECT_SELLER, PROJECT_CATEGORY_NO, PROJECT_OVERVIEW, PROJECT_TITLE, PROJECT_CONTENT, PROJECT_TAG, PROJECT_PRICE, PROJECT_START, PROJECT_END, PROJECT_PAYMENT_BUYER, PROJECT_PAYMENT_SELLER, PROJECT_STATUS) 
VALUES(SEQ_PROJECT_NO.NEXTVAL, 12, 140, '다이아몬드를 대체할 모이사나이트' , '다이아몬드를 대체할 모이사나이트', '다이아몬드와 비슷하지만 더 친환경적인', '#모이사나이트', 400000, '2024-02-28', '2024-03-30', '2024-03-30', '2024-04-13', 'Y');

INSERT INTO TB_PROJECT(PROJECT_NO, PROJECT_SELLER, PROJECT_CATEGORY_NO, PROJECT_OVERVIEW, PROJECT_TITLE, PROJECT_CONTENT, PROJECT_TAG, PROJECT_PRICE, PROJECT_START, PROJECT_END, PROJECT_PAYMENT_BUYER, PROJECT_PAYMENT_SELLER, PROJECT_STATUS) 
VALUES(SEQ_PROJECT_NO.NEXTVAL, 13, 140, '살고싶은 삶을 성취할 수 있는 원석' , '악몽을 걸러주는 드림캐쳐 목걸이', '착용할수록 내 몸에 맞게 에이징 되는 금속 스털링 실버로 제작', '#목걸이', 800000, '2024-02-28', '2024-03-30', '2024-03-30', '2024-04-13', 'Y');
--------------------------------------------------
----------------- NOTICE 알림 관련 -----------------	
--------------------------------------------------
CREATE TABLE TB_NOTICE (
    NOTICE_NO NUMBER CONSTRAINT NOTICE_NO_PK PRIMARY KEY,
    NOTICE_TITLE VARCHAR2(100) CONSTRAINT NOTICE_TITLE_NN NOT NULL,
    NOTICE_CONTENT VARCHAR2(4000) CONSTRAINT NOTICE_CONTENT_NN NOT NULL,
    NOTICE_WRITER NUMBER CONSTRAINT NOTICE_WRITER_NN NOT NULL,
    NOTICE_CREATE_DATE DATE DEFAULT SYSDATE CONSTRAINT NOTICE_CREATE_DATE_NN NOT NULL,
    NOTICE_TYPE NUMBER DEFAULT 1 CONSTRAINT NOTICE_TYPE_CK CHECK (NOTICE_TYPE IN(1, 2, 3)),
    NOTICE_STATUS VARCHAR2(1) DEFAULT 'N' CONSTRAINT NOTICE_STATUS_CK CHECK (NOTICE_STATUS IN('Y', 'N')),
    NOTICE_RECEIVER_NO NUMBER,
    NOTICE_ANNOUNCEMENT_NO NUMBER,
    NOTICE_PROJECT_NO NUMBER,
    NOTICE_QNA_NO NUMBER,
    CONSTRAINT NOTICE_WRITER_FK FOREIGN KEY(NOTICE_WRITER) REFERENCES TB_MEMBER(USER_NO),
    CONSTRAINT NOTICE_ANNOUNCEMENT_NO_FK FOREIGN KEY(NOTICE_ANNOUNCEMENT_NO) REFERENCES TB_ANNOUNCEMENT(ANNOUNCEMENT_NO),
    CONSTRAINT NOTICE_PROJECT_NO_FK FOREIGN KEY(NOTICE_PROJECT_NO) REFERENCES TB_PROJECT(PROJECT_NO),
    CONSTRAINT NOTICE_QNA_NO_FK FOREIGN KEY(NOTICE_QNA_NO) REFERENCES TB_QNA(QNA_NO)
);

COMMENT ON COLUMN TB_NOTICE.NOTICE_NO IS '알림 번호';
COMMENT ON COLUMN TB_NOTICE.NOTICE_TITLE IS '알림 제목';
COMMENT ON COLUMN TB_NOTICE.NOTICE_CONTENT IS '알림 내용';
COMMENT ON COLUMN TB_NOTICE.NOTICE_WRITER IS '알림 작성자회원번호';
COMMENT ON COLUMN TB_NOTICE.NOTICE_CREATE_DATE IS '알림 작성일';
COMMENT ON COLUMN TB_NOTICE.NOTICE_TYPE IS '알림 유형 (1 : 일반 공지 / 2 : 프로젝트 알림 / 3 : QNA 알림)';
COMMENT ON COLUMN TB_NOTICE.NOTICE_STATUS IS '알림 상태값 (Y : 읽음 / N : 안읽음)';
COMMENT ON COLUMN TB_NOTICE.NOTICE_RECEIVER_NO IS '알림 수신자';
COMMENT ON COLUMN TB_NOTICE.NOTICE_ANNOUNCEMENT_NO IS '알림 참조글 (공지)';
COMMENT ON COLUMN TB_NOTICE.NOTICE_PROJECT_NO IS '알림 참조글 (프로젝트)';
COMMENT ON COLUMN TB_NOTICE.NOTICE_QNA_NO IS '알림 참조글 (QNA)';

CREATE SEQUENCE SEQ_NOTICE_NO
NOCACHE;

INSERT INTO TB_NOTICE (NOTICE_NO, NOTICE_TITLE, NOTICE_CONTENT, NOTICE_WRITER, NOTICE_CREATE_DATE, NOTICE_TYPE, NOTICE_ANNOUNCEMENT_NO)
VALUES (SEQ_NOTICE_NO.NEXTVAL, '공지사항', '안녕하세요. 뻔뻔해요 입니다. 뻔뻔해요는 크라우드 펀딩사이트로 이제 여러분을 찾아뵙습니다.', 1, '2024-02-22', 1, 1);

INSERT INTO TB_NOTICE (NOTICE_NO, NOTICE_TITLE, NOTICE_CONTENT, NOTICE_WRITER, NOTICE_CREATE_DATE, NOTICE_TYPE, NOTICE_ANNOUNCEMENT_NO)
VALUES (SEQ_NOTICE_NO.NEXTVAL, '공지사항', '안녕하세요. 뻔뻔해요 입니다. 프로젝트 업데이트: 목표 금액 달성에 한 발짝 더! 우리는 이미 목표에 한 발짝 더 다가갔습니다. 이제 우리의 꿈을 이루기 위해 마지막 승부를 하고 있습니다. 계속해서 후원해 주시기 바랍니다!', 1, '2024-02-22', 1, 2);

INSERT INTO TB_NOTICE (NOTICE_NO, NOTICE_TITLE, NOTICE_CONTENT, NOTICE_WRITER, NOTICE_CREATE_DATE, NOTICE_TYPE, NOTICE_ANNOUNCEMENT_NO)
VALUES (SEQ_NOTICE_NO.NEXTVAL, '공지사항', '안녕하세요. 뻔뻔해요 입니다. 익일 새벽 3시부터 약 1시간 동안 서비스 개선을 위한 점검이 있을 예정입니다.', 1, '2024-02-22', 1, 3);

INSERT INTO TB_NOTICE (NOTICE_NO, NOTICE_TITLE, NOTICE_CONTENT, NOTICE_WRITER, NOTICE_CREATE_DATE, NOTICE_TYPE, NOTICE_RECEIVER_NO, NOTICE_PROJECT_NO)
VALUES (SEQ_NOTICE_NO.NEXTVAL, '프로젝트 등록 신청', '프로젝트 등록에 대한 신청 접수가 성공적으로 완료되었습니다. 추후 결과를 안내 드리겠습니다.', 1, '2024-02-22', 2, 2, 1000);
INSERT INTO TB_NOTICE (NOTICE_NO, NOTICE_TITLE, NOTICE_CONTENT, NOTICE_WRITER, NOTICE_CREATE_DATE, NOTICE_TYPE, NOTICE_RECEIVER_NO, NOTICE_PROJECT_NO)
VALUES (SEQ_NOTICE_NO.NEXTVAL, '프로젝트 심사 결과 안내', '프로젝트 심사 결과, 반려되었습니다.', 1, '2024-02-22', 2, 2, 1000);

INSERT INTO TB_NOTICE (NOTICE_NO, NOTICE_TITLE, NOTICE_CONTENT, NOTICE_WRITER, NOTICE_CREATE_DATE, NOTICE_TYPE, NOTICE_RECEIVER_NO, NOTICE_PROJECT_NO)
VALUES (SEQ_NOTICE_NO.NEXTVAL, '프로젝트 등록 신청', '프로젝트 등록에 대한 신청 접수가 성공적으로 완료되었습니다. 추후 결과를 안내 드리겠습니다.', 1, '2024-02-22', 2, 3, 1001);
INSERT INTO TB_NOTICE (NOTICE_NO, NOTICE_TITLE, NOTICE_CONTENT, NOTICE_WRITER, NOTICE_CREATE_DATE, NOTICE_TYPE, NOTICE_RECEIVER_NO, NOTICE_PROJECT_NO)
VALUES (SEQ_NOTICE_NO.NEXTVAL, '프로젝트 심사 결과 안내', '프로젝트 심사 결과, 반려되었습니다.', 1, '2024-02-22', 2, 3, 1001);

INSERT INTO TB_NOTICE (NOTICE_NO, NOTICE_TITLE, NOTICE_CONTENT, NOTICE_WRITER, NOTICE_CREATE_DATE, NOTICE_TYPE, NOTICE_RECEIVER_NO, NOTICE_PROJECT_NO)
VALUES (SEQ_NOTICE_NO.NEXTVAL, '프로젝트 등록 신청', '프로젝트 등록에 대한 신청 접수가 성공적으로 완료되었습니다. 추후 결과를 안내 드리겠습니다.', 1, '2024-02-22', 2, 4, 1002);
INSERT INTO TB_NOTICE (NOTICE_NO, NOTICE_TITLE, NOTICE_CONTENT, NOTICE_WRITER, NOTICE_CREATE_DATE, NOTICE_TYPE, NOTICE_RECEIVER_NO, NOTICE_PROJECT_NO)
VALUES (SEQ_NOTICE_NO.NEXTVAL, '프로젝트 심사 결과 안내', '프로젝트 심사 결과, 반려되었습니다.', 1, '2024-02-22', 2, 4, 1002);

INSERT INTO TB_NOTICE (NOTICE_NO, NOTICE_TITLE, NOTICE_CONTENT, NOTICE_WRITER, NOTICE_CREATE_DATE, NOTICE_TYPE, NOTICE_RECEIVER_NO, NOTICE_PROJECT_NO)
VALUES (SEQ_NOTICE_NO.NEXTVAL, '프로젝트 등록 신청', '프로젝트 등록에 대한 신청 접수가 성공적으로 완료되었습니다. 추후 결과를 안내 드리겠습니다.', 1, '2024-02-22', 2, 4, 1003);
INSERT INTO TB_NOTICE (NOTICE_NO, NOTICE_TITLE, NOTICE_CONTENT, NOTICE_WRITER, NOTICE_CREATE_DATE, NOTICE_TYPE, NOTICE_RECEIVER_NO, NOTICE_PROJECT_NO)
VALUES (SEQ_NOTICE_NO.NEXTVAL, '프로젝트 심사 결과 안내', '축하합니다. 프로젝트가 승인되었습니다.', 1, '2024-02-22', 2, 4, 1003);

INSERT INTO TB_NOTICE (NOTICE_NO, NOTICE_TITLE, NOTICE_CONTENT, NOTICE_WRITER, NOTICE_CREATE_DATE, NOTICE_TYPE, NOTICE_RECEIVER_NO, NOTICE_PROJECT_NO)
VALUES (SEQ_NOTICE_NO.NEXTVAL, '프로젝트 등록 신청', '프로젝트 등록에 대한 신청 접수가 성공적으로 완료되었습니다. 추후 결과를 안내 드리겠습니다.', 1, '2024-02-22', 2, 4, 1004);
INSERT INTO TB_NOTICE (NOTICE_NO, NOTICE_TITLE, NOTICE_CONTENT, NOTICE_WRITER, NOTICE_CREATE_DATE, NOTICE_TYPE, NOTICE_RECEIVER_NO, NOTICE_PROJECT_NO)
VALUES (SEQ_NOTICE_NO.NEXTVAL, '프로젝트 심사 결과 안내', '프로젝트 심사 결과, 반려되었습니다.', 1, '2024-02-22', 2, 4, 1004);

INSERT INTO TB_NOTICE (NOTICE_NO, NOTICE_TITLE, NOTICE_CONTENT, NOTICE_WRITER, NOTICE_CREATE_DATE, NOTICE_TYPE, NOTICE_RECEIVER_NO, NOTICE_PROJECT_NO)
VALUES (SEQ_NOTICE_NO.NEXTVAL, '프로젝트 등록 신청', '프로젝트 등록에 대한 신청 접수가 성공적으로 완료되었습니다. 추후 결과를 안내 드리겠습니다.', 1, '2024-02-22', 2, 2, 1005);
INSERT INTO TB_NOTICE (NOTICE_NO, NOTICE_TITLE, NOTICE_CONTENT, NOTICE_WRITER, NOTICE_CREATE_DATE, NOTICE_TYPE, NOTICE_RECEIVER_NO, NOTICE_PROJECT_NO)
VALUES (SEQ_NOTICE_NO.NEXTVAL, '프로젝트 심사 결과 안내', '축하합니다. 프로젝트가 승인되었습니다.', 1, '2024-02-22', 2, 2, 1005);

INSERT INTO TB_NOTICE (NOTICE_NO, NOTICE_TITLE, NOTICE_CONTENT, NOTICE_WRITER, NOTICE_CREATE_DATE, NOTICE_TYPE, NOTICE_RECEIVER_NO, NOTICE_PROJECT_NO)
VALUES (SEQ_NOTICE_NO.NEXTVAL, '프로젝트 등록 신청', '프로젝트 등록에 대한 신청 접수가 성공적으로 완료되었습니다. 추후 결과를 안내 드리겠습니다.', 1, '2024-02-22', 2, 3, 1006);
INSERT INTO TB_NOTICE (NOTICE_NO, NOTICE_TITLE, NOTICE_CONTENT, NOTICE_WRITER, NOTICE_CREATE_DATE, NOTICE_TYPE, NOTICE_RECEIVER_NO, NOTICE_PROJECT_NO)
VALUES (SEQ_NOTICE_NO.NEXTVAL, '프로젝트 심사 결과 안내', '축하합니다. 프로젝트가 승인되었습니다.', 1, '2024-02-22', 2, 3, 1006);

INSERT INTO TB_NOTICE (NOTICE_NO, NOTICE_TITLE, NOTICE_CONTENT, NOTICE_WRITER, NOTICE_CREATE_DATE, NOTICE_TYPE, NOTICE_RECEIVER_NO, NOTICE_PROJECT_NO)
VALUES (SEQ_NOTICE_NO.NEXTVAL, '프로젝트 등록 신청', '프로젝트 등록에 대한 신청 접수가 성공적으로 완료되었습니다. 추후 결과를 안내 드리겠습니다.', 1, '2024-02-22', 2, 4, 1007);
INSERT INTO TB_NOTICE (NOTICE_NO, NOTICE_TITLE, NOTICE_CONTENT, NOTICE_WRITER, NOTICE_CREATE_DATE, NOTICE_TYPE, NOTICE_RECEIVER_NO, NOTICE_PROJECT_NO)
VALUES (SEQ_NOTICE_NO.NEXTVAL, '프로젝트 심사 결과 안내', '축하합니다. 프로젝트가 승인되었습니다.', 1, '2024-02-22', 2, 4, 1007);

INSERT INTO TB_NOTICE (NOTICE_NO, NOTICE_TITLE, NOTICE_CONTENT, NOTICE_WRITER, NOTICE_CREATE_DATE, NOTICE_TYPE, NOTICE_RECEIVER_NO, NOTICE_PROJECT_NO)
VALUES (SEQ_NOTICE_NO.NEXTVAL, '프로젝트 등록 신청', '프로젝트 등록에 대한 신청 접수가 성공적으로 완료되었습니다. 추후 결과를 안내 드리겠습니다.', 1, '2024-02-22', 2, 5, 1008);
INSERT INTO TB_NOTICE (NOTICE_NO, NOTICE_TITLE, NOTICE_CONTENT, NOTICE_WRITER, NOTICE_CREATE_DATE, NOTICE_TYPE, NOTICE_RECEIVER_NO, NOTICE_PROJECT_NO)
VALUES (SEQ_NOTICE_NO.NEXTVAL, '프로젝트 심사 결과 안내', '축하합니다. 프로젝트가 승인되었습니다.', 1, '2024-02-22', 2, 5, 1008);

INSERT INTO TB_NOTICE (NOTICE_NO, NOTICE_TITLE, NOTICE_CONTENT, NOTICE_WRITER, NOTICE_CREATE_DATE, NOTICE_TYPE, NOTICE_RECEIVER_NO, NOTICE_PROJECT_NO)
VALUES (SEQ_NOTICE_NO.NEXTVAL, '프로젝트 등록 신청', '프로젝트 등록에 대한 신청 접수가 성공적으로 완료되었습니다. 추후 결과를 안내 드리겠습니다.', 1, '2024-02-22', 2, 6, 1009);
INSERT INTO TB_NOTICE (NOTICE_NO, NOTICE_TITLE, NOTICE_CONTENT, NOTICE_WRITER, NOTICE_CREATE_DATE, NOTICE_TYPE, NOTICE_RECEIVER_NO, NOTICE_PROJECT_NO)
VALUES (SEQ_NOTICE_NO.NEXTVAL, '프로젝트 심사 결과 안내', '축하합니다. 프로젝트가 승인되었습니다.', 1, '2024-02-22', 2, 6, 1009);

INSERT INTO TB_NOTICE (NOTICE_NO, NOTICE_TITLE, NOTICE_CONTENT, NOTICE_WRITER, NOTICE_CREATE_DATE, NOTICE_TYPE, NOTICE_RECEIVER_NO, NOTICE_PROJECT_NO)
VALUES (SEQ_NOTICE_NO.NEXTVAL, '프로젝트 등록 신청', '프로젝트 등록에 대한 신청 접수가 성공적으로 완료되었습니다. 추후 결과를 안내 드리겠습니다.', 1, '2024-02-22', 2, 7, 1010);
INSERT INTO TB_NOTICE (NOTICE_NO, NOTICE_TITLE, NOTICE_CONTENT, NOTICE_WRITER, NOTICE_CREATE_DATE, NOTICE_TYPE, NOTICE_RECEIVER_NO, NOTICE_PROJECT_NO)
VALUES (SEQ_NOTICE_NO.NEXTVAL, '프로젝트 심사 결과 안내', '축하합니다. 프로젝트가 승인되었습니다.', 1, '2024-02-22', 2, 7, 1010);

INSERT INTO TB_NOTICE (NOTICE_NO, NOTICE_TITLE, NOTICE_CONTENT, NOTICE_WRITER, NOTICE_CREATE_DATE, NOTICE_TYPE, NOTICE_RECEIVER_NO, NOTICE_PROJECT_NO)
VALUES (SEQ_NOTICE_NO.NEXTVAL, '프로젝트 등록 신청', '프로젝트 등록에 대한 신청 접수가 성공적으로 완료되었습니다. 추후 결과를 안내 드리겠습니다.', 1, '2024-02-22', 2, 8, 1011);
INSERT INTO TB_NOTICE (NOTICE_NO, NOTICE_TITLE, NOTICE_CONTENT, NOTICE_WRITER, NOTICE_CREATE_DATE, NOTICE_TYPE, NOTICE_RECEIVER_NO, NOTICE_PROJECT_NO)
VALUES (SEQ_NOTICE_NO.NEXTVAL, '프로젝트 심사 결과 안내', '축하합니다. 프로젝트가 승인되었습니다.', 1, '2024-02-22', 2, 8, 1011);

INSERT INTO TB_NOTICE (NOTICE_NO, NOTICE_TITLE, NOTICE_CONTENT, NOTICE_WRITER, NOTICE_CREATE_DATE, NOTICE_TYPE, NOTICE_RECEIVER_NO, NOTICE_PROJECT_NO)
VALUES (SEQ_NOTICE_NO.NEXTVAL, '프로젝트 등록 신청', '프로젝트 등록에 대한 신청 접수가 성공적으로 완료되었습니다. 추후 결과를 안내 드리겠습니다.', 1, '2024-02-22', 2, 9, 1012);
INSERT INTO TB_NOTICE (NOTICE_NO, NOTICE_TITLE, NOTICE_CONTENT, NOTICE_WRITER, NOTICE_CREATE_DATE, NOTICE_TYPE, NOTICE_RECEIVER_NO, NOTICE_PROJECT_NO)
VALUES (SEQ_NOTICE_NO.NEXTVAL, '프로젝트 심사 결과 안내', '축하합니다. 프로젝트가 승인되었습니다.', 1, '2024-02-22', 2, 9, 1012);

INSERT INTO TB_NOTICE (NOTICE_NO, NOTICE_TITLE, NOTICE_CONTENT, NOTICE_WRITER, NOTICE_CREATE_DATE, NOTICE_TYPE, NOTICE_RECEIVER_NO, NOTICE_PROJECT_NO)
VALUES (SEQ_NOTICE_NO.NEXTVAL, '프로젝트 등록 신청', '프로젝트 등록에 대한 신청 접수가 성공적으로 완료되었습니다. 추후 결과를 안내 드리겠습니다.', 1, '2024-02-22', 2, 10, 1013);
INSERT INTO TB_NOTICE (NOTICE_NO, NOTICE_TITLE, NOTICE_CONTENT, NOTICE_WRITER, NOTICE_CREATE_DATE, NOTICE_TYPE, NOTICE_RECEIVER_NO, NOTICE_PROJECT_NO)
VALUES (SEQ_NOTICE_NO.NEXTVAL, '프로젝트 심사 결과 안내', '축하합니다. 프로젝트가 승인되었습니다.', 1, '2024-02-22', 2, 10, 1013);

INSERT INTO TB_NOTICE (NOTICE_NO, NOTICE_TITLE, NOTICE_CONTENT, NOTICE_WRITER, NOTICE_CREATE_DATE, NOTICE_TYPE, NOTICE_RECEIVER_NO, NOTICE_PROJECT_NO)
VALUES (SEQ_NOTICE_NO.NEXTVAL, '프로젝트 등록 신청', '프로젝트 등록에 대한 신청 접수가 성공적으로 완료되었습니다. 추후 결과를 안내 드리겠습니다.', 1, '2024-02-22', 2, 2, 1014);
INSERT INTO TB_NOTICE (NOTICE_NO, NOTICE_TITLE, NOTICE_CONTENT, NOTICE_WRITER, NOTICE_CREATE_DATE, NOTICE_TYPE, NOTICE_RECEIVER_NO, NOTICE_PROJECT_NO)
VALUES (SEQ_NOTICE_NO.NEXTVAL, '프로젝트 심사 결과 안내', '축하합니다. 프로젝트가 승인되었습니다.', 1, '2024-02-22', 2, 2, 1014);

INSERT INTO TB_NOTICE (NOTICE_NO, NOTICE_TITLE, NOTICE_CONTENT, NOTICE_WRITER, NOTICE_CREATE_DATE, NOTICE_TYPE, NOTICE_RECEIVER_NO, NOTICE_QNA_NO)
VALUES (SEQ_NOTICE_NO.NEXTVAL, 'Q' || CHR(38) || 'A 등록', 'Q' || CHR(38) || 'A 등록이 성공적으로 완료되었습니다. 추후 답변을 안내 드리겠습니다.', 1, '2024-02-22', 3, 2, 1);


INSERT INTO TB_NOTICE (NOTICE_NO, NOTICE_TITLE, NOTICE_CONTENT, NOTICE_WRITER, NOTICE_CREATE_DATE, NOTICE_TYPE, NOTICE_RECEIVER_NO, NOTICE_PROJECT_NO)
VALUES (SEQ_NOTICE_NO.NEXTVAL, '프로젝트 등록 신청', '프로젝트 등록에 대한 신청 접수가 성공적으로 완료되었습니다. 추후 결과를 안내 드리겠습니다.', 1, '2024-02-23', 2, 4, 1015);
INSERT INTO TB_NOTICE (NOTICE_NO, NOTICE_TITLE, NOTICE_CONTENT, NOTICE_WRITER, NOTICE_CREATE_DATE, NOTICE_TYPE, NOTICE_RECEIVER_NO, NOTICE_PROJECT_NO)
VALUES (SEQ_NOTICE_NO.NEXTVAL, '프로젝트 심사 결과 안내', '축하합니다. 프로젝트가 승인되었습니다.', 1, '2024-02-23', 2, 4, 1015);

INSERT INTO TB_NOTICE (NOTICE_NO, NOTICE_TITLE, NOTICE_CONTENT, NOTICE_WRITER, NOTICE_CREATE_DATE, NOTICE_TYPE, NOTICE_RECEIVER_NO, NOTICE_PROJECT_NO)
VALUES (SEQ_NOTICE_NO.NEXTVAL, '프로젝트 등록 신청', '프로젝트 등록에 대한 신청 접수가 성공적으로 완료되었습니다. 추후 결과를 안내 드리겠습니다.', 1, '2024-02-23', 2, 4, 1016);
INSERT INTO TB_NOTICE (NOTICE_NO, NOTICE_TITLE, NOTICE_CONTENT, NOTICE_WRITER, NOTICE_CREATE_DATE, NOTICE_TYPE, NOTICE_RECEIVER_NO, NOTICE_PROJECT_NO)
VALUES (SEQ_NOTICE_NO.NEXTVAL, '프로젝트 심사 결과 안내', '축하합니다. 프로젝트가 승인되었습니다.', 1, '2024-02-23', 2, 4, 1016);

INSERT INTO TB_NOTICE (NOTICE_NO, NOTICE_TITLE, NOTICE_CONTENT, NOTICE_WRITER, NOTICE_CREATE_DATE, NOTICE_TYPE, NOTICE_RECEIVER_NO, NOTICE_PROJECT_NO)
VALUES (SEQ_NOTICE_NO.NEXTVAL, '프로젝트 등록 신청', '프로젝트 등록에 대한 신청 접수가 성공적으로 완료되었습니다. 추후 결과를 안내 드리겠습니다.', 1, '2024-02-23', 2, 5, 1017);
INSERT INTO TB_NOTICE (NOTICE_NO, NOTICE_TITLE, NOTICE_CONTENT, NOTICE_WRITER, NOTICE_CREATE_DATE, NOTICE_TYPE, NOTICE_RECEIVER_NO, NOTICE_PROJECT_NO)
VALUES (SEQ_NOTICE_NO.NEXTVAL, '프로젝트 심사 결과 안내', '축하합니다. 프로젝트가 승인되었습니다.', 1, '2024-02-23', 2, 5, 1017);

INSERT INTO TB_NOTICE (NOTICE_NO, NOTICE_TITLE, NOTICE_CONTENT, NOTICE_WRITER, NOTICE_CREATE_DATE, NOTICE_TYPE, NOTICE_RECEIVER_NO, NOTICE_PROJECT_NO)
VALUES (SEQ_NOTICE_NO.NEXTVAL, '프로젝트 등록 신청', '프로젝트 등록에 대한 신청 접수가 성공적으로 완료되었습니다. 추후 결과를 안내 드리겠습니다.', 1, '2024-02-23', 2, 6, 1018);
INSERT INTO TB_NOTICE (NOTICE_NO, NOTICE_TITLE, NOTICE_CONTENT, NOTICE_WRITER, NOTICE_CREATE_DATE, NOTICE_TYPE, NOTICE_RECEIVER_NO, NOTICE_PROJECT_NO)
VALUES (SEQ_NOTICE_NO.NEXTVAL, '프로젝트 심사 결과 안내', '축하합니다. 프로젝트가 승인되었습니다.', 1, '2024-02-23', 2, 6, 1018);

INSERT INTO TB_NOTICE (NOTICE_NO, NOTICE_TITLE, NOTICE_CONTENT, NOTICE_WRITER, NOTICE_CREATE_DATE, NOTICE_TYPE, NOTICE_RECEIVER_NO, NOTICE_PROJECT_NO)
VALUES (SEQ_NOTICE_NO.NEXTVAL, '프로젝트 등록 신청', '프로젝트 등록에 대한 신청 접수가 성공적으로 완료되었습니다. 추후 결과를 안내 드리겠습니다.', 1, '2024-02-23', 2, 7, 1019);
INSERT INTO TB_NOTICE (NOTICE_NO, NOTICE_TITLE, NOTICE_CONTENT, NOTICE_WRITER, NOTICE_CREATE_DATE, NOTICE_TYPE, NOTICE_RECEIVER_NO, NOTICE_PROJECT_NO)
VALUES (SEQ_NOTICE_NO.NEXTVAL, '프로젝트 심사 결과 안내', '축하합니다. 프로젝트가 승인되었습니다.', 1, '2024-02-23', 2, 7, 1019);

INSERT INTO TB_NOTICE (NOTICE_NO, NOTICE_TITLE, NOTICE_CONTENT, NOTICE_WRITER, NOTICE_CREATE_DATE, NOTICE_TYPE, NOTICE_RECEIVER_NO, NOTICE_PROJECT_NO)
VALUES (SEQ_NOTICE_NO.NEXTVAL, '프로젝트 등록 신청', '프로젝트 등록에 대한 신청 접수가 성공적으로 완료되었습니다. 추후 결과를 안내 드리겠습니다.', 1, '2024-02-23', 2, 8, 1020);
INSERT INTO TB_NOTICE (NOTICE_NO, NOTICE_TITLE, NOTICE_CONTENT, NOTICE_WRITER, NOTICE_CREATE_DATE, NOTICE_TYPE, NOTICE_RECEIVER_NO, NOTICE_PROJECT_NO)
VALUES (SEQ_NOTICE_NO.NEXTVAL, '프로젝트 심사 결과 안내', '축하합니다. 프로젝트가 승인되었습니다.', 1, '2024-02-23', 2, 8, 1020);

INSERT INTO TB_NOTICE (NOTICE_NO, NOTICE_TITLE, NOTICE_CONTENT, NOTICE_WRITER, NOTICE_CREATE_DATE, NOTICE_TYPE, NOTICE_RECEIVER_NO, NOTICE_PROJECT_NO)
VALUES (SEQ_NOTICE_NO.NEXTVAL, '프로젝트 등록 신청', '프로젝트 등록에 대한 신청 접수가 성공적으로 완료되었습니다. 추후 결과를 안내 드리겠습니다.', 1, '2024-02-23', 2, 9, 1021);
INSERT INTO TB_NOTICE (NOTICE_NO, NOTICE_TITLE, NOTICE_CONTENT, NOTICE_WRITER, NOTICE_CREATE_DATE, NOTICE_TYPE, NOTICE_RECEIVER_NO, NOTICE_PROJECT_NO)
VALUES (SEQ_NOTICE_NO.NEXTVAL, '프로젝트 심사 결과 안내', '축하합니다. 프로젝트가 승인되었습니다.', 1, '2024-02-23', 2, 9, 1021);

INSERT INTO TB_NOTICE (NOTICE_NO, NOTICE_TITLE, NOTICE_CONTENT, NOTICE_WRITER, NOTICE_CREATE_DATE, NOTICE_TYPE, NOTICE_RECEIVER_NO, NOTICE_PROJECT_NO)
VALUES (SEQ_NOTICE_NO.NEXTVAL, '프로젝트 등록 신청', '프로젝트 등록에 대한 신청 접수가 성공적으로 완료되었습니다. 추후 결과를 안내 드리겠습니다.', 1, '2024-02-23', 2, 10, 1022);
INSERT INTO TB_NOTICE (NOTICE_NO, NOTICE_TITLE, NOTICE_CONTENT, NOTICE_WRITER, NOTICE_CREATE_DATE, NOTICE_TYPE, NOTICE_RECEIVER_NO, NOTICE_PROJECT_NO)
VALUES (SEQ_NOTICE_NO.NEXTVAL, '프로젝트 심사 결과 안내', '축하합니다. 프로젝트가 승인되었습니다.', 1, '2024-02-23', 2, 10, 1022);

INSERT INTO TB_NOTICE (NOTICE_NO, NOTICE_TITLE, NOTICE_CONTENT, NOTICE_WRITER, NOTICE_CREATE_DATE, NOTICE_TYPE, NOTICE_RECEIVER_NO, NOTICE_PROJECT_NO)
VALUES (SEQ_NOTICE_NO.NEXTVAL, '프로젝트 등록 신청', '프로젝트 등록에 대한 신청 접수가 성공적으로 완료되었습니다. 추후 결과를 안내 드리겠습니다.', 1, '2024-02-23', 2, 2, 1023);
INSERT INTO TB_NOTICE (NOTICE_NO, NOTICE_TITLE, NOTICE_CONTENT, NOTICE_WRITER, NOTICE_CREATE_DATE, NOTICE_TYPE, NOTICE_RECEIVER_NO, NOTICE_PROJECT_NO)
VALUES (SEQ_NOTICE_NO.NEXTVAL, '프로젝트 심사 결과 안내', '축하합니다. 프로젝트가 승인되었습니다.', 1, '2024-02-23', 2, 2, 1023);

INSERT INTO TB_NOTICE (NOTICE_NO, NOTICE_TITLE, NOTICE_CONTENT, NOTICE_WRITER, NOTICE_CREATE_DATE, NOTICE_TYPE, NOTICE_RECEIVER_NO, NOTICE_PROJECT_NO)
VALUES (SEQ_NOTICE_NO.NEXTVAL, '프로젝트 등록 신청', '프로젝트 등록에 대한 신청 접수가 성공적으로 완료되었습니다. 추후 결과를 안내 드리겠습니다.', 1, '2024-02-23', 2, 3, 1024);
INSERT INTO TB_NOTICE (NOTICE_NO, NOTICE_TITLE, NOTICE_CONTENT, NOTICE_WRITER, NOTICE_CREATE_DATE, NOTICE_TYPE, NOTICE_RECEIVER_NO, NOTICE_PROJECT_NO)
VALUES (SEQ_NOTICE_NO.NEXTVAL, '프로젝트 심사 결과 안내', '축하합니다. 프로젝트가 승인되었습니다.', 1, '2024-02-23', 2, 3, 1024);

INSERT INTO TB_NOTICE (NOTICE_NO, NOTICE_TITLE, NOTICE_CONTENT, NOTICE_WRITER, NOTICE_CREATE_DATE, NOTICE_TYPE, NOTICE_RECEIVER_NO, NOTICE_QNA_NO)
VALUES (SEQ_NOTICE_NO.NEXTVAL, 'Q' || CHR(38) || 'A 등록', 'Q' || CHR(38) || 'A 등록이 성공적으로 완료되었습니다. 추후 답변을 안내 드리겠습니다.', 1, '2024-02-23', 3, 2, 2);

INSERT INTO TB_NOTICE (NOTICE_NO, NOTICE_TITLE, NOTICE_CONTENT, NOTICE_WRITER, NOTICE_CREATE_DATE, NOTICE_TYPE, NOTICE_RECEIVER_NO, NOTICE_PROJECT_NO)
VALUES (SEQ_NOTICE_NO.NEXTVAL, '프로젝트 등록 신청', '프로젝트 등록에 대한 신청 접수가 성공적으로 완료되었습니다. 추후 결과를 안내 드리겠습니다.', 1, '2024-02-24', 2, 4, 1025);
INSERT INTO TB_NOTICE (NOTICE_NO, NOTICE_TITLE, NOTICE_CONTENT, NOTICE_WRITER, NOTICE_CREATE_DATE, NOTICE_TYPE, NOTICE_RECEIVER_NO, NOTICE_PROJECT_NO)
VALUES (SEQ_NOTICE_NO.NEXTVAL, '프로젝트 심사 결과 안내', '축하합니다. 프로젝트가 승인되었습니다.', 1, '2024-02-24', 2, 4, 1025);

INSERT INTO TB_NOTICE (NOTICE_NO, NOTICE_TITLE, NOTICE_CONTENT, NOTICE_WRITER, NOTICE_CREATE_DATE, NOTICE_TYPE, NOTICE_RECEIVER_NO, NOTICE_PROJECT_NO)
VALUES (SEQ_NOTICE_NO.NEXTVAL, '프로젝트 등록 신청', '프로젝트 등록에 대한 신청 접수가 성공적으로 완료되었습니다. 추후 결과를 안내 드리겠습니다.', 1, '2024-02-24', 2, 5, 1026);
INSERT INTO TB_NOTICE (NOTICE_NO, NOTICE_TITLE, NOTICE_CONTENT, NOTICE_WRITER, NOTICE_CREATE_DATE, NOTICE_TYPE, NOTICE_RECEIVER_NO, NOTICE_PROJECT_NO)
VALUES (SEQ_NOTICE_NO.NEXTVAL, '프로젝트 심사 결과 안내', '축하합니다. 프로젝트가 승인되었습니다.', 1, '2024-02-24', 2, 5, 1026);

INSERT INTO TB_NOTICE (NOTICE_NO, NOTICE_TITLE, NOTICE_CONTENT, NOTICE_WRITER, NOTICE_CREATE_DATE, NOTICE_TYPE, NOTICE_RECEIVER_NO, NOTICE_PROJECT_NO)
VALUES (SEQ_NOTICE_NO.NEXTVAL, '프로젝트 등록 신청', '프로젝트 등록에 대한 신청 접수가 성공적으로 완료되었습니다. 추후 결과를 안내 드리겠습니다.', 1, '2024-02-24', 2, 6, 1027);
INSERT INTO TB_NOTICE (NOTICE_NO, NOTICE_TITLE, NOTICE_CONTENT, NOTICE_WRITER, NOTICE_CREATE_DATE, NOTICE_TYPE, NOTICE_RECEIVER_NO, NOTICE_PROJECT_NO)
VALUES (SEQ_NOTICE_NO.NEXTVAL, '프로젝트 심사 결과 안내', '축하합니다. 프로젝트가 승인되었습니다.', 1, '2024-02-24', 2, 6, 1027);

INSERT INTO TB_NOTICE (NOTICE_NO, NOTICE_TITLE, NOTICE_CONTENT, NOTICE_WRITER, NOTICE_CREATE_DATE, NOTICE_TYPE, NOTICE_RECEIVER_NO, NOTICE_PROJECT_NO)
VALUES (SEQ_NOTICE_NO.NEXTVAL, '프로젝트 등록 신청', '프로젝트 등록에 대한 신청 접수가 성공적으로 완료되었습니다. 추후 결과를 안내 드리겠습니다.', 1, '2024-02-24', 2, 7, 1028);
INSERT INTO TB_NOTICE (NOTICE_NO, NOTICE_TITLE, NOTICE_CONTENT, NOTICE_WRITER, NOTICE_CREATE_DATE, NOTICE_TYPE, NOTICE_RECEIVER_NO, NOTICE_PROJECT_NO)
VALUES (SEQ_NOTICE_NO.NEXTVAL, '프로젝트 심사 결과 안내', '축하합니다. 프로젝트가 승인되었습니다.', 1, '2024-02-24', 2, 7, 1028);

INSERT INTO TB_NOTICE (NOTICE_NO, NOTICE_TITLE, NOTICE_CONTENT, NOTICE_WRITER, NOTICE_CREATE_DATE, NOTICE_TYPE, NOTICE_RECEIVER_NO, NOTICE_PROJECT_NO)
VALUES (SEQ_NOTICE_NO.NEXTVAL, '프로젝트 등록 신청', '프로젝트 등록에 대한 신청 접수가 성공적으로 완료되었습니다. 추후 결과를 안내 드리겠습니다.', 1, '2024-02-24', 2, 8, 1029);
INSERT INTO TB_NOTICE (NOTICE_NO, NOTICE_TITLE, NOTICE_CONTENT, NOTICE_WRITER, NOTICE_CREATE_DATE, NOTICE_TYPE, NOTICE_RECEIVER_NO, NOTICE_PROJECT_NO)
VALUES (SEQ_NOTICE_NO.NEXTVAL, '프로젝트 심사 결과 안내', '축하합니다. 프로젝트가 승인되었습니다.', 1, '2024-02-24', 2, 8, 1029);

INSERT INTO TB_NOTICE (NOTICE_NO, NOTICE_TITLE, NOTICE_CONTENT, NOTICE_WRITER, NOTICE_CREATE_DATE, NOTICE_TYPE, NOTICE_RECEIVER_NO, NOTICE_PROJECT_NO)
VALUES (SEQ_NOTICE_NO.NEXTVAL, '프로젝트 등록 신청', '프로젝트 등록에 대한 신청 접수가 성공적으로 완료되었습니다. 추후 결과를 안내 드리겠습니다.', 1, '2024-02-24', 2, 9, 1030);
INSERT INTO TB_NOTICE (NOTICE_NO, NOTICE_TITLE, NOTICE_CONTENT, NOTICE_WRITER, NOTICE_CREATE_DATE, NOTICE_TYPE, NOTICE_RECEIVER_NO, NOTICE_PROJECT_NO)
VALUES (SEQ_NOTICE_NO.NEXTVAL, '프로젝트 심사 결과 안내', '축하합니다. 프로젝트가 승인되었습니다.', 1, '2024-02-24', 2, 9, 1030);

INSERT INTO TB_NOTICE (NOTICE_NO, NOTICE_TITLE, NOTICE_CONTENT, NOTICE_WRITER, NOTICE_CREATE_DATE, NOTICE_TYPE, NOTICE_RECEIVER_NO, NOTICE_PROJECT_NO)
VALUES (SEQ_NOTICE_NO.NEXTVAL, '프로젝트 등록 신청', '프로젝트 등록에 대한 신청 접수가 성공적으로 완료되었습니다. 추후 결과를 안내 드리겠습니다.', 1, '2024-02-24', 2, 10, 1031);
INSERT INTO TB_NOTICE (NOTICE_NO, NOTICE_TITLE, NOTICE_CONTENT, NOTICE_WRITER, NOTICE_CREATE_DATE, NOTICE_TYPE, NOTICE_RECEIVER_NO, NOTICE_PROJECT_NO)
VALUES (SEQ_NOTICE_NO.NEXTVAL, '프로젝트 심사 결과 안내', '축하합니다. 프로젝트가 승인되었습니다.', 1, '2024-02-24', 2, 10, 1031);

INSERT INTO TB_NOTICE (NOTICE_NO, NOTICE_TITLE, NOTICE_CONTENT, NOTICE_WRITER, NOTICE_CREATE_DATE, NOTICE_TYPE, NOTICE_RECEIVER_NO, NOTICE_PROJECT_NO)
VALUES (SEQ_NOTICE_NO.NEXTVAL, '프로젝트 등록 신청', '프로젝트 등록에 대한 신청 접수가 성공적으로 완료되었습니다. 추후 결과를 안내 드리겠습니다.', 1, '2024-02-24', 2, 2, 1032);
INSERT INTO TB_NOTICE (NOTICE_NO, NOTICE_TITLE, NOTICE_CONTENT, NOTICE_WRITER, NOTICE_CREATE_DATE, NOTICE_TYPE, NOTICE_RECEIVER_NO, NOTICE_PROJECT_NO)
VALUES (SEQ_NOTICE_NO.NEXTVAL, '프로젝트 심사 결과 안내', '축하합니다. 프로젝트가 승인되었습니다.', 1, '2024-02-24', 2, 2, 1032);

INSERT INTO TB_NOTICE (NOTICE_NO, NOTICE_TITLE, NOTICE_CONTENT, NOTICE_WRITER, NOTICE_CREATE_DATE, NOTICE_TYPE, NOTICE_RECEIVER_NO, NOTICE_PROJECT_NO)
VALUES (SEQ_NOTICE_NO.NEXTVAL, '프로젝트 등록 신청', '프로젝트 등록에 대한 신청 접수가 성공적으로 완료되었습니다. 추후 결과를 안내 드리겠습니다.', 1, '2024-02-24', 2, 3, 1033);
INSERT INTO TB_NOTICE (NOTICE_NO, NOTICE_TITLE, NOTICE_CONTENT, NOTICE_WRITER, NOTICE_CREATE_DATE, NOTICE_TYPE, NOTICE_RECEIVER_NO, NOTICE_PROJECT_NO)
VALUES (SEQ_NOTICE_NO.NEXTVAL, '프로젝트 심사 결과 안내', '축하합니다. 프로젝트가 승인되었습니다.', 1, '2024-02-24', 2, 3, 1033);

INSERT INTO TB_NOTICE (NOTICE_NO, NOTICE_TITLE, NOTICE_CONTENT, NOTICE_WRITER, NOTICE_CREATE_DATE, NOTICE_TYPE, NOTICE_RECEIVER_NO, NOTICE_PROJECT_NO)
VALUES (SEQ_NOTICE_NO.NEXTVAL, '프로젝트 등록 신청', '프로젝트 등록에 대한 신청 접수가 성공적으로 완료되었습니다. 추후 결과를 안내 드리겠습니다.', 1, '2024-02-24', 2, 4, 1034);
INSERT INTO TB_NOTICE (NOTICE_NO, NOTICE_TITLE, NOTICE_CONTENT, NOTICE_WRITER, NOTICE_CREATE_DATE, NOTICE_TYPE, NOTICE_RECEIVER_NO, NOTICE_PROJECT_NO)
VALUES (SEQ_NOTICE_NO.NEXTVAL, '프로젝트 심사 결과 안내', '축하합니다. 프로젝트가 승인되었습니다.', 1, '2024-02-24', 2, 4, 1034);

INSERT INTO TB_NOTICE (NOTICE_NO, NOTICE_TITLE, NOTICE_CONTENT, NOTICE_WRITER, NOTICE_CREATE_DATE, NOTICE_TYPE, NOTICE_RECEIVER_NO, NOTICE_QNA_NO)
VALUES (SEQ_NOTICE_NO.NEXTVAL, 'Q' || CHR(38) || 'A 등록', 'Q' || CHR(38) || 'A 등록이 성공적으로 완료되었습니다. 추후 답변을 안내 드리겠습니다.', 1, '2024-02-24', 3, 4, 3);

INSERT INTO TB_NOTICE (NOTICE_NO, NOTICE_TITLE, NOTICE_CONTENT, NOTICE_WRITER, NOTICE_CREATE_DATE, NOTICE_TYPE, NOTICE_RECEIVER_NO, NOTICE_PROJECT_NO)
VALUES (SEQ_NOTICE_NO.NEXTVAL, '프로젝트 등록 신청', '프로젝트 등록에 대한 신청 접수가 성공적으로 완료되었습니다. 추후 결과를 안내 드리겠습니다.', 1, '2024-02-25', 2, 5, 1035);
INSERT INTO TB_NOTICE (NOTICE_NO, NOTICE_TITLE, NOTICE_CONTENT, NOTICE_WRITER, NOTICE_CREATE_DATE, NOTICE_TYPE, NOTICE_RECEIVER_NO, NOTICE_PROJECT_NO)
VALUES (SEQ_NOTICE_NO.NEXTVAL, '프로젝트 심사 결과 안내', '축하합니다. 프로젝트가 승인되었습니다.', 1, '2024-02-25', 2, 5, 1035);

INSERT INTO TB_NOTICE (NOTICE_NO, NOTICE_TITLE, NOTICE_CONTENT, NOTICE_WRITER, NOTICE_CREATE_DATE, NOTICE_TYPE, NOTICE_RECEIVER_NO, NOTICE_PROJECT_NO)
VALUES (SEQ_NOTICE_NO.NEXTVAL, '프로젝트 등록 신청', '프로젝트 등록에 대한 신청 접수가 성공적으로 완료되었습니다. 추후 결과를 안내 드리겠습니다.', 1, '2024-02-25', 2, 6, 1036);
INSERT INTO TB_NOTICE (NOTICE_NO, NOTICE_TITLE, NOTICE_CONTENT, NOTICE_WRITER, NOTICE_CREATE_DATE, NOTICE_TYPE, NOTICE_RECEIVER_NO, NOTICE_PROJECT_NO)
VALUES (SEQ_NOTICE_NO.NEXTVAL, '프로젝트 심사 결과 안내', '축하합니다. 프로젝트가 승인되었습니다.', 1, '2024-02-25', 2, 6, 1036);

INSERT INTO TB_NOTICE (NOTICE_NO, NOTICE_TITLE, NOTICE_CONTENT, NOTICE_WRITER, NOTICE_CREATE_DATE, NOTICE_TYPE, NOTICE_RECEIVER_NO, NOTICE_PROJECT_NO)
VALUES (SEQ_NOTICE_NO.NEXTVAL, '프로젝트 등록 신청', '프로젝트 등록에 대한 신청 접수가 성공적으로 완료되었습니다. 추후 결과를 안내 드리겠습니다.', 1, '2024-02-25', 2, 7, 1037);
INSERT INTO TB_NOTICE (NOTICE_NO, NOTICE_TITLE, NOTICE_CONTENT, NOTICE_WRITER, NOTICE_CREATE_DATE, NOTICE_TYPE, NOTICE_RECEIVER_NO, NOTICE_PROJECT_NO)
VALUES (SEQ_NOTICE_NO.NEXTVAL, '프로젝트 심사 결과 안내', '축하합니다. 프로젝트가 승인되었습니다.', 1, '2024-02-25', 2, 7, 1037);

INSERT INTO TB_NOTICE (NOTICE_NO, NOTICE_TITLE, NOTICE_CONTENT, NOTICE_WRITER, NOTICE_CREATE_DATE, NOTICE_TYPE, NOTICE_RECEIVER_NO, NOTICE_PROJECT_NO)
VALUES (SEQ_NOTICE_NO.NEXTVAL, '프로젝트 등록 신청', '프로젝트 등록에 대한 신청 접수가 성공적으로 완료되었습니다. 추후 결과를 안내 드리겠습니다.', 1, '2024-02-25', 2, 8, 1038);
INSERT INTO TB_NOTICE (NOTICE_NO, NOTICE_TITLE, NOTICE_CONTENT, NOTICE_WRITER, NOTICE_CREATE_DATE, NOTICE_TYPE, NOTICE_RECEIVER_NO, NOTICE_PROJECT_NO)
VALUES (SEQ_NOTICE_NO.NEXTVAL, '프로젝트 심사 결과 안내', '축하합니다. 프로젝트가 승인되었습니다.', 1, '2024-02-25', 2, 8, 1038);

INSERT INTO TB_NOTICE (NOTICE_NO, NOTICE_TITLE, NOTICE_CONTENT, NOTICE_WRITER, NOTICE_CREATE_DATE, NOTICE_TYPE, NOTICE_RECEIVER_NO, NOTICE_PROJECT_NO)
VALUES (SEQ_NOTICE_NO.NEXTVAL, '프로젝트 등록 신청', '프로젝트 등록에 대한 신청 접수가 성공적으로 완료되었습니다. 추후 결과를 안내 드리겠습니다.', 1, '2024-02-25', 2, 9, 1039);
INSERT INTO TB_NOTICE (NOTICE_NO, NOTICE_TITLE, NOTICE_CONTENT, NOTICE_WRITER, NOTICE_CREATE_DATE, NOTICE_TYPE, NOTICE_RECEIVER_NO, NOTICE_PROJECT_NO)
VALUES (SEQ_NOTICE_NO.NEXTVAL, '프로젝트 심사 결과 안내', '축하합니다. 프로젝트가 승인되었습니다.', 1, '2024-02-25', 2, 9, 1039);

INSERT INTO TB_NOTICE (NOTICE_NO, NOTICE_TITLE, NOTICE_CONTENT, NOTICE_WRITER, NOTICE_CREATE_DATE, NOTICE_TYPE, NOTICE_RECEIVER_NO, NOTICE_PROJECT_NO)
VALUES (SEQ_NOTICE_NO.NEXTVAL, '프로젝트 등록 신청', '프로젝트 등록에 대한 신청 접수가 성공적으로 완료되었습니다. 추후 결과를 안내 드리겠습니다.', 1, '2024-02-25', 2, 10, 1040);
INSERT INTO TB_NOTICE (NOTICE_NO, NOTICE_TITLE, NOTICE_CONTENT, NOTICE_WRITER, NOTICE_CREATE_DATE, NOTICE_TYPE, NOTICE_RECEIVER_NO, NOTICE_PROJECT_NO)
VALUES (SEQ_NOTICE_NO.NEXTVAL, '프로젝트 심사 결과 안내', '축하합니다. 프로젝트가 승인되었습니다.', 1, '2024-02-25', 2, 10, 1040);

INSERT INTO TB_NOTICE (NOTICE_NO, NOTICE_TITLE, NOTICE_CONTENT, NOTICE_WRITER, NOTICE_CREATE_DATE, NOTICE_TYPE, NOTICE_RECEIVER_NO, NOTICE_PROJECT_NO)
VALUES (SEQ_NOTICE_NO.NEXTVAL, '프로젝트 등록 신청', '프로젝트 등록에 대한 신청 접수가 성공적으로 완료되었습니다. 추후 결과를 안내 드리겠습니다.', 1, '2024-02-25', 2, 2, 1041);
INSERT INTO TB_NOTICE (NOTICE_NO, NOTICE_TITLE, NOTICE_CONTENT, NOTICE_WRITER, NOTICE_CREATE_DATE, NOTICE_TYPE, NOTICE_RECEIVER_NO, NOTICE_PROJECT_NO)
VALUES (SEQ_NOTICE_NO.NEXTVAL, '프로젝트 심사 결과 안내', '축하합니다. 프로젝트가 승인되었습니다.', 1, '2024-02-25', 2, 2, 1041);

INSERT INTO TB_NOTICE (NOTICE_NO, NOTICE_TITLE, NOTICE_CONTENT, NOTICE_WRITER, NOTICE_CREATE_DATE, NOTICE_TYPE, NOTICE_RECEIVER_NO, NOTICE_PROJECT_NO)
VALUES (SEQ_NOTICE_NO.NEXTVAL, '프로젝트 등록 신청', '프로젝트 등록에 대한 신청 접수가 성공적으로 완료되었습니다. 추후 결과를 안내 드리겠습니다.', 1, '2024-02-25', 2, 3, 1042);
INSERT INTO TB_NOTICE (NOTICE_NO, NOTICE_TITLE, NOTICE_CONTENT, NOTICE_WRITER, NOTICE_CREATE_DATE, NOTICE_TYPE, NOTICE_RECEIVER_NO, NOTICE_PROJECT_NO)
VALUES (SEQ_NOTICE_NO.NEXTVAL, '프로젝트 심사 결과 안내', '축하합니다. 프로젝트가 승인되었습니다.', 1, '2024-02-25', 2, 3, 1042);

INSERT INTO TB_NOTICE (NOTICE_NO, NOTICE_TITLE, NOTICE_CONTENT, NOTICE_WRITER, NOTICE_CREATE_DATE, NOTICE_TYPE, NOTICE_RECEIVER_NO, NOTICE_PROJECT_NO)
VALUES (SEQ_NOTICE_NO.NEXTVAL, '프로젝트 등록 신청', '프로젝트 등록에 대한 신청 접수가 성공적으로 완료되었습니다. 추후 결과를 안내 드리겠습니다.', 1, '2024-02-25', 2, 4, 1043);
INSERT INTO TB_NOTICE (NOTICE_NO, NOTICE_TITLE, NOTICE_CONTENT, NOTICE_WRITER, NOTICE_CREATE_DATE, NOTICE_TYPE, NOTICE_RECEIVER_NO, NOTICE_PROJECT_NO)
VALUES (SEQ_NOTICE_NO.NEXTVAL, '프로젝트 심사 결과 안내', '축하합니다. 프로젝트가 승인되었습니다.', 1, '2024-02-25', 2, 4, 1043);

INSERT INTO TB_NOTICE (NOTICE_NO, NOTICE_TITLE, NOTICE_CONTENT, NOTICE_WRITER, NOTICE_CREATE_DATE, NOTICE_TYPE, NOTICE_RECEIVER_NO, NOTICE_PROJECT_NO)
VALUES (SEQ_NOTICE_NO.NEXTVAL, '프로젝트 등록 신청', '프로젝트 등록에 대한 신청 접수가 성공적으로 완료되었습니다. 추후 결과를 안내 드리겠습니다.', 1, '2024-02-25', 2, 5, 1044);
INSERT INTO TB_NOTICE (NOTICE_NO, NOTICE_TITLE, NOTICE_CONTENT, NOTICE_WRITER, NOTICE_CREATE_DATE, NOTICE_TYPE, NOTICE_RECEIVER_NO, NOTICE_PROJECT_NO)
VALUES (SEQ_NOTICE_NO.NEXTVAL, '프로젝트 심사 결과 안내', '축하합니다. 프로젝트가 승인되었습니다.', 1, '2024-02-25', 2, 5, 1044);

INSERT INTO TB_NOTICE (NOTICE_NO, NOTICE_TITLE, NOTICE_CONTENT, NOTICE_WRITER, NOTICE_CREATE_DATE, NOTICE_TYPE, NOTICE_RECEIVER_NO, NOTICE_QNA_NO)
VALUES (SEQ_NOTICE_NO.NEXTVAL, 'Q' || CHR(38) || 'A 등록', 'Q' || CHR(38) || 'A 등록이 성공적으로 완료되었습니다. 추후 답변을 안내 드리겠습니다.', 1, '2024-02-25', 3, 3, 4);

INSERT INTO TB_NOTICE (NOTICE_NO, NOTICE_TITLE, NOTICE_CONTENT, NOTICE_WRITER, NOTICE_CREATE_DATE, NOTICE_TYPE, NOTICE_RECEIVER_NO, NOTICE_PROJECT_NO)
VALUES (SEQ_NOTICE_NO.NEXTVAL, '프로젝트 등록 신청', '프로젝트 등록에 대한 신청 접수가 성공적으로 완료되었습니다. 추후 결과를 안내 드리겠습니다.', 1, '2024-02-26', 2, 6, 1045);
INSERT INTO TB_NOTICE (NOTICE_NO, NOTICE_TITLE, NOTICE_CONTENT, NOTICE_WRITER, NOTICE_CREATE_DATE, NOTICE_TYPE, NOTICE_RECEIVER_NO, NOTICE_PROJECT_NO)
VALUES (SEQ_NOTICE_NO.NEXTVAL, '프로젝트 심사 결과 안내', '축하합니다. 프로젝트가 승인되었습니다.', 1, '2024-02-26', 2, 6, 1045);

INSERT INTO TB_NOTICE (NOTICE_NO, NOTICE_TITLE, NOTICE_CONTENT, NOTICE_WRITER, NOTICE_CREATE_DATE, NOTICE_TYPE, NOTICE_RECEIVER_NO, NOTICE_PROJECT_NO)
VALUES (SEQ_NOTICE_NO.NEXTVAL, '프로젝트 등록 신청', '프로젝트 등록에 대한 신청 접수가 성공적으로 완료되었습니다. 추후 결과를 안내 드리겠습니다.', 1, '2024-02-26', 2, 7, 1046);
INSERT INTO TB_NOTICE (NOTICE_NO, NOTICE_TITLE, NOTICE_CONTENT, NOTICE_WRITER, NOTICE_CREATE_DATE, NOTICE_TYPE, NOTICE_RECEIVER_NO, NOTICE_PROJECT_NO)
VALUES (SEQ_NOTICE_NO.NEXTVAL, '프로젝트 심사 결과 안내', '축하합니다. 프로젝트가 승인되었습니다.', 1, '2024-02-26', 2, 7, 1046);

INSERT INTO TB_NOTICE (NOTICE_NO, NOTICE_TITLE, NOTICE_CONTENT, NOTICE_WRITER, NOTICE_CREATE_DATE, NOTICE_TYPE, NOTICE_RECEIVER_NO, NOTICE_PROJECT_NO)
VALUES (SEQ_NOTICE_NO.NEXTVAL, '프로젝트 등록 신청', '프로젝트 등록에 대한 신청 접수가 성공적으로 완료되었습니다. 추후 결과를 안내 드리겠습니다.', 1, '2024-02-26', 2, 8, 1047);
INSERT INTO TB_NOTICE (NOTICE_NO, NOTICE_TITLE, NOTICE_CONTENT, NOTICE_WRITER, NOTICE_CREATE_DATE, NOTICE_TYPE, NOTICE_RECEIVER_NO, NOTICE_PROJECT_NO)
VALUES (SEQ_NOTICE_NO.NEXTVAL, '프로젝트 심사 결과 안내', '축하합니다. 프로젝트가 승인되었습니다.', 1, '2024-02-26', 2, 8, 1047);

INSERT INTO TB_NOTICE (NOTICE_NO, NOTICE_TITLE, NOTICE_CONTENT, NOTICE_WRITER, NOTICE_CREATE_DATE, NOTICE_TYPE, NOTICE_RECEIVER_NO, NOTICE_PROJECT_NO)
VALUES (SEQ_NOTICE_NO.NEXTVAL, '프로젝트 등록 신청', '프로젝트 등록에 대한 신청 접수가 성공적으로 완료되었습니다. 추후 결과를 안내 드리겠습니다.', 1, '2024-02-26', 2, 9, 1048);
INSERT INTO TB_NOTICE (NOTICE_NO, NOTICE_TITLE, NOTICE_CONTENT, NOTICE_WRITER, NOTICE_CREATE_DATE, NOTICE_TYPE, NOTICE_RECEIVER_NO, NOTICE_PROJECT_NO)
VALUES (SEQ_NOTICE_NO.NEXTVAL, '프로젝트 심사 결과 안내', '축하합니다. 프로젝트가 승인되었습니다.', 1, '2024-02-26', 2, 9, 1048);

INSERT INTO TB_NOTICE (NOTICE_NO, NOTICE_TITLE, NOTICE_CONTENT, NOTICE_WRITER, NOTICE_CREATE_DATE, NOTICE_TYPE, NOTICE_RECEIVER_NO, NOTICE_PROJECT_NO)
VALUES (SEQ_NOTICE_NO.NEXTVAL, '프로젝트 등록 신청', '프로젝트 등록에 대한 신청 접수가 성공적으로 완료되었습니다. 추후 결과를 안내 드리겠습니다.', 1, '2024-02-26', 2, 10, 1049);
INSERT INTO TB_NOTICE (NOTICE_NO, NOTICE_TITLE, NOTICE_CONTENT, NOTICE_WRITER, NOTICE_CREATE_DATE, NOTICE_TYPE, NOTICE_RECEIVER_NO, NOTICE_PROJECT_NO)
VALUES (SEQ_NOTICE_NO.NEXTVAL, '프로젝트 심사 결과 안내', '축하합니다. 프로젝트가 승인되었습니다.', 1, '2024-02-26', 2, 10, 1049);

INSERT INTO TB_NOTICE (NOTICE_NO, NOTICE_TITLE, NOTICE_CONTENT, NOTICE_WRITER, NOTICE_CREATE_DATE, NOTICE_TYPE, NOTICE_RECEIVER_NO, NOTICE_PROJECT_NO)
VALUES (SEQ_NOTICE_NO.NEXTVAL, '프로젝트 등록 신청', '프로젝트 등록에 대한 신청 접수가 성공적으로 완료되었습니다. 추후 결과를 안내 드리겠습니다.', 1, '2024-02-26', 2, 2, 1050);
INSERT INTO TB_NOTICE (NOTICE_NO, NOTICE_TITLE, NOTICE_CONTENT, NOTICE_WRITER, NOTICE_CREATE_DATE, NOTICE_TYPE, NOTICE_RECEIVER_NO, NOTICE_PROJECT_NO)
VALUES (SEQ_NOTICE_NO.NEXTVAL, '프로젝트 심사 결과 안내', '축하합니다. 프로젝트가 승인되었습니다.', 1, '2024-02-26', 2, 2, 1050);

INSERT INTO TB_NOTICE (NOTICE_NO, NOTICE_TITLE, NOTICE_CONTENT, NOTICE_WRITER, NOTICE_CREATE_DATE, NOTICE_TYPE, NOTICE_RECEIVER_NO, NOTICE_PROJECT_NO)
VALUES (SEQ_NOTICE_NO.NEXTVAL, '프로젝트 등록 신청', '프로젝트 등록에 대한 신청 접수가 성공적으로 완료되었습니다. 추후 결과를 안내 드리겠습니다.', 1, '2024-02-26', 2, 3, 1051);
INSERT INTO TB_NOTICE (NOTICE_NO, NOTICE_TITLE, NOTICE_CONTENT, NOTICE_WRITER, NOTICE_CREATE_DATE, NOTICE_TYPE, NOTICE_RECEIVER_NO, NOTICE_PROJECT_NO)
VALUES (SEQ_NOTICE_NO.NEXTVAL, '프로젝트 심사 결과 안내', '축하합니다. 프로젝트가 승인되었습니다.', 1, '2024-02-26', 2, 3, 1051);

INSERT INTO TB_NOTICE (NOTICE_NO, NOTICE_TITLE, NOTICE_CONTENT, NOTICE_WRITER, NOTICE_CREATE_DATE, NOTICE_TYPE, NOTICE_RECEIVER_NO, NOTICE_PROJECT_NO)
VALUES (SEQ_NOTICE_NO.NEXTVAL, '프로젝트 등록 신청', '프로젝트 등록에 대한 신청 접수가 성공적으로 완료되었습니다. 추후 결과를 안내 드리겠습니다.', 1, '2024-02-26', 2, 4, 1052);
INSERT INTO TB_NOTICE (NOTICE_NO, NOTICE_TITLE, NOTICE_CONTENT, NOTICE_WRITER, NOTICE_CREATE_DATE, NOTICE_TYPE, NOTICE_RECEIVER_NO, NOTICE_PROJECT_NO)
VALUES (SEQ_NOTICE_NO.NEXTVAL, '프로젝트 심사 결과 안내', '축하합니다. 프로젝트가 승인되었습니다.', 1, '2024-02-26', 2, 4, 1052);

INSERT INTO TB_NOTICE (NOTICE_NO, NOTICE_TITLE, NOTICE_CONTENT, NOTICE_WRITER, NOTICE_CREATE_DATE, NOTICE_TYPE, NOTICE_RECEIVER_NO, NOTICE_PROJECT_NO)
VALUES (SEQ_NOTICE_NO.NEXTVAL, '프로젝트 등록 신청', '프로젝트 등록에 대한 신청 접수가 성공적으로 완료되었습니다. 추후 결과를 안내 드리겠습니다.', 1, '2024-02-26', 2, 5, 1053);
INSERT INTO TB_NOTICE (NOTICE_NO, NOTICE_TITLE, NOTICE_CONTENT, NOTICE_WRITER, NOTICE_CREATE_DATE, NOTICE_TYPE, NOTICE_RECEIVER_NO, NOTICE_PROJECT_NO)
VALUES (SEQ_NOTICE_NO.NEXTVAL, '프로젝트 심사 결과 안내', '축하합니다. 프로젝트가 승인되었습니다.', 1, '2024-02-26', 2, 5, 1053);

INSERT INTO TB_NOTICE (NOTICE_NO, NOTICE_TITLE, NOTICE_CONTENT, NOTICE_WRITER, NOTICE_CREATE_DATE, NOTICE_TYPE, NOTICE_RECEIVER_NO, NOTICE_PROJECT_NO)
VALUES (SEQ_NOTICE_NO.NEXTVAL, '프로젝트 등록 신청', '프로젝트 등록에 대한 신청 접수가 성공적으로 완료되었습니다. 추후 결과를 안내 드리겠습니다.', 1, '2024-02-26', 2, 6, 1054);
INSERT INTO TB_NOTICE (NOTICE_NO, NOTICE_TITLE, NOTICE_CONTENT, NOTICE_WRITER, NOTICE_CREATE_DATE, NOTICE_TYPE, NOTICE_RECEIVER_NO, NOTICE_PROJECT_NO)
VALUES (SEQ_NOTICE_NO.NEXTVAL, '프로젝트 심사 결과 안내', '축하합니다. 프로젝트가 승인되었습니다.', 1, '2024-02-26', 2, 6, 1054);

INSERT INTO TB_NOTICE (NOTICE_NO, NOTICE_TITLE, NOTICE_CONTENT, NOTICE_WRITER, NOTICE_CREATE_DATE, NOTICE_TYPE, NOTICE_RECEIVER_NO, NOTICE_QNA_NO)
VALUES (SEQ_NOTICE_NO.NEXTVAL, 'Q' || CHR(38) || 'A 등록', 'Q' || CHR(38) || 'A 등록이 성공적으로 완료되었습니다. 추후 답변을 안내 드리겠습니다.', 1, '2024-02-26', 3, 2, 5);

INSERT INTO TB_NOTICE (NOTICE_NO, NOTICE_TITLE, NOTICE_CONTENT, NOTICE_WRITER, NOTICE_CREATE_DATE, NOTICE_TYPE, NOTICE_RECEIVER_NO, NOTICE_PROJECT_NO)
VALUES (SEQ_NOTICE_NO.NEXTVAL, '프로젝트 등록 신청', '프로젝트 등록에 대한 신청 접수가 성공적으로 완료되었습니다. 추후 결과를 안내 드리겠습니다.', 1, '2024-02-27', 2, 7, 1055);
INSERT INTO TB_NOTICE (NOTICE_NO, NOTICE_TITLE, NOTICE_CONTENT, NOTICE_WRITER, NOTICE_CREATE_DATE, NOTICE_TYPE, NOTICE_RECEIVER_NO, NOTICE_PROJECT_NO)
VALUES (SEQ_NOTICE_NO.NEXTVAL, '프로젝트 심사 결과 안내', '축하합니다. 프로젝트가 승인되었습니다.', 1, '2024-02-27', 2, 7, 1055);

INSERT INTO TB_NOTICE (NOTICE_NO, NOTICE_TITLE, NOTICE_CONTENT, NOTICE_WRITER, NOTICE_CREATE_DATE, NOTICE_TYPE, NOTICE_RECEIVER_NO, NOTICE_PROJECT_NO)
VALUES (SEQ_NOTICE_NO.NEXTVAL, '프로젝트 등록 신청', '프로젝트 등록에 대한 신청 접수가 성공적으로 완료되었습니다. 추후 결과를 안내 드리겠습니다.', 1, '2024-02-27', 2, 8, 1056);
INSERT INTO TB_NOTICE (NOTICE_NO, NOTICE_TITLE, NOTICE_CONTENT, NOTICE_WRITER, NOTICE_CREATE_DATE, NOTICE_TYPE, NOTICE_RECEIVER_NO, NOTICE_PROJECT_NO)
VALUES (SEQ_NOTICE_NO.NEXTVAL, '프로젝트 심사 결과 안내', '축하합니다. 프로젝트가 승인되었습니다.', 1, '2024-02-27', 2, 8, 1056);

INSERT INTO TB_NOTICE (NOTICE_NO, NOTICE_TITLE, NOTICE_CONTENT, NOTICE_WRITER, NOTICE_CREATE_DATE, NOTICE_TYPE, NOTICE_RECEIVER_NO, NOTICE_PROJECT_NO)
VALUES (SEQ_NOTICE_NO.NEXTVAL, '프로젝트 등록 신청', '프로젝트 등록에 대한 신청 접수가 성공적으로 완료되었습니다. 추후 결과를 안내 드리겠습니다.', 1, '2024-02-27', 2, 9, 1057);
INSERT INTO TB_NOTICE (NOTICE_NO, NOTICE_TITLE, NOTICE_CONTENT, NOTICE_WRITER, NOTICE_CREATE_DATE, NOTICE_TYPE, NOTICE_RECEIVER_NO, NOTICE_PROJECT_NO)
VALUES (SEQ_NOTICE_NO.NEXTVAL, '프로젝트 심사 결과 안내', '축하합니다. 프로젝트가 승인되었습니다.', 1, '2024-02-27', 2, 9, 1057);

INSERT INTO TB_NOTICE (NOTICE_NO, NOTICE_TITLE, NOTICE_CONTENT, NOTICE_WRITER, NOTICE_CREATE_DATE, NOTICE_TYPE, NOTICE_RECEIVER_NO, NOTICE_PROJECT_NO)
VALUES (SEQ_NOTICE_NO.NEXTVAL, '프로젝트 등록 신청', '프로젝트 등록에 대한 신청 접수가 성공적으로 완료되었습니다. 추후 결과를 안내 드리겠습니다.', 1, '2024-02-27', 2, 10, 1058);
INSERT INTO TB_NOTICE (NOTICE_NO, NOTICE_TITLE, NOTICE_CONTENT, NOTICE_WRITER, NOTICE_CREATE_DATE, NOTICE_TYPE, NOTICE_RECEIVER_NO, NOTICE_PROJECT_NO)
VALUES (SEQ_NOTICE_NO.NEXTVAL, '프로젝트 심사 결과 안내', '축하합니다. 프로젝트가 승인되었습니다.', 1, '2024-02-27', 2, 10, 1058);

INSERT INTO TB_NOTICE (NOTICE_NO, NOTICE_TITLE, NOTICE_CONTENT, NOTICE_WRITER, NOTICE_CREATE_DATE, NOTICE_TYPE, NOTICE_RECEIVER_NO, NOTICE_PROJECT_NO)
VALUES (SEQ_NOTICE_NO.NEXTVAL, '프로젝트 등록 신청', '프로젝트 등록에 대한 신청 접수가 성공적으로 완료되었습니다. 추후 결과를 안내 드리겠습니다.', 1, '2024-02-27', 2, 14, 1059);
INSERT INTO TB_NOTICE (NOTICE_NO, NOTICE_TITLE, NOTICE_CONTENT, NOTICE_WRITER, NOTICE_CREATE_DATE, NOTICE_TYPE, NOTICE_RECEIVER_NO, NOTICE_PROJECT_NO)
VALUES (SEQ_NOTICE_NO.NEXTVAL, '프로젝트 심사 결과 안내', '축하합니다. 프로젝트가 승인되었습니다.', 1, '2024-02-27', 2, 14, 1059);

INSERT INTO TB_NOTICE (NOTICE_NO, NOTICE_TITLE, NOTICE_CONTENT, NOTICE_WRITER, NOTICE_CREATE_DATE, NOTICE_TYPE, NOTICE_RECEIVER_NO, NOTICE_PROJECT_NO)
VALUES (SEQ_NOTICE_NO.NEXTVAL, '프로젝트 등록 신청', '프로젝트 등록에 대한 신청 접수가 성공적으로 완료되었습니다. 추후 결과를 안내 드리겠습니다.', 1, '2024-02-27', 2, 15, 1060);
INSERT INTO TB_NOTICE (NOTICE_NO, NOTICE_TITLE, NOTICE_CONTENT, NOTICE_WRITER, NOTICE_CREATE_DATE, NOTICE_TYPE, NOTICE_RECEIVER_NO, NOTICE_PROJECT_NO)
VALUES (SEQ_NOTICE_NO.NEXTVAL, '프로젝트 심사 결과 안내', '축하합니다. 프로젝트가 승인되었습니다.', 1, '2024-02-27', 2, 15, 1060);

INSERT INTO TB_NOTICE (NOTICE_NO, NOTICE_TITLE, NOTICE_CONTENT, NOTICE_WRITER, NOTICE_CREATE_DATE, NOTICE_TYPE, NOTICE_RECEIVER_NO, NOTICE_PROJECT_NO)
VALUES (SEQ_NOTICE_NO.NEXTVAL, '프로젝트 등록 신청', '프로젝트 등록에 대한 신청 접수가 성공적으로 완료되었습니다. 추후 결과를 안내 드리겠습니다.', 1, '2024-02-27', 2, 11, 1061);
INSERT INTO TB_NOTICE (NOTICE_NO, NOTICE_TITLE, NOTICE_CONTENT, NOTICE_WRITER, NOTICE_CREATE_DATE, NOTICE_TYPE, NOTICE_RECEIVER_NO, NOTICE_PROJECT_NO)
VALUES (SEQ_NOTICE_NO.NEXTVAL, '프로젝트 심사 결과 안내', '축하합니다. 프로젝트가 승인되었습니다.', 1, '2024-02-27', 2, 11, 1061);

INSERT INTO TB_NOTICE (NOTICE_NO, NOTICE_TITLE, NOTICE_CONTENT, NOTICE_WRITER, NOTICE_CREATE_DATE, NOTICE_TYPE, NOTICE_RECEIVER_NO, NOTICE_PROJECT_NO)
VALUES (SEQ_NOTICE_NO.NEXTVAL, '프로젝트 등록 신청', '프로젝트 등록에 대한 신청 접수가 성공적으로 완료되었습니다. 추후 결과를 안내 드리겠습니다.', 1, '2024-02-27', 2, 12, 1062);
INSERT INTO TB_NOTICE (NOTICE_NO, NOTICE_TITLE, NOTICE_CONTENT, NOTICE_WRITER, NOTICE_CREATE_DATE, NOTICE_TYPE, NOTICE_RECEIVER_NO, NOTICE_PROJECT_NO)
VALUES (SEQ_NOTICE_NO.NEXTVAL, '프로젝트 심사 결과 안내', '축하합니다. 프로젝트가 승인되었습니다.', 1, '2024-02-27', 2, 12, 1062);

INSERT INTO TB_NOTICE (NOTICE_NO, NOTICE_TITLE, NOTICE_CONTENT, NOTICE_WRITER, NOTICE_CREATE_DATE, NOTICE_TYPE, NOTICE_RECEIVER_NO, NOTICE_PROJECT_NO)
VALUES (SEQ_NOTICE_NO.NEXTVAL, '프로젝트 등록 신청', '프로젝트 등록에 대한 신청 접수가 성공적으로 완료되었습니다. 추후 결과를 안내 드리겠습니다.', 1, '2024-02-27', 2, 13, 1063);
INSERT INTO TB_NOTICE (NOTICE_NO, NOTICE_TITLE, NOTICE_CONTENT, NOTICE_WRITER, NOTICE_CREATE_DATE, NOTICE_TYPE, NOTICE_RECEIVER_NO, NOTICE_PROJECT_NO)
VALUES (SEQ_NOTICE_NO.NEXTVAL, '프로젝트 심사 결과 안내', '축하합니다. 프로젝트가 승인되었습니다.', 1, '2024-02-27', 2, 13, 1063);

INSERT INTO TB_NOTICE (NOTICE_NO, NOTICE_TITLE, NOTICE_CONTENT, NOTICE_WRITER, NOTICE_CREATE_DATE, NOTICE_TYPE, NOTICE_RECEIVER_NO, NOTICE_PROJECT_NO)
VALUES (SEQ_NOTICE_NO.NEXTVAL, '프로젝트 등록 신청', '프로젝트 등록에 대한 신청 접수가 성공적으로 완료되었습니다. 추후 결과를 안내 드리겠습니다.', 1, '2024-02-27', 2, 14, 1064);
INSERT INTO TB_NOTICE (NOTICE_NO, NOTICE_TITLE, NOTICE_CONTENT, NOTICE_WRITER, NOTICE_CREATE_DATE, NOTICE_TYPE, NOTICE_RECEIVER_NO, NOTICE_PROJECT_NO)
VALUES (SEQ_NOTICE_NO.NEXTVAL, '프로젝트 심사 결과 안내', '축하합니다. 프로젝트가 승인되었습니다.', 1, '2024-02-27', 2, 14, 1064);

INSERT INTO TB_NOTICE (NOTICE_NO, NOTICE_TITLE, NOTICE_CONTENT, NOTICE_WRITER, NOTICE_CREATE_DATE, NOTICE_TYPE, NOTICE_ANNOUNCEMENT_NO)
VALUES (SEQ_NOTICE_NO.NEXTVAL, '공지사항', '안녕하세요. 뻔뻔해요 입니다. 기부자 감사: 성공적인 펀딩에 동참해 주셔서 감사드립니다. 함께 해서 정말 감사합니다!', 1, '2024-02-27', 1, 4);

INSERT INTO TB_NOTICE (NOTICE_NO, NOTICE_TITLE, NOTICE_CONTENT, NOTICE_WRITER, NOTICE_CREATE_DATE, NOTICE_TYPE, NOTICE_ANNOUNCEMENT_NO)
VALUES (SEQ_NOTICE_NO.NEXTVAL, '공지사항', '안녕하세요. 뻔뻔해요 입니다. 익일 새벽 3시부터 약 1시간 동안 서비스 개선을 위한 점검이 있을 예정입니다.', 1, '2024-02-27', 1, 5);

INSERT INTO TB_NOTICE (NOTICE_NO, NOTICE_TITLE, NOTICE_CONTENT, NOTICE_WRITER, NOTICE_CREATE_DATE, NOTICE_TYPE, NOTICE_RECEIVER_NO, NOTICE_PROJECT_NO)
VALUES (SEQ_NOTICE_NO.NEXTVAL, '프로젝트 등록 신청', '프로젝트 등록에 대한 신청 접수가 성공적으로 완료되었습니다. 추후 결과를 안내 드리겠습니다.', 1, '2024-02-28', 2, 15, 1065);
INSERT INTO TB_NOTICE (NOTICE_NO, NOTICE_TITLE, NOTICE_CONTENT, NOTICE_WRITER, NOTICE_CREATE_DATE, NOTICE_TYPE, NOTICE_RECEIVER_NO, NOTICE_PROJECT_NO)
VALUES (SEQ_NOTICE_NO.NEXTVAL, '프로젝트 심사 결과 안내', '축하합니다. 프로젝트가 승인되었습니다.', 1, '2024-02-28', 2, 15, 1065);

INSERT INTO TB_NOTICE (NOTICE_NO, NOTICE_TITLE, NOTICE_CONTENT, NOTICE_WRITER, NOTICE_CREATE_DATE, NOTICE_TYPE, NOTICE_RECEIVER_NO, NOTICE_PROJECT_NO)
VALUES (SEQ_NOTICE_NO.NEXTVAL, '프로젝트 등록 신청', '프로젝트 등록에 대한 신청 접수가 성공적으로 완료되었습니다. 추후 결과를 안내 드리겠습니다.', 1, '2024-02-28', 2, 16, 1066);
INSERT INTO TB_NOTICE (NOTICE_NO, NOTICE_TITLE, NOTICE_CONTENT, NOTICE_WRITER, NOTICE_CREATE_DATE, NOTICE_TYPE, NOTICE_RECEIVER_NO, NOTICE_PROJECT_NO)
VALUES (SEQ_NOTICE_NO.NEXTVAL, '프로젝트 심사 결과 안내', '축하합니다. 프로젝트가 승인되었습니다.', 1, '2024-02-28', 2, 16, 1066);

INSERT INTO TB_NOTICE (NOTICE_NO, NOTICE_TITLE, NOTICE_CONTENT, NOTICE_WRITER, NOTICE_CREATE_DATE, NOTICE_TYPE, NOTICE_RECEIVER_NO, NOTICE_PROJECT_NO)
VALUES (SEQ_NOTICE_NO.NEXTVAL, '프로젝트 등록 신청', '프로젝트 등록에 대한 신청 접수가 성공적으로 완료되었습니다. 추후 결과를 안내 드리겠습니다.', 1, '2024-02-28', 2, 17, 1067);
INSERT INTO TB_NOTICE (NOTICE_NO, NOTICE_TITLE, NOTICE_CONTENT, NOTICE_WRITER, NOTICE_CREATE_DATE, NOTICE_TYPE, NOTICE_RECEIVER_NO, NOTICE_PROJECT_NO)
VALUES (SEQ_NOTICE_NO.NEXTVAL, '프로젝트 심사 결과 안내', '축하합니다. 프로젝트가 승인되었습니다.', 1, '2024-02-28', 2, 17, 1067);

INSERT INTO TB_NOTICE (NOTICE_NO, NOTICE_TITLE, NOTICE_CONTENT, NOTICE_WRITER, NOTICE_CREATE_DATE, NOTICE_TYPE, NOTICE_RECEIVER_NO, NOTICE_PROJECT_NO)
VALUES (SEQ_NOTICE_NO.NEXTVAL, '프로젝트 등록 신청', '프로젝트 등록에 대한 신청 접수가 성공적으로 완료되었습니다. 추후 결과를 안내 드리겠습니다.', 1, '2024-02-28', 2, 18, 1068);
INSERT INTO TB_NOTICE (NOTICE_NO, NOTICE_TITLE, NOTICE_CONTENT, NOTICE_WRITER, NOTICE_CREATE_DATE, NOTICE_TYPE, NOTICE_RECEIVER_NO, NOTICE_PROJECT_NO)
VALUES (SEQ_NOTICE_NO.NEXTVAL, '프로젝트 심사 결과 안내', '축하합니다. 프로젝트가 승인되었습니다.', 1, '2024-02-28', 2, 18, 1068);

INSERT INTO TB_NOTICE (NOTICE_NO, NOTICE_TITLE, NOTICE_CONTENT, NOTICE_WRITER, NOTICE_CREATE_DATE, NOTICE_TYPE, NOTICE_RECEIVER_NO, NOTICE_PROJECT_NO)
VALUES (SEQ_NOTICE_NO.NEXTVAL, '프로젝트 등록 신청', '프로젝트 등록에 대한 신청 접수가 성공적으로 완료되었습니다. 추후 결과를 안내 드리겠습니다.', 1, '2024-02-28', 2, 19, 1069);
INSERT INTO TB_NOTICE (NOTICE_NO, NOTICE_TITLE, NOTICE_CONTENT, NOTICE_WRITER, NOTICE_CREATE_DATE, NOTICE_TYPE, NOTICE_RECEIVER_NO, NOTICE_PROJECT_NO)
VALUES (SEQ_NOTICE_NO.NEXTVAL, '프로젝트 심사 결과 안내', '축하합니다. 프로젝트가 승인되었습니다.', 1, '2024-02-28', 2, 19, 1069);

INSERT INTO TB_NOTICE (NOTICE_NO, NOTICE_TITLE, NOTICE_CONTENT, NOTICE_WRITER, NOTICE_CREATE_DATE, NOTICE_TYPE, NOTICE_RECEIVER_NO, NOTICE_PROJECT_NO)
VALUES (SEQ_NOTICE_NO.NEXTVAL, '프로젝트 등록 신청', '프로젝트 등록에 대한 신청 접수가 성공적으로 완료되었습니다. 추후 결과를 안내 드리겠습니다.', 1, '2024-02-28', 2, 20, 1070);
INSERT INTO TB_NOTICE (NOTICE_NO, NOTICE_TITLE, NOTICE_CONTENT, NOTICE_WRITER, NOTICE_CREATE_DATE, NOTICE_TYPE, NOTICE_RECEIVER_NO, NOTICE_PROJECT_NO)
VALUES (SEQ_NOTICE_NO.NEXTVAL, '프로젝트 심사 결과 안내', '축하합니다. 프로젝트가 승인되었습니다.', 1, '2024-02-28', 2, 20, 1070);

INSERT INTO TB_NOTICE (NOTICE_NO, NOTICE_TITLE, NOTICE_CONTENT, NOTICE_WRITER, NOTICE_CREATE_DATE, NOTICE_TYPE, NOTICE_RECEIVER_NO, NOTICE_PROJECT_NO)
VALUES (SEQ_NOTICE_NO.NEXTVAL, '프로젝트 등록 신청', '프로젝트 등록에 대한 신청 접수가 성공적으로 완료되었습니다. 추후 결과를 안내 드리겠습니다.', 1, '2024-02-28', 2, 11, 1071);
INSERT INTO TB_NOTICE (NOTICE_NO, NOTICE_TITLE, NOTICE_CONTENT, NOTICE_WRITER, NOTICE_CREATE_DATE, NOTICE_TYPE, NOTICE_RECEIVER_NO, NOTICE_PROJECT_NO)
VALUES (SEQ_NOTICE_NO.NEXTVAL, '프로젝트 심사 결과 안내', '축하합니다. 프로젝트가 승인되었습니다.', 1, '2024-02-28', 2, 11, 1071);

INSERT INTO TB_NOTICE (NOTICE_NO, NOTICE_TITLE, NOTICE_CONTENT, NOTICE_WRITER, NOTICE_CREATE_DATE, NOTICE_TYPE, NOTICE_RECEIVER_NO, NOTICE_PROJECT_NO)
VALUES (SEQ_NOTICE_NO.NEXTVAL, '프로젝트 등록 신청', '프로젝트 등록에 대한 신청 접수가 성공적으로 완료되었습니다. 추후 결과를 안내 드리겠습니다.', 1, '2024-02-28', 2, 12, 1072);
INSERT INTO TB_NOTICE (NOTICE_NO, NOTICE_TITLE, NOTICE_CONTENT, NOTICE_WRITER, NOTICE_CREATE_DATE, NOTICE_TYPE, NOTICE_RECEIVER_NO, NOTICE_PROJECT_NO)
VALUES (SEQ_NOTICE_NO.NEXTVAL, '프로젝트 심사 결과 안내', '축하합니다. 프로젝트가 승인되었습니다.', 1, '2024-02-28', 2, 12, 1072);

INSERT INTO TB_NOTICE (NOTICE_NO, NOTICE_TITLE, NOTICE_CONTENT, NOTICE_WRITER, NOTICE_CREATE_DATE, NOTICE_TYPE, NOTICE_RECEIVER_NO, NOTICE_PROJECT_NO)
VALUES (SEQ_NOTICE_NO.NEXTVAL, '프로젝트 등록 신청', '프로젝트 등록에 대한 신청 접수가 성공적으로 완료되었습니다. 추후 결과를 안내 드리겠습니다.', 1, '2024-02-28', 2, 13, 1073);
INSERT INTO TB_NOTICE (NOTICE_NO, NOTICE_TITLE, NOTICE_CONTENT, NOTICE_WRITER, NOTICE_CREATE_DATE, NOTICE_TYPE, NOTICE_RECEIVER_NO, NOTICE_PROJECT_NO)
VALUES (SEQ_NOTICE_NO.NEXTVAL, '프로젝트 심사 결과 안내', '축하합니다. 프로젝트가 승인되었습니다.', 1, '2024-02-28', 2, 13, 1073);

INSERT INTO TB_NOTICE (NOTICE_NO, NOTICE_TITLE, NOTICE_CONTENT, NOTICE_WRITER, NOTICE_CREATE_DATE, NOTICE_TYPE, NOTICE_ANNOUNCEMENT_NO)
VALUES (SEQ_NOTICE_NO.NEXTVAL, '공지사항', '안녕하세요. 뻔뻔해요 입니다. 후원자 여러분께 감사드립니다! 여러분의 지지로 인해 프로젝트가 성공에 한 발짝 더 다가갑니다. 지속적인 관심과 후원에 진심으로 감사드립니다.', 1, '2024-03-03', 1, 6);

INSERT INTO TB_NOTICE (NOTICE_NO, NOTICE_TITLE, NOTICE_CONTENT, NOTICE_WRITER, NOTICE_CREATE_DATE, NOTICE_TYPE, NOTICE_ANNOUNCEMENT_NO)
VALUES (SEQ_NOTICE_NO.NEXTVAL, '공지사항', '안녕하세요. 뻔뻔해요 입니다. 프로젝트의 향후 계획에 대한 업데이트입니다. 추가적인 업데이트와 개선 사항이 준비 중이니 기대해 주세요. 프로젝트의 발전을 위해 끊임없는 노력을 기울이겠습니다.', 1, '2024-03-03', 1, 7);

INSERT INTO TB_NOTICE (NOTICE_NO, NOTICE_TITLE, NOTICE_CONTENT, NOTICE_WRITER, NOTICE_CREATE_DATE, NOTICE_TYPE, NOTICE_ANNOUNCEMENT_NO)
VALUES (SEQ_NOTICE_NO.NEXTVAL, '공지사항', '안녕하세요. 뻔뻔해요 입니다. 익일 새벽 3시부터 약 1시간 동안 서비스 개선을 위한 점검이 있을 예정입니다.', 1, '2024-03-03', 1, 8);

INSERT INTO TB_NOTICE (NOTICE_NO, NOTICE_TITLE, NOTICE_CONTENT, NOTICE_WRITER, NOTICE_CREATE_DATE, NOTICE_TYPE, NOTICE_ANNOUNCEMENT_NO)
VALUES (SEQ_NOTICE_NO.NEXTVAL, '공지사항', '안녕하세요. 뻔뻔해요 입니다. 이용자 경험을 개선하기 위한 노력입니다! 후원자들의 의견을 반영하여 프로젝트를 더욱 개선하고자 합니다. 공지사항을 확인하여 의견을 공유해 주세요.', 1, '2024-03-05', 1, 9);

INSERT INTO TB_NOTICE (NOTICE_NO, NOTICE_TITLE, NOTICE_CONTENT, NOTICE_WRITER, NOTICE_CREATE_DATE, NOTICE_TYPE, NOTICE_ANNOUNCEMENT_NO)
VALUES (SEQ_NOTICE_NO.NEXTVAL, '공지사항', '안녕하세요. 뻔뻔해요 입니다. 창작자 여러분! 펀딩 체험단을 운영하며, 공개예정 프로젝트를 효과적으로 홍보하고, 체험단 후원자들의 다채로운 리뷰 콘텐츠를 확보해 보세요!', 1, '2024-03-05', 1, 10);

INSERT INTO TB_NOTICE (NOTICE_NO, NOTICE_TITLE, NOTICE_CONTENT, NOTICE_WRITER, NOTICE_CREATE_DATE, NOTICE_TYPE, NOTICE_ANNOUNCEMENT_NO)
VALUES (SEQ_NOTICE_NO.NEXTVAL, '공지사항', '안녕하세요. 뻔뻔해요 입니다. 익일 새벽 3시부터 약 1시간 동안 서비스 개선을 위한 점검이 있을 예정입니다.', 1, '2024-03-05', 1, 11);

INSERT INTO TB_NOTICE (NOTICE_NO, NOTICE_TITLE, NOTICE_CONTENT, NOTICE_WRITER, NOTICE_CREATE_DATE, NOTICE_TYPE, NOTICE_ANNOUNCEMENT_NO)
VALUES (SEQ_NOTICE_NO.NEXTVAL, '공지사항', '안녕하세요. 뻔뻔해요 입니다. 창작자 여러분! 프로젝트를 준비중인 창작자라면 뻔뻔해요 펀딩에 참여해보세요! 일정에 맞춰서 프로젝트를 준비하면 다양한 프로모션 혜택을 받을 수 있습니다.', 1, '2024-03-05', 1, 12);

INSERT INTO TB_NOTICE (NOTICE_NO, NOTICE_TITLE, NOTICE_CONTENT, NOTICE_WRITER, NOTICE_CREATE_DATE, NOTICE_TYPE, NOTICE_ANNOUNCEMENT_NO)
VALUES (SEQ_NOTICE_NO.NEXTVAL, '공지사항', '안녕하세요. 뻔뻔해요 입니다. 2024년 3월 카카오페이 은행/증권사 시스템 점검 일정 안내드립니다. 점검 중인 은행/증권사의 일부 결제 서비스가 일시 중지됩니다.', 1, '2024-03-07', 1, 13);

INSERT INTO TB_NOTICE (NOTICE_NO, NOTICE_TITLE, NOTICE_CONTENT, NOTICE_WRITER, NOTICE_CREATE_DATE, NOTICE_TYPE, NOTICE_ANNOUNCEMENT_NO)
VALUES (SEQ_NOTICE_NO.NEXTVAL, '공지사항', '안녕하세요. 뻔뻔해요 입니다. 익일 새벽 3시부터 약 1시간 동안 서비스 개선을 위한 점검이 있을 예정입니다.', 1, '2024-03-08', 1, 14);
--------------------------------------------------
------------------ CHAT 관련 ----------------------	
--------------------------------------------------
CREATE TABLE TB_CHAT (
    CHAT_NO NUMBER CONSTRAINT CHAT_NO_PK PRIMARY KEY,
    CHAT_WRITER NUMBER CONSTRAINT CHAT_WRITER_NN NOT NULL,
    CHAT_PROJECT_NO NUMBER CONSTRAINT CHAT_PROJECT_NO_NN NOT NULL,
    CHAT_CONTENT VARCHAR2(4000),
    CHAT_CREATE_DATE DATE DEFAULT SYSDATE NOT NULL,
    CHAT_STATUS VARCHAR2(1) DEFAULT 'Y' CHECK (CHAT_STATUS IN ('Y', 'N')),
    CONSTRAINT CHAT_WRITER_FK FOREIGN KEY (CHAT_WRITER) REFERENCES TB_MEMBER(USER_NO),
    CONSTRAINT CHAT_PROJECT_NO_FK FOREIGN KEY (CHAT_PROJECT_NO) REFERENCES TB_PROJECT(PROJECT_NO)
);

COMMENT ON COLUMN TB_CHAT.CHAT_NO IS '채팅 번호';
COMMENT ON COLUMN TB_CHAT.CHAT_WRITER IS '채팅 작성자';
COMMENT ON COLUMN TB_CHAT.CHAT_PROJECT_NO IS '채팅 프로젝트번호';
COMMENT ON COLUMN TB_CHAT.CHAT_CONTENT IS '채팅 내용';
COMMENT ON COLUMN TB_CHAT.CHAT_CREATE_DATE IS '채팅 작성일';
COMMENT ON COLUMN TB_CHAT.CHAT_STATUS IS '채팅 상태값 (Y : 게시 / N : 비게시)';

CREATE SEQUENCE SEQ_CHAT_NO
NOCACHE;

INSERT INTO TB_CHAT(CHAT_NO, CHAT_WRITER, CHAT_PROJECT_NO, CHAT_CONTENT) 
VALUES (SEQ_CHAT_NO.NEXTVAL, 2, 1010, '고생 많았어요 그 동안!');

INSERT INTO TB_CHAT(CHAT_NO, CHAT_WRITER, CHAT_PROJECT_NO, CHAT_CONTENT) 
VALUES (SEQ_CHAT_NO.NEXTVAL, 3, 1010, '우여곡절이 많았지만 성공했네요!');

INSERT INTO TB_CHAT(CHAT_NO, CHAT_WRITER, CHAT_PROJECT_NO, CHAT_CONTENT) 
VALUES (SEQ_CHAT_NO.NEXTVAL, 4, 1010, '드디어 행복해질 수 있어요 우리!');

INSERT INTO TB_CHAT(CHAT_NO, CHAT_WRITER, CHAT_PROJECT_NO, CHAT_CONTENT) 
VALUES (SEQ_CHAT_NO.NEXTVAL, 5, 1010, '고지가 눈 앞이에요...!');

INSERT INTO TB_CHAT(CHAT_NO, CHAT_WRITER, CHAT_PROJECT_NO, CHAT_CONTENT) 
VALUES (SEQ_CHAT_NO.NEXTVAL, 6, 1010, '앞으로도 응원해요!');


INSERT INTO TB_CHAT(CHAT_NO, CHAT_WRITER, CHAT_PROJECT_NO, CHAT_CONTENT) 
VALUES (SEQ_CHAT_NO.NEXTVAL, 11, 1016, '진짜 고생 많았다!');

INSERT INTO TB_CHAT(CHAT_NO, CHAT_WRITER, CHAT_PROJECT_NO, CHAT_CONTENT) 
VALUES (SEQ_CHAT_NO.NEXTVAL, 12, 1016, '마지막이네요!');

INSERT INTO TB_CHAT(CHAT_NO, CHAT_WRITER, CHAT_PROJECT_NO, CHAT_CONTENT) 
VALUES (SEQ_CHAT_NO.NEXTVAL, 13, 1016, '이제 행복해질 수 있어요!');

INSERT INTO TB_CHAT(CHAT_NO, CHAT_WRITER, CHAT_PROJECT_NO, CHAT_CONTENT) 
VALUES (SEQ_CHAT_NO.NEXTVAL, 14, 1016, '드디어 오늘이다!');

INSERT INTO TB_CHAT(CHAT_NO, CHAT_WRITER, CHAT_PROJECT_NO, CHAT_CONTENT) 
VALUES (SEQ_CHAT_NO.NEXTVAL, 15, 1016, '앙!');


INSERT INTO TB_CHAT(CHAT_NO, CHAT_WRITER, CHAT_PROJECT_NO, CHAT_CONTENT) 
VALUES (SEQ_CHAT_NO.NEXTVAL, 21, 1067, '앙~~ 행복해라!');

INSERT INTO TB_CHAT(CHAT_NO, CHAT_WRITER, CHAT_PROJECT_NO, CHAT_CONTENT) 
VALUES (SEQ_CHAT_NO.NEXTVAL, 22, 1067, '도비는 자유의 몸이에요!');

INSERT INTO TB_CHAT(CHAT_NO, CHAT_WRITER, CHAT_PROJECT_NO, CHAT_CONTENT) 
VALUES (SEQ_CHAT_NO.NEXTVAL, 23, 1067, '나는 행복해요!');

INSERT INTO TB_CHAT(CHAT_NO, CHAT_WRITER, CHAT_PROJECT_NO, CHAT_CONTENT) 
VALUES (SEQ_CHAT_NO.NEXTVAL, 24, 1067, '앙~~~!');

INSERT INTO TB_CHAT(CHAT_NO, CHAT_WRITER, CHAT_PROJECT_NO, CHAT_CONTENT) 
VALUES (SEQ_CHAT_NO.NEXTVAL, 25, 1067, '즐거워랑!');
--------------------------------------------------
----------------- REPORT 관련 ---------------------	
--------------------------------------------------
CREATE TABLE TB_REPORT (
    REPORT_NO NUMBER CONSTRAINT REPORT_NO_PK PRIMARY KEY,
    REPORT_CATEGORY_NO NUMBER CONSTRAINT REPORT_CATEGORY_NO_NN NOT NULL,
    REPORT_WRITER NUMBER CONSTRAINT REPORT_WRITER_NN NOT NULL,
    REPORT_REF_NO NUMBER CONSTRAINT REPORT_REF_NO_NN NOT NULL,
    REPORT_TITLE VARCHAR2(100) CONSTRAINT REPORT_TITLE_NN NOT NULL,
    REPORT_CONTENT VARCHAR2(4000) CONSTRAINT REPORT_CONTENT_NN NOT NULL,
    REPORT_CREATE_DATE DATE CONSTRAINT REPORT_CREATE_DATE_NN NOT NULL,
    REPORT_MODIFY_DATE DATE,
    REPORT_STATUS VARCHAR2(1) DEFAULT 'Y' CONSTRAINT REPORT_STATUS CHECK(REPORT_STATUS IN('Y', 'N')),
    CONSTRAINT REPORT_CATEGORY_NO_FK FOREIGN KEY (REPORT_CATEGORY_NO) REFERENCES TB_RP_CATEGORY(RP_CATEGORY_NO),
    CONSTRAINT REPORT_WRITER_FK FOREIGN KEY (REPORT_WRITER) REFERENCES TB_MEMBER(USER_NO),
    CONSTRAINT REPORT_REF_NO_FK FOREIGN KEY (REPORT_REF_NO) REFERENCES TB_CHAT(CHAT_NO)
);

COMMENT ON COLUMN TB_REPORT.REPORT_NO IS '신고 번호';
COMMENT ON COLUMN TB_REPORT.REPORT_CATEGORY_NO IS '신고 카테고리 번호';
COMMENT ON COLUMN TB_REPORT.REPORT_WRITER IS '신고 작성자회원번호';
COMMENT ON COLUMN TB_REPORT.REPORT_REF_NO IS '신고 참조하는 게시글 번호';
COMMENT ON COLUMN TB_REPORT.REPORT_TITLE IS '신고 제목';
COMMENT ON COLUMN TB_REPORT.REPORT_CONTENT IS '신고 내용';
COMMENT ON COLUMN TB_REPORT.REPORT_CREATE_DATE IS '신고 작성일';
COMMENT ON COLUMN TB_REPORT.REPORT_MODIFY_DATE IS '신고 수정일';
COMMENT ON COLUMN TB_REPORT.REPORT_STATUS IS '신고 상태값 (Y : 게시 / N : 비게시)';

CREATE SEQUENCE SEQ_REPORT_NO
NOCACHE;
--------------------------------------------------
------------------ LIKES 관련 ---------------------	
--------------------------------------------------
CREATE TABLE TB_LIKES (
    LIKES_USER_NO NUMBER, 
    LIKES_PROJECT_NO NUMBER, 
    LIKES_CREATE_DATE DATE DEFAULT SYSDATE CONSTRAINT LIKES_CREATE_DATE_NN NOT NULL,
    LIKES_STATUS VARCHAR2(1) DEFAULT 'N' CONSTRAINT LIKES_STATUS_CK CHECK(LIKES_STATUS IN('Y', 'N')),
    CONSTRAINT LIKES_PK PRIMARY KEY (LIKES_USER_NO, LIKES_PROJECT_NO),
    CONSTRAINT LIKES_USER_NO_FK FOREIGN KEY (LIKES_USER_NO) REFERENCES TB_MEMBER(USER_NO),
    CONSTRAINT LIKES_PROJECT_NO_FK FOREIGN KEY (LIKES_PROJECT_NO) REFERENCES TB_PROJECT(PROJECT_NO)
);

COMMENT ON COLUMN TB_LIKES.LIKES_USER_NO IS '찜 회원번호';
COMMENT ON COLUMN TB_LIKES.LIKES_PROJECT_NO IS '찜 프로젝트번호';
COMMENT ON COLUMN TB_LIKES.LIKES_CREATE_DATE IS '찜 등록일';
COMMENT ON COLUMN TB_LIKES.LIKES_STATUS IS '찜 상태값 (Y : 찜 / N : 찜 해제)';

CREATE SEQUENCE SEQ_LIKES_NO
NOCACHE;

INSERT INTO TB_LIKES(LIKES_USER_NO, LIKES_PROJECT_NO, LIKES_CREATE_DATE, LIKES_STATUS) VALUES(2, 1007, '2024-02-26', 'Y');
INSERT INTO TB_LIKES(LIKES_USER_NO, LIKES_PROJECT_NO, LIKES_CREATE_DATE, LIKES_STATUS) VALUES(2, 1008, '2024-02-26', 'Y');
INSERT INTO TB_LIKES(LIKES_USER_NO, LIKES_PROJECT_NO, LIKES_CREATE_DATE, LIKES_STATUS) VALUES(4, 1009, '2024-02-27', 'Y');
INSERT INTO TB_LIKES(LIKES_USER_NO, LIKES_PROJECT_NO, LIKES_CREATE_DATE, LIKES_STATUS) VALUES(3, 1010, '2024-02-27', 'Y');
INSERT INTO TB_LIKES(LIKES_USER_NO, LIKES_PROJECT_NO, LIKES_CREATE_DATE, LIKES_STATUS) VALUES(2, 1011, '2024-02-28', 'Y');
INSERT INTO TB_LIKES(LIKES_USER_NO, LIKES_PROJECT_NO, LIKES_CREATE_DATE, LIKES_STATUS) VALUES(2, 1012, '2024-03-01', 'Y');
INSERT INTO TB_LIKES(LIKES_USER_NO, LIKES_PROJECT_NO, LIKES_CREATE_DATE, LIKES_STATUS) VALUES(2, 1013, '2024-03-01', 'Y');
--------------------------------------------------
----------------- ATTACHMENT 관련 -----------------	
--------------------------------------------------
CREATE TABLE TB_ATTACHMENT (
    ATTACHMENT_NO NUMBER CONSTRAINT ATTACHMENT_NO_PK PRIMARY KEY,
    ATTACHMENT_USER_NO NUMBER,
    ATTACHMENT_PROJECT_NO NUMBER,
    ATTACHMENT_QNA_NO NUMBER,
    ATTACHMENT_ORIGIN_NAME VARCHAR2(255) CONSTRAINT ATTACHMENT_ORIGIN_NAME_NN NOT NULL,
    ATTACHMENT_UPDATE_NAME VARCHAR2(255) CONSTRAINT ATTACHMENT_UPDATE_NAME_NN NOT NULL,
    ATTACHMENT_PATH VARCHAR2(1000),
    ATTACHMENT_UPLOAD_DATE DATE DEFAULT SYSDATE CONSTRAINT ATTACHMENT_UPLOAD_DATE_NN NOT NULL,
    ATTACHMENT_LEVEL NUMBER CONSTRAINT ATTACHMENT_LEVEL_NN NOT NULL,
    ATTACHMENT_STATUS VARCHAR2(1) DEFAULT 'Y' CONSTRAINT ATTACHMENT_STATUS_CK CHECK(ATTACHMENT_STATUS IN('Y', 'N')),
    CONSTRAINT ATTACHMENT_USER_NO_FK FOREIGN KEY (ATTACHMENT_USER_NO) REFERENCES TB_MEMBER(USER_NO),
    CONSTRAINT ATTACHMENT_PROJECT_NO_FK FOREIGN KEY (ATTACHMENT_PROJECT_NO) REFERENCES TB_PROJECT (PROJECT_NO),
    CONSTRAINT ATTACHMENT_QNA_NO_FK FOREIGN KEY (ATTACHMENT_QNA_NO) REFERENCES TB_QNA(QNA_NO)
);

COMMENT ON COLUMN TB_ATTACHMENT.ATTACHMENT_NO IS '파일 번호';
COMMENT ON COLUMN TB_ATTACHMENT.ATTACHMENT_USER_NO IS '파일 참조게시글번호 (MEMBER)';
COMMENT ON COLUMN TB_ATTACHMENT.ATTACHMENT_PROJECT_NO IS '파일 참조게시글번호 (PROJECT)';
COMMENT ON COLUMN TB_ATTACHMENT.ATTACHMENT_QNA_NO IS '파일 참조게시글번호 (QNA)';
COMMENT ON COLUMN TB_ATTACHMENT.ATTACHMENT_ORIGIN_NAME IS '파일 원본파일명';
COMMENT ON COLUMN TB_ATTACHMENT.ATTACHMENT_UPDATE_NAME IS '파일 수정파일명';
COMMENT ON COLUMN TB_ATTACHMENT.ATTACHMENT_PATH IS '파일 저장폴더경로';
COMMENT ON COLUMN TB_ATTACHMENT.ATTACHMENT_UPLOAD_DATE IS '파일 업로드일';
COMMENT ON COLUMN TB_ATTACHMENT.ATTACHMENT_LEVEL IS '파일 레벨 (1 : 메인 / 2 : 서브)';
COMMENT ON COLUMN TB_ATTACHMENT.ATTACHMENT_STATUS IS '파일 상태값 (Y : 유효 / N : 비유효)';

CREATE SEQUENCE SEQ_ATTACHMENT_NO
NOCACHE;

INSERT INTO TB_ATTACHMENT (ATTACHMENT_NO, ATTACHMENT_USER_NO, ATTACHMENT_ORIGIN_NAME, ATTACHMENT_UPDATE_NAME, ATTACHMENT_PATH, ATTACHMENT_LEVEL)
VALUES (SEQ_ATTACHMENT_NO.NEXTVAL, 1, 'basicUserProfile.png', '2024022209000081110.png', 'resources/member_upfiles/', 1);

INSERT INTO TB_ATTACHMENT (ATTACHMENT_NO, ATTACHMENT_USER_NO, ATTACHMENT_ORIGIN_NAME, ATTACHMENT_UPDATE_NAME, ATTACHMENT_PATH, ATTACHMENT_LEVEL)
VALUES (SEQ_ATTACHMENT_NO.NEXTVAL, 2, 'basicUserProfile.png', '2024022209000081110.png', 'resources/member_upfiles/', 1);

INSERT INTO TB_ATTACHMENT (ATTACHMENT_NO, ATTACHMENT_USER_NO, ATTACHMENT_ORIGIN_NAME, ATTACHMENT_UPDATE_NAME, ATTACHMENT_PATH, ATTACHMENT_LEVEL)
VALUES (SEQ_ATTACHMENT_NO.NEXTVAL, 3, 'basicUserProfile.png', '2024022209000081110.png', 'resources/member_upfiles/', 1);

INSERT INTO TB_ATTACHMENT (ATTACHMENT_NO, ATTACHMENT_USER_NO, ATTACHMENT_ORIGIN_NAME, ATTACHMENT_UPDATE_NAME, ATTACHMENT_PATH, ATTACHMENT_LEVEL)
VALUES (SEQ_ATTACHMENT_NO.NEXTVAL, 4, 'basicUserProfile.png', '2024022209000081110.png', 'resources/member_upfiles/', 1);

INSERT INTO TB_ATTACHMENT (ATTACHMENT_NO, ATTACHMENT_USER_NO, ATTACHMENT_ORIGIN_NAME, ATTACHMENT_UPDATE_NAME, ATTACHMENT_PATH, ATTACHMENT_LEVEL)
VALUES (SEQ_ATTACHMENT_NO.NEXTVAL, 5, 'basicUserProfile.png', '2024022209000081110.png', 'resources/member_upfiles/', 1);

INSERT INTO TB_ATTACHMENT (ATTACHMENT_NO, ATTACHMENT_USER_NO, ATTACHMENT_ORIGIN_NAME, ATTACHMENT_UPDATE_NAME, ATTACHMENT_PATH, ATTACHMENT_LEVEL)
VALUES (SEQ_ATTACHMENT_NO.NEXTVAL, 6, 'basicUserProfile.png', '2024022209000081110.png', 'resources/member_upfiles/', 1);

INSERT INTO TB_ATTACHMENT (ATTACHMENT_NO, ATTACHMENT_USER_NO, ATTACHMENT_ORIGIN_NAME, ATTACHMENT_UPDATE_NAME, ATTACHMENT_PATH, ATTACHMENT_LEVEL)
VALUES (SEQ_ATTACHMENT_NO.NEXTVAL, 7, 'basicUserProfile.png', '2024022209000081110.png', 'resources/member_upfiles/', 1);

INSERT INTO TB_ATTACHMENT (ATTACHMENT_NO, ATTACHMENT_USER_NO, ATTACHMENT_ORIGIN_NAME, ATTACHMENT_UPDATE_NAME, ATTACHMENT_PATH, ATTACHMENT_LEVEL)
VALUES (SEQ_ATTACHMENT_NO.NEXTVAL, 8, 'basicUserProfile.png', '2024022209000081110.png', 'resources/member_upfiles/', 1);

INSERT INTO TB_ATTACHMENT (ATTACHMENT_NO, ATTACHMENT_USER_NO, ATTACHMENT_ORIGIN_NAME, ATTACHMENT_UPDATE_NAME, ATTACHMENT_PATH, ATTACHMENT_LEVEL)
VALUES (SEQ_ATTACHMENT_NO.NEXTVAL, 9, 'basicUserProfile.png', '2024022209000081110.png', 'resources/member_upfiles/', 1);

INSERT INTO TB_ATTACHMENT (ATTACHMENT_NO, ATTACHMENT_USER_NO, ATTACHMENT_ORIGIN_NAME, ATTACHMENT_UPDATE_NAME, ATTACHMENT_PATH, ATTACHMENT_LEVEL)
VALUES (SEQ_ATTACHMENT_NO.NEXTVAL, 10, 'basicUserProfile.png', '2024022209000081110.png', 'resources/member_upfiles/', 1);

INSERT INTO TB_ATTACHMENT (ATTACHMENT_NO, ATTACHMENT_USER_NO, ATTACHMENT_ORIGIN_NAME, ATTACHMENT_UPDATE_NAME, ATTACHMENT_PATH, ATTACHMENT_LEVEL)
VALUES (SEQ_ATTACHMENT_NO.NEXTVAL, 11, 'basicUserProfile.png', '2024022209000081110.png', 'resources/member_upfiles/', 1);

INSERT INTO TB_ATTACHMENT (ATTACHMENT_NO, ATTACHMENT_USER_NO, ATTACHMENT_ORIGIN_NAME, ATTACHMENT_UPDATE_NAME, ATTACHMENT_PATH, ATTACHMENT_LEVEL)
VALUES (SEQ_ATTACHMENT_NO.NEXTVAL, 12, 'basicUserProfile.png', '2024022209000081110.png', 'resources/member_upfiles/', 1);

INSERT INTO TB_ATTACHMENT (ATTACHMENT_NO, ATTACHMENT_USER_NO, ATTACHMENT_ORIGIN_NAME, ATTACHMENT_UPDATE_NAME, ATTACHMENT_PATH, ATTACHMENT_LEVEL)
VALUES (SEQ_ATTACHMENT_NO.NEXTVAL, 13, 'basicUserProfile.png', '2024022209000081110.png', 'resources/member_upfiles/', 1);

INSERT INTO TB_ATTACHMENT (ATTACHMENT_NO, ATTACHMENT_USER_NO, ATTACHMENT_ORIGIN_NAME, ATTACHMENT_UPDATE_NAME, ATTACHMENT_PATH, ATTACHMENT_LEVEL)
VALUES (SEQ_ATTACHMENT_NO.NEXTVAL, 14, 'basicUserProfile.png', '2024022209000081110.png', 'resources/member_upfiles/', 1);

INSERT INTO TB_ATTACHMENT (ATTACHMENT_NO, ATTACHMENT_USER_NO, ATTACHMENT_ORIGIN_NAME, ATTACHMENT_UPDATE_NAME, ATTACHMENT_PATH, ATTACHMENT_LEVEL)
VALUES (SEQ_ATTACHMENT_NO.NEXTVAL, 15, 'basicUserProfile.png', '2024022209000081110.png', 'resources/member_upfiles/', 1);

INSERT INTO TB_ATTACHMENT (ATTACHMENT_NO, ATTACHMENT_USER_NO, ATTACHMENT_ORIGIN_NAME, ATTACHMENT_UPDATE_NAME, ATTACHMENT_PATH, ATTACHMENT_LEVEL)
VALUES (SEQ_ATTACHMENT_NO.NEXTVAL, 16, 'basicUserProfile.png', '2024022209000081110.png', 'resources/member_upfiles/', 1);

INSERT INTO TB_ATTACHMENT (ATTACHMENT_NO, ATTACHMENT_USER_NO, ATTACHMENT_ORIGIN_NAME, ATTACHMENT_UPDATE_NAME, ATTACHMENT_PATH, ATTACHMENT_LEVEL)
VALUES (SEQ_ATTACHMENT_NO.NEXTVAL, 17, 'basicUserProfile.png', '2024022209000081110.png', 'resources/member_upfiles/', 1);

INSERT INTO TB_ATTACHMENT (ATTACHMENT_NO, ATTACHMENT_USER_NO, ATTACHMENT_ORIGIN_NAME, ATTACHMENT_UPDATE_NAME, ATTACHMENT_PATH, ATTACHMENT_LEVEL)
VALUES (SEQ_ATTACHMENT_NO.NEXTVAL, 18, 'basicUserProfile.png', '2024022209000081110.png', 'resources/member_upfiles/', 1);

INSERT INTO TB_ATTACHMENT (ATTACHMENT_NO, ATTACHMENT_USER_NO, ATTACHMENT_ORIGIN_NAME, ATTACHMENT_UPDATE_NAME, ATTACHMENT_PATH, ATTACHMENT_LEVEL)
VALUES (SEQ_ATTACHMENT_NO.NEXTVAL, 19, 'basicUserProfile.png', '2024022209000081110.png', 'resources/member_upfiles/', 1);

INSERT INTO TB_ATTACHMENT (ATTACHMENT_NO, ATTACHMENT_USER_NO, ATTACHMENT_ORIGIN_NAME, ATTACHMENT_UPDATE_NAME, ATTACHMENT_PATH, ATTACHMENT_LEVEL)
VALUES (SEQ_ATTACHMENT_NO.NEXTVAL, 20, 'basicUserProfile.png', '2024022209000081110.png', 'resources/member_upfiles/', 1);

INSERT INTO TB_ATTACHMENT (ATTACHMENT_NO, ATTACHMENT_USER_NO, ATTACHMENT_ORIGIN_NAME, ATTACHMENT_UPDATE_NAME, ATTACHMENT_PATH, ATTACHMENT_LEVEL)
VALUES (SEQ_ATTACHMENT_NO.NEXTVAL, 21, 'basicUserProfile.png', '2024022209000081110.png', 'resources/member_upfiles/', 1);

INSERT INTO TB_ATTACHMENT (ATTACHMENT_NO, ATTACHMENT_USER_NO, ATTACHMENT_ORIGIN_NAME, ATTACHMENT_UPDATE_NAME, ATTACHMENT_PATH, ATTACHMENT_LEVEL)
VALUES (SEQ_ATTACHMENT_NO.NEXTVAL, 22, 'basicUserProfile.png', '2024022209000081110.png', 'resources/member_upfiles/', 1);

INSERT INTO TB_ATTACHMENT (ATTACHMENT_NO, ATTACHMENT_USER_NO, ATTACHMENT_ORIGIN_NAME, ATTACHMENT_UPDATE_NAME, ATTACHMENT_PATH, ATTACHMENT_LEVEL)
VALUES (SEQ_ATTACHMENT_NO.NEXTVAL, 23, 'basicUserProfile.png', '2024022209000081110.png', 'resources/member_upfiles/', 1);

INSERT INTO TB_ATTACHMENT (ATTACHMENT_NO, ATTACHMENT_USER_NO, ATTACHMENT_ORIGIN_NAME, ATTACHMENT_UPDATE_NAME, ATTACHMENT_PATH, ATTACHMENT_LEVEL)
VALUES (SEQ_ATTACHMENT_NO.NEXTVAL, 24, 'basicUserProfile.png', '2024022209000081110.png', 'resources/member_upfiles/', 1);

INSERT INTO TB_ATTACHMENT (ATTACHMENT_NO, ATTACHMENT_USER_NO, ATTACHMENT_ORIGIN_NAME, ATTACHMENT_UPDATE_NAME, ATTACHMENT_PATH, ATTACHMENT_LEVEL)
VALUES (SEQ_ATTACHMENT_NO.NEXTVAL, 25, 'basicUserProfile.png', '2024022209000081110.png', 'resources/member_upfiles/', 1);

INSERT INTO TB_ATTACHMENT (ATTACHMENT_NO, ATTACHMENT_USER_NO, ATTACHMENT_ORIGIN_NAME, ATTACHMENT_UPDATE_NAME, ATTACHMENT_PATH, ATTACHMENT_LEVEL)
VALUES (SEQ_ATTACHMENT_NO.NEXTVAL, 26, 'basicUserProfile.png', '2024022209000081110.png', 'resources/member_upfiles/', 1);

INSERT INTO TB_ATTACHMENT (ATTACHMENT_NO, ATTACHMENT_USER_NO, ATTACHMENT_ORIGIN_NAME, ATTACHMENT_UPDATE_NAME, ATTACHMENT_PATH, ATTACHMENT_LEVEL)
VALUES (SEQ_ATTACHMENT_NO.NEXTVAL, 27, 'basicUserProfile.png', '2024022209000081110.png', 'resources/member_upfiles/', 1);

INSERT INTO TB_ATTACHMENT (ATTACHMENT_NO, ATTACHMENT_USER_NO, ATTACHMENT_ORIGIN_NAME, ATTACHMENT_UPDATE_NAME, ATTACHMENT_PATH, ATTACHMENT_LEVEL)
VALUES (SEQ_ATTACHMENT_NO.NEXTVAL, 28, 'basicUserProfile.png', '2024022209000081110.png', 'resources/member_upfiles/', 1);

INSERT INTO TB_ATTACHMENT (ATTACHMENT_NO, ATTACHMENT_USER_NO, ATTACHMENT_ORIGIN_NAME, ATTACHMENT_UPDATE_NAME, ATTACHMENT_PATH, ATTACHMENT_LEVEL)
VALUES (SEQ_ATTACHMENT_NO.NEXTVAL, 29, 'basicUserProfile.png', '2024022209000081110.png', 'resources/member_upfiles/', 1);

INSERT INTO TB_ATTACHMENT (ATTACHMENT_NO, ATTACHMENT_USER_NO, ATTACHMENT_ORIGIN_NAME, ATTACHMENT_UPDATE_NAME, ATTACHMENT_PATH, ATTACHMENT_LEVEL)
VALUES (SEQ_ATTACHMENT_NO.NEXTVAL, 30, 'basicUserProfile.png', '2024022209000081110.png', 'resources/member_upfiles/', 1);

INSERT INTO TB_ATTACHMENT (ATTACHMENT_NO, ATTACHMENT_USER_NO, ATTACHMENT_ORIGIN_NAME, ATTACHMENT_UPDATE_NAME, ATTACHMENT_PATH, ATTACHMENT_LEVEL)
VALUES (SEQ_ATTACHMENT_NO.NEXTVAL, 31, 'basicUserProfile.png', '2024022209000081110.png', 'resources/member_upfiles/', 1);

INSERT INTO TB_ATTACHMENT (ATTACHMENT_NO, ATTACHMENT_USER_NO, ATTACHMENT_ORIGIN_NAME, ATTACHMENT_UPDATE_NAME, ATTACHMENT_PATH, ATTACHMENT_LEVEL)
VALUES (SEQ_ATTACHMENT_NO.NEXTVAL, 32, 'basicUserProfile.png', '2024022209000081110.png', 'resources/member_upfiles/', 1);

INSERT INTO TB_ATTACHMENT (ATTACHMENT_NO, ATTACHMENT_USER_NO, ATTACHMENT_ORIGIN_NAME, ATTACHMENT_UPDATE_NAME, ATTACHMENT_PATH, ATTACHMENT_LEVEL)
VALUES (SEQ_ATTACHMENT_NO.NEXTVAL, 33, 'basicUserProfile.png', '2024022209000081110.png', 'resources/member_upfiles/', 1);

------------------ project ---------------------
INSERT INTO TB_ATTACHMENT (ATTACHMENT_NO, ATTACHMENT_PROJECT_NO, ATTACHMENT_ORIGIN_NAME, ATTACHMENT_UPDATE_NAME, ATTACHMENT_PATH, ATTACHMENT_LEVEL)
VALUES (SEQ_ATTACHMENT_NO.NEXTVAL, 1000, 'pj1000.jpg', '2024022209000010000.jpg', 'resources/project_upfiles/', 1);

INSERT INTO TB_ATTACHMENT (ATTACHMENT_NO, ATTACHMENT_PROJECT_NO, ATTACHMENT_ORIGIN_NAME, ATTACHMENT_UPDATE_NAME, ATTACHMENT_PATH, ATTACHMENT_LEVEL)
VALUES (SEQ_ATTACHMENT_NO.NEXTVAL, 1001, 'pj1001.jpg', '2024022209000010010.jpg', 'resources/project_upfiles/', 1);

INSERT INTO TB_ATTACHMENT (ATTACHMENT_NO, ATTACHMENT_PROJECT_NO, ATTACHMENT_ORIGIN_NAME, ATTACHMENT_UPDATE_NAME, ATTACHMENT_PATH, ATTACHMENT_LEVEL)
VALUES (SEQ_ATTACHMENT_NO.NEXTVAL, 1002, 'pj1002.jpg', '2024022209000010020.jpg', 'resources/project_upfiles/', 1);

INSERT INTO TB_ATTACHMENT (ATTACHMENT_NO, ATTACHMENT_PROJECT_NO, ATTACHMENT_ORIGIN_NAME, ATTACHMENT_UPDATE_NAME, ATTACHMENT_PATH, ATTACHMENT_LEVEL)
VALUES (SEQ_ATTACHMENT_NO.NEXTVAL, 1003, 'pj1003.jpg', '2024022209000010030.jpg', 'resources/project_upfiles/', 1);
INSERT INTO TB_ATTACHMENT (ATTACHMENT_NO, ATTACHMENT_PROJECT_NO, ATTACHMENT_ORIGIN_NAME, ATTACHMENT_UPDATE_NAME, ATTACHMENT_PATH, ATTACHMENT_LEVEL)
VALUES (SEQ_ATTACHMENT_NO.NEXTVAL, 1003, 'pj10031.jpg', '2024022209000010031.jpg', 'resources/project_upfiles/', 2);
INSERT INTO TB_ATTACHMENT (ATTACHMENT_NO, ATTACHMENT_PROJECT_NO, ATTACHMENT_ORIGIN_NAME, ATTACHMENT_UPDATE_NAME, ATTACHMENT_PATH, ATTACHMENT_LEVEL)
VALUES (SEQ_ATTACHMENT_NO.NEXTVAL, 1003, 'pj10032.jpg', '2024022209000010032.jpg', 'resources/project_upfiles/', 2);
INSERT INTO TB_ATTACHMENT (ATTACHMENT_NO, ATTACHMENT_PROJECT_NO, ATTACHMENT_ORIGIN_NAME, ATTACHMENT_UPDATE_NAME, ATTACHMENT_PATH, ATTACHMENT_LEVEL)
VALUES (SEQ_ATTACHMENT_NO.NEXTVAL, 1003, 'pj10033.jpg', '2024022209000010033.jpg', 'resources/project_upfiles/', 2);

INSERT INTO TB_ATTACHMENT (ATTACHMENT_NO, ATTACHMENT_PROJECT_NO, ATTACHMENT_ORIGIN_NAME, ATTACHMENT_UPDATE_NAME, ATTACHMENT_PATH, ATTACHMENT_LEVEL)
VALUES (SEQ_ATTACHMENT_NO.NEXTVAL, 1005, 'pj1005.jpg', '2024022209000010050.jpg', 'resources/project_upfiles/', 1);
INSERT INTO TB_ATTACHMENT (ATTACHMENT_NO, ATTACHMENT_PROJECT_NO, ATTACHMENT_ORIGIN_NAME, ATTACHMENT_UPDATE_NAME, ATTACHMENT_PATH, ATTACHMENT_LEVEL)
VALUES (SEQ_ATTACHMENT_NO.NEXTVAL, 1005, 'pj10051.jpg', '2024022209000010051.jpg', 'resources/project_upfiles/', 2);
INSERT INTO TB_ATTACHMENT (ATTACHMENT_NO, ATTACHMENT_PROJECT_NO, ATTACHMENT_ORIGIN_NAME, ATTACHMENT_UPDATE_NAME, ATTACHMENT_PATH, ATTACHMENT_LEVEL)
VALUES (SEQ_ATTACHMENT_NO.NEXTVAL, 1005, 'pj10052.jpg', '2024022209000010052.jpg', 'resources/project_upfiles/', 2);
INSERT INTO TB_ATTACHMENT (ATTACHMENT_NO, ATTACHMENT_PROJECT_NO, ATTACHMENT_ORIGIN_NAME, ATTACHMENT_UPDATE_NAME, ATTACHMENT_PATH, ATTACHMENT_LEVEL)
VALUES (SEQ_ATTACHMENT_NO.NEXTVAL, 1005, 'pj10053.jpg', '2024022209000010053.jpg', 'resources/project_upfiles/', 2);

INSERT INTO TB_ATTACHMENT (ATTACHMENT_NO, ATTACHMENT_PROJECT_NO, ATTACHMENT_ORIGIN_NAME, ATTACHMENT_UPDATE_NAME, ATTACHMENT_PATH, ATTACHMENT_LEVEL)
VALUES (SEQ_ATTACHMENT_NO.NEXTVAL, 1006, 'pj1006.jpg', '2024022209000010060.jpg', 'resources/project_upfiles/', 1);
INSERT INTO TB_ATTACHMENT (ATTACHMENT_NO, ATTACHMENT_PROJECT_NO, ATTACHMENT_ORIGIN_NAME, ATTACHMENT_UPDATE_NAME, ATTACHMENT_PATH, ATTACHMENT_LEVEL)
VALUES (SEQ_ATTACHMENT_NO.NEXTVAL, 1006, 'pj10061.jpg', '2024022209000010061.jpg', 'resources/project_upfiles/', 2);
INSERT INTO TB_ATTACHMENT (ATTACHMENT_NO, ATTACHMENT_PROJECT_NO, ATTACHMENT_ORIGIN_NAME, ATTACHMENT_UPDATE_NAME, ATTACHMENT_PATH, ATTACHMENT_LEVEL)
VALUES (SEQ_ATTACHMENT_NO.NEXTVAL, 1006, 'pj10062.jpg', '2024022209000010062.jpg', 'resources/project_upfiles/', 2);

INSERT INTO TB_ATTACHMENT (ATTACHMENT_NO, ATTACHMENT_PROJECT_NO, ATTACHMENT_ORIGIN_NAME, ATTACHMENT_UPDATE_NAME, ATTACHMENT_PATH, ATTACHMENT_LEVEL)
VALUES (SEQ_ATTACHMENT_NO.NEXTVAL, 1007, 'pj1007.jpg', '2024022209000010070.jpg', 'resources/project_upfiles/', 1);
INSERT INTO TB_ATTACHMENT (ATTACHMENT_NO, ATTACHMENT_PROJECT_NO, ATTACHMENT_ORIGIN_NAME, ATTACHMENT_UPDATE_NAME, ATTACHMENT_PATH, ATTACHMENT_LEVEL)
VALUES (SEQ_ATTACHMENT_NO.NEXTVAL, 1007, 'pj10071.jpg', '2024022209000010071.jpg', 'resources/project_upfiles/', 2);
INSERT INTO TB_ATTACHMENT (ATTACHMENT_NO, ATTACHMENT_PROJECT_NO, ATTACHMENT_ORIGIN_NAME, ATTACHMENT_UPDATE_NAME, ATTACHMENT_PATH, ATTACHMENT_LEVEL)
VALUES (SEQ_ATTACHMENT_NO.NEXTVAL, 1007, 'pj10072.jpg', '2024022209000010072.jpg', 'resources/project_upfiles/', 2);
INSERT INTO TB_ATTACHMENT (ATTACHMENT_NO, ATTACHMENT_PROJECT_NO, ATTACHMENT_ORIGIN_NAME, ATTACHMENT_UPDATE_NAME, ATTACHMENT_PATH, ATTACHMENT_LEVEL)
VALUES (SEQ_ATTACHMENT_NO.NEXTVAL, 1007, 'pj10073.jpg', '2024022209000010073.jpg', 'resources/project_upfiles/', 2);

INSERT INTO TB_ATTACHMENT (ATTACHMENT_NO, ATTACHMENT_PROJECT_NO, ATTACHMENT_ORIGIN_NAME, ATTACHMENT_UPDATE_NAME, ATTACHMENT_PATH, ATTACHMENT_LEVEL)
VALUES (SEQ_ATTACHMENT_NO.NEXTVAL, 1008, 'pj1008.jpg', '2024022209000010080.jpg', 'resources/project_upfiles/', 1);
INSERT INTO TB_ATTACHMENT (ATTACHMENT_NO, ATTACHMENT_PROJECT_NO, ATTACHMENT_ORIGIN_NAME, ATTACHMENT_UPDATE_NAME, ATTACHMENT_PATH, ATTACHMENT_LEVEL)
VALUES (SEQ_ATTACHMENT_NO.NEXTVAL, 1008, 'pj10081.jpg', '2024022209000010081.jpg', 'resources/project_upfiles/', 2);
INSERT INTO TB_ATTACHMENT (ATTACHMENT_NO, ATTACHMENT_PROJECT_NO, ATTACHMENT_ORIGIN_NAME, ATTACHMENT_UPDATE_NAME, ATTACHMENT_PATH, ATTACHMENT_LEVEL)
VALUES (SEQ_ATTACHMENT_NO.NEXTVAL, 1008, 'pj10082.jpg', '2024022209000010082.jpg', 'resources/project_upfiles/', 2);
INSERT INTO TB_ATTACHMENT (ATTACHMENT_NO, ATTACHMENT_PROJECT_NO, ATTACHMENT_ORIGIN_NAME, ATTACHMENT_UPDATE_NAME, ATTACHMENT_PATH, ATTACHMENT_LEVEL)
VALUES (SEQ_ATTACHMENT_NO.NEXTVAL, 1008, 'pj10083.jpg', '2024022209000010083.jpg', 'resources/project_upfiles/', 2);

INSERT INTO TB_ATTACHMENT (ATTACHMENT_NO, ATTACHMENT_PROJECT_NO, ATTACHMENT_ORIGIN_NAME, ATTACHMENT_UPDATE_NAME, ATTACHMENT_PATH, ATTACHMENT_LEVEL)
VALUES (SEQ_ATTACHMENT_NO.NEXTVAL, 1009, 'pj1009.jpg', '2024022209000010090.jpg', 'resources/project_upfiles/', 1);
INSERT INTO TB_ATTACHMENT (ATTACHMENT_NO, ATTACHMENT_PROJECT_NO, ATTACHMENT_ORIGIN_NAME, ATTACHMENT_UPDATE_NAME, ATTACHMENT_PATH, ATTACHMENT_LEVEL)
VALUES (SEQ_ATTACHMENT_NO.NEXTVAL, 1009, 'pj10091.jpg', '2024022209000010091.jpg', 'resources/project_upfiles/', 2);

INSERT INTO TB_ATTACHMENT (ATTACHMENT_NO, ATTACHMENT_PROJECT_NO, ATTACHMENT_ORIGIN_NAME, ATTACHMENT_UPDATE_NAME, ATTACHMENT_PATH, ATTACHMENT_LEVEL)
VALUES (SEQ_ATTACHMENT_NO.NEXTVAL, 1010, 'pj1010.jpg', '2024022209000010100.jpg', 'resources/project_upfiles/', 1);
INSERT INTO TB_ATTACHMENT (ATTACHMENT_NO, ATTACHMENT_PROJECT_NO, ATTACHMENT_ORIGIN_NAME, ATTACHMENT_UPDATE_NAME, ATTACHMENT_PATH, ATTACHMENT_LEVEL)
VALUES (SEQ_ATTACHMENT_NO.NEXTVAL, 1010, 'pj10101.jpg', '2024022209000010101.jpg', 'resources/project_upfiles/', 2);
INSERT INTO TB_ATTACHMENT (ATTACHMENT_NO, ATTACHMENT_PROJECT_NO, ATTACHMENT_ORIGIN_NAME, ATTACHMENT_UPDATE_NAME, ATTACHMENT_PATH, ATTACHMENT_LEVEL)
VALUES (SEQ_ATTACHMENT_NO.NEXTVAL, 1010, 'pj10102.jpg', '2024022209000010102.jpg', 'resources/project_upfiles/', 2);
INSERT INTO TB_ATTACHMENT (ATTACHMENT_NO, ATTACHMENT_PROJECT_NO, ATTACHMENT_ORIGIN_NAME, ATTACHMENT_UPDATE_NAME, ATTACHMENT_PATH, ATTACHMENT_LEVEL)
VALUES (SEQ_ATTACHMENT_NO.NEXTVAL, 1010, 'pj10103.jpg', '2024022209000010103.jpg', 'resources/project_upfiles/', 2);

INSERT INTO TB_ATTACHMENT (ATTACHMENT_NO, ATTACHMENT_PROJECT_NO, ATTACHMENT_ORIGIN_NAME, ATTACHMENT_UPDATE_NAME, ATTACHMENT_PATH, ATTACHMENT_LEVEL)
VALUES (SEQ_ATTACHMENT_NO.NEXTVAL, 1011, 'pj1011.jpg', '2024022209000010110.jpg', 'resources/project_upfiles/', 1);
INSERT INTO TB_ATTACHMENT (ATTACHMENT_NO, ATTACHMENT_PROJECT_NO, ATTACHMENT_ORIGIN_NAME, ATTACHMENT_UPDATE_NAME, ATTACHMENT_PATH, ATTACHMENT_LEVEL)
VALUES (SEQ_ATTACHMENT_NO.NEXTVAL, 1011, 'pj10111.jpg', '2024022209000010111.jpg', 'resources/project_upfiles/', 2);

INSERT INTO TB_ATTACHMENT (ATTACHMENT_NO, ATTACHMENT_PROJECT_NO, ATTACHMENT_ORIGIN_NAME, ATTACHMENT_UPDATE_NAME, ATTACHMENT_PATH, ATTACHMENT_LEVEL)
VALUES (SEQ_ATTACHMENT_NO.NEXTVAL, 1012, 'pj1012.jpg', '2024022209000010120.jpg', 'resources/project_upfiles/', 1);
INSERT INTO TB_ATTACHMENT (ATTACHMENT_NO, ATTACHMENT_PROJECT_NO, ATTACHMENT_ORIGIN_NAME, ATTACHMENT_UPDATE_NAME, ATTACHMENT_PATH, ATTACHMENT_LEVEL)
VALUES (SEQ_ATTACHMENT_NO.NEXTVAL, 1012, 'pj10121.jpg', '2024022209000010121.jpg', 'resources/project_upfiles/', 2);
INSERT INTO TB_ATTACHMENT (ATTACHMENT_NO, ATTACHMENT_PROJECT_NO, ATTACHMENT_ORIGIN_NAME, ATTACHMENT_UPDATE_NAME, ATTACHMENT_PATH, ATTACHMENT_LEVEL)
VALUES (SEQ_ATTACHMENT_NO.NEXTVAL, 1012, 'pj10122.jpg', '2024022209000010122.jpg', 'resources/project_upfiles/', 2);
INSERT INTO TB_ATTACHMENT (ATTACHMENT_NO, ATTACHMENT_PROJECT_NO, ATTACHMENT_ORIGIN_NAME, ATTACHMENT_UPDATE_NAME, ATTACHMENT_PATH, ATTACHMENT_LEVEL)
VALUES (SEQ_ATTACHMENT_NO.NEXTVAL, 1012, 'pj10123.jpg', '2024022209000010123.jpg', 'resources/project_upfiles/', 2);

INSERT INTO TB_ATTACHMENT (ATTACHMENT_NO, ATTACHMENT_PROJECT_NO, ATTACHMENT_ORIGIN_NAME, ATTACHMENT_UPDATE_NAME, ATTACHMENT_PATH, ATTACHMENT_LEVEL)
VALUES (SEQ_ATTACHMENT_NO.NEXTVAL, 1013, 'pj1013.jpg', '2024022209000010130.jpg', 'resources/project_upfiles/', 1);
INSERT INTO TB_ATTACHMENT (ATTACHMENT_NO, ATTACHMENT_PROJECT_NO, ATTACHMENT_ORIGIN_NAME, ATTACHMENT_UPDATE_NAME, ATTACHMENT_PATH, ATTACHMENT_LEVEL)
VALUES (SEQ_ATTACHMENT_NO.NEXTVAL, 1013, 'pj10131.jpg', '2024022209000010131.jpg', 'resources/project_upfiles/', 2);
INSERT INTO TB_ATTACHMENT (ATTACHMENT_NO, ATTACHMENT_PROJECT_NO, ATTACHMENT_ORIGIN_NAME, ATTACHMENT_UPDATE_NAME, ATTACHMENT_PATH, ATTACHMENT_LEVEL)
VALUES (SEQ_ATTACHMENT_NO.NEXTVAL, 1013, 'pj10132.jpg', '2024022209000010132.jpg', 'resources/project_upfiles/', 2);
INSERT INTO TB_ATTACHMENT (ATTACHMENT_NO, ATTACHMENT_PROJECT_NO, ATTACHMENT_ORIGIN_NAME, ATTACHMENT_UPDATE_NAME, ATTACHMENT_PATH, ATTACHMENT_LEVEL)
VALUES (SEQ_ATTACHMENT_NO.NEXTVAL, 1013, 'pj10133.jpg', '2024022209000010133.jpg', 'resources/project_upfiles/', 2);

INSERT INTO TB_ATTACHMENT (ATTACHMENT_NO, ATTACHMENT_PROJECT_NO, ATTACHMENT_ORIGIN_NAME, ATTACHMENT_UPDATE_NAME, ATTACHMENT_PATH, ATTACHMENT_LEVEL)
VALUES (SEQ_ATTACHMENT_NO.NEXTVAL, 1014, 'pj1014.jpg', '2024022209000010140.jpg', 'resources/project_upfiles/', 1);
INSERT INTO TB_ATTACHMENT (ATTACHMENT_NO, ATTACHMENT_PROJECT_NO, ATTACHMENT_ORIGIN_NAME, ATTACHMENT_UPDATE_NAME, ATTACHMENT_PATH, ATTACHMENT_LEVEL)
VALUES (SEQ_ATTACHMENT_NO.NEXTVAL, 1014, 'pj10141.jpg', '2024022209000010141.jpg', 'resources/project_upfiles/', 2);
INSERT INTO TB_ATTACHMENT (ATTACHMENT_NO, ATTACHMENT_PROJECT_NO, ATTACHMENT_ORIGIN_NAME, ATTACHMENT_UPDATE_NAME, ATTACHMENT_PATH, ATTACHMENT_LEVEL)
VALUES (SEQ_ATTACHMENT_NO.NEXTVAL, 1014, 'pj10142.jpg', '2024022209000010142.jpg', 'resources/project_upfiles/', 2);
INSERT INTO TB_ATTACHMENT (ATTACHMENT_NO, ATTACHMENT_PROJECT_NO, ATTACHMENT_ORIGIN_NAME, ATTACHMENT_UPDATE_NAME, ATTACHMENT_PATH, ATTACHMENT_LEVEL)
VALUES (SEQ_ATTACHMENT_NO.NEXTVAL, 1014, 'pj10143.jpg', '2024022209000010143.jpg', 'resources/project_upfiles/', 2);

INSERT INTO TB_ATTACHMENT (ATTACHMENT_NO, ATTACHMENT_PROJECT_NO, ATTACHMENT_ORIGIN_NAME, ATTACHMENT_UPDATE_NAME, ATTACHMENT_PATH, ATTACHMENT_LEVEL)
VALUES (SEQ_ATTACHMENT_NO.NEXTVAL, 1015, 'pj1015.jpg', '2024022309000010150.jpg', 'resources/project_upfiles/', 1);
INSERT INTO TB_ATTACHMENT (ATTACHMENT_NO, ATTACHMENT_PROJECT_NO, ATTACHMENT_ORIGIN_NAME, ATTACHMENT_UPDATE_NAME, ATTACHMENT_PATH, ATTACHMENT_LEVEL)
VALUES (SEQ_ATTACHMENT_NO.NEXTVAL, 1015, 'pj10151.jpg', '2024022309000010151.jpg', 'resources/project_upfiles/', 2);

INSERT INTO TB_ATTACHMENT (ATTACHMENT_NO, ATTACHMENT_PROJECT_NO, ATTACHMENT_ORIGIN_NAME, ATTACHMENT_UPDATE_NAME, ATTACHMENT_PATH, ATTACHMENT_LEVEL)
VALUES (SEQ_ATTACHMENT_NO.NEXTVAL, 1016, 'pj1016.jpg', '2024022309000010160.jpg', 'resources/project_upfiles/', 1);
INSERT INTO TB_ATTACHMENT (ATTACHMENT_NO, ATTACHMENT_PROJECT_NO, ATTACHMENT_ORIGIN_NAME, ATTACHMENT_UPDATE_NAME, ATTACHMENT_PATH, ATTACHMENT_LEVEL)
VALUES (SEQ_ATTACHMENT_NO.NEXTVAL, 1016, 'pj10161.jpg', '2024022309000010161.jpg', 'resources/project_upfiles/', 2);

INSERT INTO TB_ATTACHMENT (ATTACHMENT_NO, ATTACHMENT_PROJECT_NO, ATTACHMENT_ORIGIN_NAME, ATTACHMENT_UPDATE_NAME, ATTACHMENT_PATH, ATTACHMENT_LEVEL)
VALUES (SEQ_ATTACHMENT_NO.NEXTVAL, 1017, 'pj1017.jpg', '2024022309000010170.jpg', 'resources/project_upfiles/', 1);
INSERT INTO TB_ATTACHMENT (ATTACHMENT_NO, ATTACHMENT_PROJECT_NO, ATTACHMENT_ORIGIN_NAME, ATTACHMENT_UPDATE_NAME, ATTACHMENT_PATH, ATTACHMENT_LEVEL)
VALUES (SEQ_ATTACHMENT_NO.NEXTVAL, 1017, 'pj10171.jpg', '2024022309000010171.jpg', 'resources/project_upfiles/', 2);

INSERT INTO TB_ATTACHMENT (ATTACHMENT_NO, ATTACHMENT_PROJECT_NO, ATTACHMENT_ORIGIN_NAME, ATTACHMENT_UPDATE_NAME, ATTACHMENT_PATH, ATTACHMENT_LEVEL)
VALUES (SEQ_ATTACHMENT_NO.NEXTVAL, 1018, 'pj1018.jpg', '2024022309000010180.jpg', 'resources/project_upfiles/', 1);
INSERT INTO TB_ATTACHMENT (ATTACHMENT_NO, ATTACHMENT_PROJECT_NO, ATTACHMENT_ORIGIN_NAME, ATTACHMENT_UPDATE_NAME, ATTACHMENT_PATH, ATTACHMENT_LEVEL)
VALUES (SEQ_ATTACHMENT_NO.NEXTVAL, 1018, 'pj10181.jpg', '2024022309000010181.jpg', 'resources/project_upfiles/', 2);

INSERT INTO TB_ATTACHMENT (ATTACHMENT_NO, ATTACHMENT_PROJECT_NO, ATTACHMENT_ORIGIN_NAME, ATTACHMENT_UPDATE_NAME, ATTACHMENT_PATH, ATTACHMENT_LEVEL)
VALUES (SEQ_ATTACHMENT_NO.NEXTVAL, 1019, 'pj1019.jpg', '2024022309000010190.jpg', 'resources/project_upfiles/', 1);
INSERT INTO TB_ATTACHMENT (ATTACHMENT_NO, ATTACHMENT_PROJECT_NO, ATTACHMENT_ORIGIN_NAME, ATTACHMENT_UPDATE_NAME, ATTACHMENT_PATH, ATTACHMENT_LEVEL)
VALUES (SEQ_ATTACHMENT_NO.NEXTVAL, 1019, 'pj10191.jpg', '2024022309000010191.jpg', 'resources/project_upfiles/', 2);

INSERT INTO TB_ATTACHMENT (ATTACHMENT_NO, ATTACHMENT_PROJECT_NO, ATTACHMENT_ORIGIN_NAME, ATTACHMENT_UPDATE_NAME, ATTACHMENT_PATH, ATTACHMENT_LEVEL)
VALUES (SEQ_ATTACHMENT_NO.NEXTVAL, 1020, 'pj1020.jpg', '2024022309000010200.jpg', 'resources/project_upfiles/', 1);
INSERT INTO TB_ATTACHMENT (ATTACHMENT_NO, ATTACHMENT_PROJECT_NO, ATTACHMENT_ORIGIN_NAME, ATTACHMENT_UPDATE_NAME, ATTACHMENT_PATH, ATTACHMENT_LEVEL)
VALUES (SEQ_ATTACHMENT_NO.NEXTVAL, 1020, 'pj10201.jpg', '2024022309000010201.jpg', 'resources/project_upfiles/', 2);
INSERT INTO TB_ATTACHMENT (ATTACHMENT_NO, ATTACHMENT_PROJECT_NO, ATTACHMENT_ORIGIN_NAME, ATTACHMENT_UPDATE_NAME, ATTACHMENT_PATH, ATTACHMENT_LEVEL)
VALUES (SEQ_ATTACHMENT_NO.NEXTVAL, 1020, 'pj10202.jpg', '2024022309000010202.jpg', 'resources/project_upfiles/', 2);

INSERT INTO TB_ATTACHMENT (ATTACHMENT_NO, ATTACHMENT_PROJECT_NO, ATTACHMENT_ORIGIN_NAME, ATTACHMENT_UPDATE_NAME, ATTACHMENT_PATH, ATTACHMENT_LEVEL)
VALUES (SEQ_ATTACHMENT_NO.NEXTVAL, 1021, 'pj1021.jpg', '2024022309000010210.jpg', 'resources/project_upfiles/', 1);

INSERT INTO TB_ATTACHMENT (ATTACHMENT_NO, ATTACHMENT_PROJECT_NO, ATTACHMENT_ORIGIN_NAME, ATTACHMENT_UPDATE_NAME, ATTACHMENT_PATH, ATTACHMENT_LEVEL)
VALUES (SEQ_ATTACHMENT_NO.NEXTVAL, 1022, 'pj1022.jpg', '2024022309000010220.jpg', 'resources/project_upfiles/', 1);

INSERT INTO TB_ATTACHMENT (ATTACHMENT_NO, ATTACHMENT_PROJECT_NO, ATTACHMENT_ORIGIN_NAME, ATTACHMENT_UPDATE_NAME, ATTACHMENT_PATH, ATTACHMENT_LEVEL)
VALUES (SEQ_ATTACHMENT_NO.NEXTVAL, 1023, 'pj1023.jpg', '2024022309000010230.jpg', 'resources/project_upfiles/', 1);

INSERT INTO TB_ATTACHMENT (ATTACHMENT_NO, ATTACHMENT_PROJECT_NO, ATTACHMENT_ORIGIN_NAME, ATTACHMENT_UPDATE_NAME, ATTACHMENT_PATH, ATTACHMENT_LEVEL)
VALUES (SEQ_ATTACHMENT_NO.NEXTVAL, 1024, 'pj1024.jpg', '2024022309000010240.jpg', 'resources/project_upfiles/', 1);

INSERT INTO TB_ATTACHMENT (ATTACHMENT_NO, ATTACHMENT_PROJECT_NO, ATTACHMENT_ORIGIN_NAME, ATTACHMENT_UPDATE_NAME, ATTACHMENT_PATH, ATTACHMENT_LEVEL)
VALUES (SEQ_ATTACHMENT_NO.NEXTVAL, 1025, 'pj1025.jpg', '2024022409000010250.jpg', 'resources/project_upfiles/', 1);

INSERT INTO TB_ATTACHMENT (ATTACHMENT_NO, ATTACHMENT_PROJECT_NO, ATTACHMENT_ORIGIN_NAME, ATTACHMENT_UPDATE_NAME, ATTACHMENT_PATH, ATTACHMENT_LEVEL)
VALUES (SEQ_ATTACHMENT_NO.NEXTVAL, 1026, 'pj1026.jpg', '2024022409000010260.jpg', 'resources/project_upfiles/', 1);

INSERT INTO TB_ATTACHMENT (ATTACHMENT_NO, ATTACHMENT_PROJECT_NO, ATTACHMENT_ORIGIN_NAME, ATTACHMENT_UPDATE_NAME, ATTACHMENT_PATH, ATTACHMENT_LEVEL)
VALUES (SEQ_ATTACHMENT_NO.NEXTVAL, 1027, 'pj1027.jpg', '2024022409000010270.jpg', 'resources/project_upfiles/', 1);

INSERT INTO TB_ATTACHMENT (ATTACHMENT_NO, ATTACHMENT_PROJECT_NO, ATTACHMENT_ORIGIN_NAME, ATTACHMENT_UPDATE_NAME, ATTACHMENT_PATH, ATTACHMENT_LEVEL)
VALUES (SEQ_ATTACHMENT_NO.NEXTVAL, 1028, 'pj1028.jpg', '2024022409000010280.jpg', 'resources/project_upfiles/', 1);

INSERT INTO TB_ATTACHMENT (ATTACHMENT_NO, ATTACHMENT_PROJECT_NO, ATTACHMENT_ORIGIN_NAME, ATTACHMENT_UPDATE_NAME, ATTACHMENT_PATH, ATTACHMENT_LEVEL)
VALUES (SEQ_ATTACHMENT_NO.NEXTVAL, 1029, 'pj1029.jpg', '2024022409000010290.jpg', 'resources/project_upfiles/', 1);
INSERT INTO TB_ATTACHMENT (ATTACHMENT_NO, ATTACHMENT_PROJECT_NO, ATTACHMENT_ORIGIN_NAME, ATTACHMENT_UPDATE_NAME, ATTACHMENT_PATH, ATTACHMENT_LEVEL)
VALUES (SEQ_ATTACHMENT_NO.NEXTVAL, 1029, 'pj10291.jpg', '2024022409000010291.jpg', 'resources/project_upfiles/', 2);

INSERT INTO TB_ATTACHMENT (ATTACHMENT_NO, ATTACHMENT_PROJECT_NO, ATTACHMENT_ORIGIN_NAME, ATTACHMENT_UPDATE_NAME, ATTACHMENT_PATH, ATTACHMENT_LEVEL)
VALUES (SEQ_ATTACHMENT_NO.NEXTVAL, 1030, 'pj1030.jpg', '2024022409000010300.jpg', 'resources/project_upfiles/', 1);
INSERT INTO TB_ATTACHMENT (ATTACHMENT_NO, ATTACHMENT_PROJECT_NO, ATTACHMENT_ORIGIN_NAME, ATTACHMENT_UPDATE_NAME, ATTACHMENT_PATH, ATTACHMENT_LEVEL)
VALUES (SEQ_ATTACHMENT_NO.NEXTVAL, 1030, 'pj10301.jpg', '2024022409000010301.jpg', 'resources/project_upfiles/', 2);
INSERT INTO TB_ATTACHMENT (ATTACHMENT_NO, ATTACHMENT_PROJECT_NO, ATTACHMENT_ORIGIN_NAME, ATTACHMENT_UPDATE_NAME, ATTACHMENT_PATH, ATTACHMENT_LEVEL)
VALUES (SEQ_ATTACHMENT_NO.NEXTVAL, 1030, 'pj10302.jpg', '2024022409000010302.jpg', 'resources/project_upfiles/', 2);

INSERT INTO TB_ATTACHMENT (ATTACHMENT_NO, ATTACHMENT_PROJECT_NO, ATTACHMENT_ORIGIN_NAME, ATTACHMENT_UPDATE_NAME, ATTACHMENT_PATH, ATTACHMENT_LEVEL)
VALUES (SEQ_ATTACHMENT_NO.NEXTVAL, 1031, 'pj1031.jpg', '2024022409000010310.jpg', 'resources/project_upfiles/', 1);

INSERT INTO TB_ATTACHMENT (ATTACHMENT_NO, ATTACHMENT_PROJECT_NO, ATTACHMENT_ORIGIN_NAME, ATTACHMENT_UPDATE_NAME, ATTACHMENT_PATH, ATTACHMENT_LEVEL)
VALUES (SEQ_ATTACHMENT_NO.NEXTVAL, 1032, 'pj1032.jpg', '2024022409000010320.jpg', 'resources/project_upfiles/', 1);

INSERT INTO TB_ATTACHMENT (ATTACHMENT_NO, ATTACHMENT_PROJECT_NO, ATTACHMENT_ORIGIN_NAME, ATTACHMENT_UPDATE_NAME, ATTACHMENT_PATH, ATTACHMENT_LEVEL)
VALUES (SEQ_ATTACHMENT_NO.NEXTVAL, 1033, 'pj1033.jpg', '2024022409000010330.jpg', 'resources/project_upfiles/', 1);

INSERT INTO TB_ATTACHMENT (ATTACHMENT_NO, ATTACHMENT_PROJECT_NO, ATTACHMENT_ORIGIN_NAME, ATTACHMENT_UPDATE_NAME, ATTACHMENT_PATH, ATTACHMENT_LEVEL)
VALUES (SEQ_ATTACHMENT_NO.NEXTVAL, 1034, 'pj1034.jpg', '2024022409000010340.jpg', 'resources/project_upfiles/', 1);

INSERT INTO TB_ATTACHMENT (ATTACHMENT_NO, ATTACHMENT_PROJECT_NO, ATTACHMENT_ORIGIN_NAME, ATTACHMENT_UPDATE_NAME, ATTACHMENT_PATH, ATTACHMENT_LEVEL)
VALUES (SEQ_ATTACHMENT_NO.NEXTVAL, 1035, 'pj1035.jpg', '2024022509000010350.jpg', 'resources/project_upfiles/', 1);

INSERT INTO TB_ATTACHMENT (ATTACHMENT_NO, ATTACHMENT_PROJECT_NO, ATTACHMENT_ORIGIN_NAME, ATTACHMENT_UPDATE_NAME, ATTACHMENT_PATH, ATTACHMENT_LEVEL)
VALUES (SEQ_ATTACHMENT_NO.NEXTVAL, 1036, 'pj1036.jpg', '2024022509000010360.jpg', 'resources/project_upfiles/', 1);
INSERT INTO TB_ATTACHMENT (ATTACHMENT_NO, ATTACHMENT_PROJECT_NO, ATTACHMENT_ORIGIN_NAME, ATTACHMENT_UPDATE_NAME, ATTACHMENT_PATH, ATTACHMENT_LEVEL)
VALUES (SEQ_ATTACHMENT_NO.NEXTVAL, 1036, 'pj10361.jpg', '2024022509000010361.jpg', 'resources/project_upfiles/', 2);

INSERT INTO TB_ATTACHMENT (ATTACHMENT_NO, ATTACHMENT_PROJECT_NO, ATTACHMENT_ORIGIN_NAME, ATTACHMENT_UPDATE_NAME, ATTACHMENT_PATH, ATTACHMENT_LEVEL)
VALUES (SEQ_ATTACHMENT_NO.NEXTVAL, 1037, 'pj1037.jpg', '2024022509000010370.jpg', 'resources/project_upfiles/', 1);

INSERT INTO TB_ATTACHMENT (ATTACHMENT_NO, ATTACHMENT_PROJECT_NO, ATTACHMENT_ORIGIN_NAME, ATTACHMENT_UPDATE_NAME, ATTACHMENT_PATH, ATTACHMENT_LEVEL)
VALUES (SEQ_ATTACHMENT_NO.NEXTVAL, 1038, 'pj1038.jpg', '2024022509000010380.jpg', 'resources/project_upfiles/', 1);

INSERT INTO TB_ATTACHMENT (ATTACHMENT_NO, ATTACHMENT_PROJECT_NO, ATTACHMENT_ORIGIN_NAME, ATTACHMENT_UPDATE_NAME, ATTACHMENT_PATH, ATTACHMENT_LEVEL)
VALUES (SEQ_ATTACHMENT_NO.NEXTVAL, 1039, 'pj1039.jpg', '2024022509000010390.jpg', 'resources/project_upfiles/', 1);
INSERT INTO TB_ATTACHMENT (ATTACHMENT_NO, ATTACHMENT_PROJECT_NO, ATTACHMENT_ORIGIN_NAME, ATTACHMENT_UPDATE_NAME, ATTACHMENT_PATH, ATTACHMENT_LEVEL)
VALUES (SEQ_ATTACHMENT_NO.NEXTVAL, 1039, 'pj10391.jpg', '2024022509000010391.jpg', 'resources/project_upfiles/', 2);
INSERT INTO TB_ATTACHMENT (ATTACHMENT_NO, ATTACHMENT_PROJECT_NO, ATTACHMENT_ORIGIN_NAME, ATTACHMENT_UPDATE_NAME, ATTACHMENT_PATH, ATTACHMENT_LEVEL)
VALUES (SEQ_ATTACHMENT_NO.NEXTVAL, 1039, 'pj10392.jpg', '2024022509000010392.jpg', 'resources/project_upfiles/', 2);
INSERT INTO TB_ATTACHMENT (ATTACHMENT_NO, ATTACHMENT_PROJECT_NO, ATTACHMENT_ORIGIN_NAME, ATTACHMENT_UPDATE_NAME, ATTACHMENT_PATH, ATTACHMENT_LEVEL)
VALUES (SEQ_ATTACHMENT_NO.NEXTVAL, 1039, 'pj10393.jpg', '2024022509000010393.jpg', 'resources/project_upfiles/', 2);

INSERT INTO TB_ATTACHMENT (ATTACHMENT_NO, ATTACHMENT_PROJECT_NO, ATTACHMENT_ORIGIN_NAME, ATTACHMENT_UPDATE_NAME, ATTACHMENT_PATH, ATTACHMENT_LEVEL)
VALUES (SEQ_ATTACHMENT_NO.NEXTVAL, 1040, 'pj1040.jpg', '2024022509000010400.jpg', 'resources/project_upfiles/', 1);

INSERT INTO TB_ATTACHMENT (ATTACHMENT_NO, ATTACHMENT_PROJECT_NO, ATTACHMENT_ORIGIN_NAME, ATTACHMENT_UPDATE_NAME, ATTACHMENT_PATH, ATTACHMENT_LEVEL)
VALUES (SEQ_ATTACHMENT_NO.NEXTVAL, 1041, 'pj1041.jpg', '2024022509000010410.jpg', 'resources/project_upfiles/', 1);

INSERT INTO TB_ATTACHMENT (ATTACHMENT_NO, ATTACHMENT_PROJECT_NO, ATTACHMENT_ORIGIN_NAME, ATTACHMENT_UPDATE_NAME, ATTACHMENT_PATH, ATTACHMENT_LEVEL)
VALUES (SEQ_ATTACHMENT_NO.NEXTVAL, 1042, 'pj1042.jpg', '2024022509000010420.jpg', 'resources/project_upfiles/', 1);

INSERT INTO TB_ATTACHMENT (ATTACHMENT_NO, ATTACHMENT_PROJECT_NO, ATTACHMENT_ORIGIN_NAME, ATTACHMENT_UPDATE_NAME, ATTACHMENT_PATH, ATTACHMENT_LEVEL)
VALUES (SEQ_ATTACHMENT_NO.NEXTVAL, 1043, 'pj1043.jpg', '2024022509000010430.jpg', 'resources/project_upfiles/', 1);
INSERT INTO TB_ATTACHMENT (ATTACHMENT_NO, ATTACHMENT_PROJECT_NO, ATTACHMENT_ORIGIN_NAME, ATTACHMENT_UPDATE_NAME, ATTACHMENT_PATH, ATTACHMENT_LEVEL)
VALUES (SEQ_ATTACHMENT_NO.NEXTVAL, 1043, 'pj10431.jpg', '2024022509000010431.jpg', 'resources/project_upfiles/', 2);
INSERT INTO TB_ATTACHMENT (ATTACHMENT_NO, ATTACHMENT_PROJECT_NO, ATTACHMENT_ORIGIN_NAME, ATTACHMENT_UPDATE_NAME, ATTACHMENT_PATH, ATTACHMENT_LEVEL)
VALUES (SEQ_ATTACHMENT_NO.NEXTVAL, 1043, 'pj10432.jpg', '2024022509000010432.jpg', 'resources/project_upfiles/', 2);
INSERT INTO TB_ATTACHMENT (ATTACHMENT_NO, ATTACHMENT_PROJECT_NO, ATTACHMENT_ORIGIN_NAME, ATTACHMENT_UPDATE_NAME, ATTACHMENT_PATH, ATTACHMENT_LEVEL)
VALUES (SEQ_ATTACHMENT_NO.NEXTVAL, 1043, 'pj10433.jpg', '2024022509000010433.jpg', 'resources/project_upfiles/', 2);

INSERT INTO TB_ATTACHMENT (ATTACHMENT_NO, ATTACHMENT_PROJECT_NO, ATTACHMENT_ORIGIN_NAME, ATTACHMENT_UPDATE_NAME, ATTACHMENT_PATH, ATTACHMENT_LEVEL)
VALUES (SEQ_ATTACHMENT_NO.NEXTVAL, 1044, 'pj1044.jpg', '2024022509000010440.jpg', 'resources/project_upfiles/', 1);

INSERT INTO TB_ATTACHMENT (ATTACHMENT_NO, ATTACHMENT_PROJECT_NO, ATTACHMENT_ORIGIN_NAME, ATTACHMENT_UPDATE_NAME, ATTACHMENT_PATH, ATTACHMENT_LEVEL)
VALUES (SEQ_ATTACHMENT_NO.NEXTVAL, 1045, 'pj1045.jpg', '2024022609000010450.jpg', 'resources/project_upfiles/', 1);
INSERT INTO TB_ATTACHMENT (ATTACHMENT_NO, ATTACHMENT_PROJECT_NO, ATTACHMENT_ORIGIN_NAME, ATTACHMENT_UPDATE_NAME, ATTACHMENT_PATH, ATTACHMENT_LEVEL)
VALUES (SEQ_ATTACHMENT_NO.NEXTVAL, 1045, 'pj10451.jpg', '2024022609000010451.jpg', 'resources/project_upfiles/', 2);

INSERT INTO TB_ATTACHMENT (ATTACHMENT_NO, ATTACHMENT_PROJECT_NO, ATTACHMENT_ORIGIN_NAME, ATTACHMENT_UPDATE_NAME, ATTACHMENT_PATH, ATTACHMENT_LEVEL)
VALUES (SEQ_ATTACHMENT_NO.NEXTVAL, 1046, 'pj1046.jpg', '2024022609000010460.jpg', 'resources/project_upfiles/', 1);

INSERT INTO TB_ATTACHMENT (ATTACHMENT_NO, ATTACHMENT_PROJECT_NO, ATTACHMENT_ORIGIN_NAME, ATTACHMENT_UPDATE_NAME, ATTACHMENT_PATH, ATTACHMENT_LEVEL)
VALUES (SEQ_ATTACHMENT_NO.NEXTVAL, 1047, 'pj1047.jpg', '2024022609000010470.jpg', 'resources/project_upfiles/', 1);
INSERT INTO TB_ATTACHMENT (ATTACHMENT_NO, ATTACHMENT_PROJECT_NO, ATTACHMENT_ORIGIN_NAME, ATTACHMENT_UPDATE_NAME, ATTACHMENT_PATH, ATTACHMENT_LEVEL)
VALUES (SEQ_ATTACHMENT_NO.NEXTVAL, 1047, 'pj10471.jpg', '2024022609000010471.jpg', 'resources/project_upfiles/', 2);

INSERT INTO TB_ATTACHMENT (ATTACHMENT_NO, ATTACHMENT_PROJECT_NO, ATTACHMENT_ORIGIN_NAME, ATTACHMENT_UPDATE_NAME, ATTACHMENT_PATH, ATTACHMENT_LEVEL)
VALUES (SEQ_ATTACHMENT_NO.NEXTVAL, 1048, 'pj1048.jpg', '2024022609000010480.jpg', 'resources/project_upfiles/', 1);

INSERT INTO TB_ATTACHMENT (ATTACHMENT_NO, ATTACHMENT_PROJECT_NO, ATTACHMENT_ORIGIN_NAME, ATTACHMENT_UPDATE_NAME, ATTACHMENT_PATH, ATTACHMENT_LEVEL)
VALUES (SEQ_ATTACHMENT_NO.NEXTVAL, 1049, 'pj1049.jpg', '2024022609000010490.jpg', 'resources/project_upfiles/', 1);

INSERT INTO TB_ATTACHMENT (ATTACHMENT_NO, ATTACHMENT_PROJECT_NO, ATTACHMENT_ORIGIN_NAME, ATTACHMENT_UPDATE_NAME, ATTACHMENT_PATH, ATTACHMENT_LEVEL)
VALUES (SEQ_ATTACHMENT_NO.NEXTVAL, 1050, 'pj1050.jpg', '2024022609000010500.jpg', 'resources/project_upfiles/', 1);

INSERT INTO TB_ATTACHMENT (ATTACHMENT_NO, ATTACHMENT_PROJECT_NO, ATTACHMENT_ORIGIN_NAME, ATTACHMENT_UPDATE_NAME, ATTACHMENT_PATH, ATTACHMENT_LEVEL)
VALUES (SEQ_ATTACHMENT_NO.NEXTVAL, 1051, 'pj1051.jpg', '2024022609000010510.jpg', 'resources/project_upfiles/', 1);
INSERT INTO TB_ATTACHMENT (ATTACHMENT_NO, ATTACHMENT_PROJECT_NO, ATTACHMENT_ORIGIN_NAME, ATTACHMENT_UPDATE_NAME, ATTACHMENT_PATH, ATTACHMENT_LEVEL)
VALUES (SEQ_ATTACHMENT_NO.NEXTVAL, 1051, 'pj10511.jpg', '2024022609000010511.jpg', 'resources/project_upfiles/', 2);
INSERT INTO TB_ATTACHMENT (ATTACHMENT_NO, ATTACHMENT_PROJECT_NO, ATTACHMENT_ORIGIN_NAME, ATTACHMENT_UPDATE_NAME, ATTACHMENT_PATH, ATTACHMENT_LEVEL)
VALUES (SEQ_ATTACHMENT_NO.NEXTVAL, 1051, 'pj10512.jpg', '2024022609000010512.jpg', 'resources/project_upfiles/', 2);
INSERT INTO TB_ATTACHMENT (ATTACHMENT_NO, ATTACHMENT_PROJECT_NO, ATTACHMENT_ORIGIN_NAME, ATTACHMENT_UPDATE_NAME, ATTACHMENT_PATH, ATTACHMENT_LEVEL)
VALUES (SEQ_ATTACHMENT_NO.NEXTVAL, 1051, 'pj10513.jpg', '2024022609000010513.jpg', 'resources/project_upfiles/', 2);

INSERT INTO TB_ATTACHMENT (ATTACHMENT_NO, ATTACHMENT_PROJECT_NO, ATTACHMENT_ORIGIN_NAME, ATTACHMENT_UPDATE_NAME, ATTACHMENT_PATH, ATTACHMENT_LEVEL)
VALUES (SEQ_ATTACHMENT_NO.NEXTVAL, 1052, 'pj1052.jpg', '2024022609000010520.jpg', 'resources/project_upfiles/', 1);
INSERT INTO TB_ATTACHMENT (ATTACHMENT_NO, ATTACHMENT_PROJECT_NO, ATTACHMENT_ORIGIN_NAME, ATTACHMENT_UPDATE_NAME, ATTACHMENT_PATH, ATTACHMENT_LEVEL)
VALUES (SEQ_ATTACHMENT_NO.NEXTVAL, 1052, 'pj10521.jpg', '2024022609000010521.jpg', 'resources/project_upfiles/', 2);

INSERT INTO TB_ATTACHMENT (ATTACHMENT_NO, ATTACHMENT_PROJECT_NO, ATTACHMENT_ORIGIN_NAME, ATTACHMENT_UPDATE_NAME, ATTACHMENT_PATH, ATTACHMENT_LEVEL)
VALUES (SEQ_ATTACHMENT_NO.NEXTVAL, 1053, 'pj1053.jpg', '2024022609000010530.jpg', 'resources/project_upfiles/', 1);

INSERT INTO TB_ATTACHMENT (ATTACHMENT_NO, ATTACHMENT_PROJECT_NO, ATTACHMENT_ORIGIN_NAME, ATTACHMENT_UPDATE_NAME, ATTACHMENT_PATH, ATTACHMENT_LEVEL)
VALUES (SEQ_ATTACHMENT_NO.NEXTVAL, 1054, 'pj1054.jpg', '2024022609000010540.jpg', 'resources/project_upfiles/', 1);

INSERT INTO TB_ATTACHMENT (ATTACHMENT_NO, ATTACHMENT_PROJECT_NO, ATTACHMENT_ORIGIN_NAME, ATTACHMENT_UPDATE_NAME, ATTACHMENT_PATH, ATTACHMENT_LEVEL)
VALUES (SEQ_ATTACHMENT_NO.NEXTVAL, 1055, 'pj1055.jpg', '2024022709000010550.jpg', 'resources/project_upfiles/', 1);

INSERT INTO TB_ATTACHMENT (ATTACHMENT_NO, ATTACHMENT_PROJECT_NO, ATTACHMENT_ORIGIN_NAME, ATTACHMENT_UPDATE_NAME, ATTACHMENT_PATH, ATTACHMENT_LEVEL)
VALUES (SEQ_ATTACHMENT_NO.NEXTVAL, 1056, 'pj1056.jpg', '2024022709000010560.jpg', 'resources/project_upfiles/', 1);
INSERT INTO TB_ATTACHMENT (ATTACHMENT_NO, ATTACHMENT_PROJECT_NO, ATTACHMENT_ORIGIN_NAME, ATTACHMENT_UPDATE_NAME, ATTACHMENT_PATH, ATTACHMENT_LEVEL)
VALUES (SEQ_ATTACHMENT_NO.NEXTVAL, 1056, 'pj10561.jpg', '2024022709000010561.jpg', 'resources/project_upfiles/', 2);

INSERT INTO TB_ATTACHMENT (ATTACHMENT_NO, ATTACHMENT_PROJECT_NO, ATTACHMENT_ORIGIN_NAME, ATTACHMENT_UPDATE_NAME, ATTACHMENT_PATH, ATTACHMENT_LEVEL)
VALUES (SEQ_ATTACHMENT_NO.NEXTVAL, 1057, 'pj1057.jpg', '2024022709000010570.jpg', 'resources/project_upfiles/', 1);

INSERT INTO TB_ATTACHMENT (ATTACHMENT_NO, ATTACHMENT_PROJECT_NO, ATTACHMENT_ORIGIN_NAME, ATTACHMENT_UPDATE_NAME, ATTACHMENT_PATH, ATTACHMENT_LEVEL)
VALUES (SEQ_ATTACHMENT_NO.NEXTVAL, 1058, 'pj1058.jpg', '2024022709000010580.jpg', 'resources/project_upfiles/', 1);

INSERT INTO TB_ATTACHMENT (ATTACHMENT_NO, ATTACHMENT_PROJECT_NO, ATTACHMENT_ORIGIN_NAME, ATTACHMENT_UPDATE_NAME, ATTACHMENT_PATH, ATTACHMENT_LEVEL)
VALUES (SEQ_ATTACHMENT_NO.NEXTVAL, 1059, 'pj1059.jpg', '2024022709000010590.jpg', 'resources/project_upfiles/', 1);
INSERT INTO TB_ATTACHMENT (ATTACHMENT_NO, ATTACHMENT_PROJECT_NO, ATTACHMENT_ORIGIN_NAME, ATTACHMENT_UPDATE_NAME, ATTACHMENT_PATH, ATTACHMENT_LEVEL)
VALUES (SEQ_ATTACHMENT_NO.NEXTVAL, 1059, 'pj10591.jpg', '2024022709000010591.jpg', 'resources/project_upfiles/', 2);
INSERT INTO TB_ATTACHMENT (ATTACHMENT_NO, ATTACHMENT_PROJECT_NO, ATTACHMENT_ORIGIN_NAME, ATTACHMENT_UPDATE_NAME, ATTACHMENT_PATH, ATTACHMENT_LEVEL)
VALUES (SEQ_ATTACHMENT_NO.NEXTVAL, 1059, 'pj10592.jpg', '2024022709000010592.jpg', 'resources/project_upfiles/', 2);

INSERT INTO TB_ATTACHMENT (ATTACHMENT_NO, ATTACHMENT_PROJECT_NO, ATTACHMENT_ORIGIN_NAME, ATTACHMENT_UPDATE_NAME, ATTACHMENT_PATH, ATTACHMENT_LEVEL)
VALUES (SEQ_ATTACHMENT_NO.NEXTVAL, 1060, 'pj1060.jpg', '2024022709000010600.jpg', 'resources/project_upfiles/', 1);

INSERT INTO TB_ATTACHMENT (ATTACHMENT_NO, ATTACHMENT_PROJECT_NO, ATTACHMENT_ORIGIN_NAME, ATTACHMENT_UPDATE_NAME, ATTACHMENT_PATH, ATTACHMENT_LEVEL)
VALUES (SEQ_ATTACHMENT_NO.NEXTVAL, 1061, 'pj1061.jpg', '2024022709000010610.jpg', 'resources/project_upfiles/', 1);

INSERT INTO TB_ATTACHMENT (ATTACHMENT_NO, ATTACHMENT_PROJECT_NO, ATTACHMENT_ORIGIN_NAME, ATTACHMENT_UPDATE_NAME, ATTACHMENT_PATH, ATTACHMENT_LEVEL)
VALUES (SEQ_ATTACHMENT_NO.NEXTVAL, 1062, 'pj1062.jpg', '2024022709000010620.jpg', 'resources/project_upfiles/', 1);

INSERT INTO TB_ATTACHMENT (ATTACHMENT_NO, ATTACHMENT_PROJECT_NO, ATTACHMENT_ORIGIN_NAME, ATTACHMENT_UPDATE_NAME, ATTACHMENT_PATH, ATTACHMENT_LEVEL)
VALUES (SEQ_ATTACHMENT_NO.NEXTVAL, 1063, 'pj1063.jpg', '2024022709000010630.jpg', 'resources/project_upfiles/', 1);
INSERT INTO TB_ATTACHMENT (ATTACHMENT_NO, ATTACHMENT_PROJECT_NO, ATTACHMENT_ORIGIN_NAME, ATTACHMENT_UPDATE_NAME, ATTACHMENT_PATH, ATTACHMENT_LEVEL)
VALUES (SEQ_ATTACHMENT_NO.NEXTVAL, 1063, 'pj10631.jpg', '2024022709000010631.jpg', 'resources/project_upfiles/', 2);

INSERT INTO TB_ATTACHMENT (ATTACHMENT_NO, ATTACHMENT_PROJECT_NO, ATTACHMENT_ORIGIN_NAME, ATTACHMENT_UPDATE_NAME, ATTACHMENT_PATH, ATTACHMENT_LEVEL)
VALUES (SEQ_ATTACHMENT_NO.NEXTVAL, 1064, 'pj1064.jpg', '2024022709000010640.jpg', 'resources/project_upfiles/', 1);

INSERT INTO TB_ATTACHMENT (ATTACHMENT_NO, ATTACHMENT_PROJECT_NO, ATTACHMENT_ORIGIN_NAME, ATTACHMENT_UPDATE_NAME, ATTACHMENT_PATH, ATTACHMENT_LEVEL)
VALUES (SEQ_ATTACHMENT_NO.NEXTVAL, 1065, 'pj1065.jpg', '2024022809000010650.jpg', 'resources/project_upfiles/', 1);

INSERT INTO TB_ATTACHMENT (ATTACHMENT_NO, ATTACHMENT_PROJECT_NO, ATTACHMENT_ORIGIN_NAME, ATTACHMENT_UPDATE_NAME, ATTACHMENT_PATH, ATTACHMENT_LEVEL)
VALUES (SEQ_ATTACHMENT_NO.NEXTVAL, 1066, 'pj1066.jpg', '2024022809000010660.jpg', 'resources/project_upfiles/', 1);
INSERT INTO TB_ATTACHMENT (ATTACHMENT_NO, ATTACHMENT_PROJECT_NO, ATTACHMENT_ORIGIN_NAME, ATTACHMENT_UPDATE_NAME, ATTACHMENT_PATH, ATTACHMENT_LEVEL)
VALUES (SEQ_ATTACHMENT_NO.NEXTVAL, 1066, 'pj10661.jpg', '2024022809000010661.jpg', 'resources/project_upfiles/', 2);
INSERT INTO TB_ATTACHMENT (ATTACHMENT_NO, ATTACHMENT_PROJECT_NO, ATTACHMENT_ORIGIN_NAME, ATTACHMENT_UPDATE_NAME, ATTACHMENT_PATH, ATTACHMENT_LEVEL)
VALUES (SEQ_ATTACHMENT_NO.NEXTVAL, 1066, 'pj10662.jpg', '2024022809000010662.jpg', 'resources/project_upfiles/', 2);

INSERT INTO TB_ATTACHMENT (ATTACHMENT_NO, ATTACHMENT_PROJECT_NO, ATTACHMENT_ORIGIN_NAME, ATTACHMENT_UPDATE_NAME, ATTACHMENT_PATH, ATTACHMENT_LEVEL)
VALUES (SEQ_ATTACHMENT_NO.NEXTVAL, 1067, 'pj1067.jpg', '2024022809000010670.jpg', 'resources/project_upfiles/', 1);
INSERT INTO TB_ATTACHMENT (ATTACHMENT_NO, ATTACHMENT_PROJECT_NO, ATTACHMENT_ORIGIN_NAME, ATTACHMENT_UPDATE_NAME, ATTACHMENT_PATH, ATTACHMENT_LEVEL)
VALUES (SEQ_ATTACHMENT_NO.NEXTVAL, 1067, 'pj10671.jpg', '2024022809000010671.jpg', 'resources/project_upfiles/', 2);

INSERT INTO TB_ATTACHMENT (ATTACHMENT_NO, ATTACHMENT_PROJECT_NO, ATTACHMENT_ORIGIN_NAME, ATTACHMENT_UPDATE_NAME, ATTACHMENT_PATH, ATTACHMENT_LEVEL)
VALUES (SEQ_ATTACHMENT_NO.NEXTVAL, 1068, 'pj1068.jpg', '2024022809000010680.jpg', 'resources/project_upfiles/', 1);

INSERT INTO TB_ATTACHMENT (ATTACHMENT_NO, ATTACHMENT_PROJECT_NO, ATTACHMENT_ORIGIN_NAME, ATTACHMENT_UPDATE_NAME, ATTACHMENT_PATH, ATTACHMENT_LEVEL)
VALUES (SEQ_ATTACHMENT_NO.NEXTVAL, 1069, 'pj1069.jpg', '2024022809000010690.jpg', 'resources/project_upfiles/', 1);
INSERT INTO TB_ATTACHMENT (ATTACHMENT_NO, ATTACHMENT_PROJECT_NO, ATTACHMENT_ORIGIN_NAME, ATTACHMENT_UPDATE_NAME, ATTACHMENT_PATH, ATTACHMENT_LEVEL)
VALUES (SEQ_ATTACHMENT_NO.NEXTVAL, 1069, 'pj10691.jpg', '2024022809000010691.jpg', 'resources/project_upfiles/', 2);
INSERT INTO TB_ATTACHMENT (ATTACHMENT_NO, ATTACHMENT_PROJECT_NO, ATTACHMENT_ORIGIN_NAME, ATTACHMENT_UPDATE_NAME, ATTACHMENT_PATH, ATTACHMENT_LEVEL)
VALUES (SEQ_ATTACHMENT_NO.NEXTVAL, 1069, 'pj10692.jpg', '2024022809000010692.jpg', 'resources/project_upfiles/', 2);
INSERT INTO TB_ATTACHMENT (ATTACHMENT_NO, ATTACHMENT_PROJECT_NO, ATTACHMENT_ORIGIN_NAME, ATTACHMENT_UPDATE_NAME, ATTACHMENT_PATH, ATTACHMENT_LEVEL)
VALUES (SEQ_ATTACHMENT_NO.NEXTVAL, 1069, 'pj10693.jpg', '2024022809000010693.jpg', 'resources/project_upfiles/', 2);

INSERT INTO TB_ATTACHMENT (ATTACHMENT_NO, ATTACHMENT_PROJECT_NO, ATTACHMENT_ORIGIN_NAME, ATTACHMENT_UPDATE_NAME, ATTACHMENT_PATH, ATTACHMENT_LEVEL)
VALUES (SEQ_ATTACHMENT_NO.NEXTVAL, 1070, 'pj1070.jpg', '2024022809000010700.jpg', 'resources/project_upfiles/', 1);

INSERT INTO TB_ATTACHMENT (ATTACHMENT_NO, ATTACHMENT_PROJECT_NO, ATTACHMENT_ORIGIN_NAME, ATTACHMENT_UPDATE_NAME, ATTACHMENT_PATH, ATTACHMENT_LEVEL)
VALUES (SEQ_ATTACHMENT_NO.NEXTVAL, 1071, 'pj1071.jpg', '2024022809000010710.jpg', 'resources/project_upfiles/', 1);
INSERT INTO TB_ATTACHMENT (ATTACHMENT_NO, ATTACHMENT_PROJECT_NO, ATTACHMENT_ORIGIN_NAME, ATTACHMENT_UPDATE_NAME, ATTACHMENT_PATH, ATTACHMENT_LEVEL)
VALUES (SEQ_ATTACHMENT_NO.NEXTVAL, 1071, 'pj10711.jpg', '2024022809000010711.jpg', 'resources/project_upfiles/', 2);
INSERT INTO TB_ATTACHMENT (ATTACHMENT_NO, ATTACHMENT_PROJECT_NO, ATTACHMENT_ORIGIN_NAME, ATTACHMENT_UPDATE_NAME, ATTACHMENT_PATH, ATTACHMENT_LEVEL)
VALUES (SEQ_ATTACHMENT_NO.NEXTVAL, 1071, 'pj10712.jpg', '2024022809000010712.jpg', 'resources/project_upfiles/', 2);

INSERT INTO TB_ATTACHMENT (ATTACHMENT_NO, ATTACHMENT_PROJECT_NO, ATTACHMENT_ORIGIN_NAME, ATTACHMENT_UPDATE_NAME, ATTACHMENT_PATH, ATTACHMENT_LEVEL)
VALUES (SEQ_ATTACHMENT_NO.NEXTVAL, 1072, 'pj1072.jpg', '2024022809000010720.jpg', 'resources/project_upfiles/', 1);

INSERT INTO TB_ATTACHMENT (ATTACHMENT_NO, ATTACHMENT_PROJECT_NO, ATTACHMENT_ORIGIN_NAME, ATTACHMENT_UPDATE_NAME, ATTACHMENT_PATH, ATTACHMENT_LEVEL)
VALUES (SEQ_ATTACHMENT_NO.NEXTVAL, 1073, 'pj1073.jpg', '2024022809000010730.jpg', 'resources/project_upfiles/', 1);
--------------------------------------------------
------------------ BUYER 관련 ---------------------	
--------------------------------------------------
CREATE TABLE TB_BUYER (
    BUYER_USER_NO NUMBER CONSTRAINT BUYER_USER_NO_FK REFERENCES TB_MEMBER(USER_NO),
    BUYER_PROJECT_NO NUMBER CONSTRAINT BUYER_PROJECT_NO_FK REFERENCES TB_PROJECT(PROJECT_NO),
    BUYER_FUNDING NUMBER CONSTRAINT BUYER_FUNDING_NN NOT NULL
);

COMMENT ON COLUMN TB_BUYER.BUYER_USER_NO IS '후원자 회원번호';
COMMENT ON COLUMN TB_BUYER.BUYER_PROJECT_NO IS '후원자 프로젝트번호';
COMMENT ON COLUMN TB_BUYER.BUYER_FUNDING IS '후원자 후원금액';

INSERT INTO TB_BUYER (BUYER_USER_NO, BUYER_PROJECT_NO, BUYER_FUNDING) VALUES (10, 1003, 5000000);
INSERT INTO TB_BUYER (BUYER_USER_NO, BUYER_PROJECT_NO, BUYER_FUNDING) VALUES (6, 1003, 500000);
INSERT INTO TB_BUYER (BUYER_USER_NO, BUYER_PROJECT_NO, BUYER_FUNDING) VALUES (17, 1003, 500000);
INSERT INTO TB_BUYER (BUYER_USER_NO, BUYER_PROJECT_NO, BUYER_FUNDING) VALUES (9, 1005, 1000000);
INSERT INTO TB_BUYER (BUYER_USER_NO, BUYER_PROJECT_NO, BUYER_FUNDING) VALUES (10, 1005, 1000000);
INSERT INTO TB_BUYER (BUYER_USER_NO, BUYER_PROJECT_NO, BUYER_FUNDING) VALUES (9, 1006, 2000000);
INSERT INTO TB_BUYER (BUYER_USER_NO, BUYER_PROJECT_NO, BUYER_FUNDING) VALUES (2, 1006, 1000000);
INSERT INTO TB_BUYER (BUYER_USER_NO, BUYER_PROJECT_NO, BUYER_FUNDING) VALUES (2, 1007, 3000000);
INSERT INTO TB_BUYER (BUYER_USER_NO, BUYER_PROJECT_NO, BUYER_FUNDING) VALUES (3, 1007, 1500000);
INSERT INTO TB_BUYER (BUYER_USER_NO, BUYER_PROJECT_NO, BUYER_FUNDING) VALUES (2, 1008, 4000000);
INSERT INTO TB_BUYER (BUYER_USER_NO, BUYER_PROJECT_NO, BUYER_FUNDING) VALUES (3, 1008, 2000000);
INSERT INTO TB_BUYER (BUYER_USER_NO, BUYER_PROJECT_NO, BUYER_FUNDING) VALUES (4, 1008, 400000);
INSERT INTO TB_BUYER (BUYER_USER_NO, BUYER_PROJECT_NO, BUYER_FUNDING) VALUES (10, 1009, 5000000);
INSERT INTO TB_BUYER (BUYER_USER_NO, BUYER_PROJECT_NO, BUYER_FUNDING) VALUES (9, 1009, 500000);
INSERT INTO TB_BUYER (BUYER_USER_NO, BUYER_PROJECT_NO, BUYER_FUNDING) VALUES (8, 1009, 500000);
INSERT INTO TB_BUYER (BUYER_USER_NO, BUYER_PROJECT_NO, BUYER_FUNDING) VALUES (7, 1009, 2500000);
INSERT INTO TB_BUYER (BUYER_USER_NO, BUYER_PROJECT_NO, BUYER_FUNDING) VALUES (2, 1010, 6000000);
INSERT INTO TB_BUYER (BUYER_USER_NO, BUYER_PROJECT_NO, BUYER_FUNDING) VALUES (3, 1010, 6000000);
INSERT INTO TB_BUYER (BUYER_USER_NO, BUYER_PROJECT_NO, BUYER_FUNDING) VALUES (4, 1010, 6000000);
INSERT INTO TB_BUYER (BUYER_USER_NO, BUYER_PROJECT_NO, BUYER_FUNDING) VALUES (5, 1010, 6000000);
INSERT INTO TB_BUYER (BUYER_USER_NO, BUYER_PROJECT_NO, BUYER_FUNDING) VALUES (6, 1010, 6000000);
INSERT INTO TB_BUYER (BUYER_USER_NO, BUYER_PROJECT_NO, BUYER_FUNDING) VALUES (10, 1010, 6000000);
INSERT INTO TB_BUYER (BUYER_USER_NO, BUYER_PROJECT_NO, BUYER_FUNDING) VALUES (8, 1010, 6000000);
INSERT INTO TB_BUYER (BUYER_USER_NO, BUYER_PROJECT_NO, BUYER_FUNDING) VALUES (9, 1010, 6000000);
INSERT INTO TB_BUYER (BUYER_USER_NO, BUYER_PROJECT_NO, BUYER_FUNDING) VALUES (2, 1011, 500000);
INSERT INTO TB_BUYER (BUYER_USER_NO, BUYER_PROJECT_NO, BUYER_FUNDING) VALUES (3, 1011, 50000);
INSERT INTO TB_BUYER (BUYER_USER_NO, BUYER_PROJECT_NO, BUYER_FUNDING) VALUES (4, 1011, 50000);
INSERT INTO TB_BUYER (BUYER_USER_NO, BUYER_PROJECT_NO, BUYER_FUNDING) VALUES (5, 1011, 50000);
INSERT INTO TB_BUYER (BUYER_USER_NO, BUYER_PROJECT_NO, BUYER_FUNDING) VALUES (6, 1011, 50000);
INSERT INTO TB_BUYER (BUYER_USER_NO, BUYER_PROJECT_NO, BUYER_FUNDING) VALUES (2, 1012, 60000);
INSERT INTO TB_BUYER (BUYER_USER_NO, BUYER_PROJECT_NO, BUYER_FUNDING) VALUES (3, 1012, 60000);
INSERT INTO TB_BUYER (BUYER_USER_NO, BUYER_PROJECT_NO, BUYER_FUNDING) VALUES (4, 1012, 60000);
INSERT INTO TB_BUYER (BUYER_USER_NO, BUYER_PROJECT_NO, BUYER_FUNDING) VALUES (5, 1012, 60000);
INSERT INTO TB_BUYER (BUYER_USER_NO, BUYER_PROJECT_NO, BUYER_FUNDING) VALUES (6, 1012, 600000);
INSERT INTO TB_BUYER (BUYER_USER_NO, BUYER_PROJECT_NO, BUYER_FUNDING) VALUES (7, 1012, 60000);
INSERT INTO TB_BUYER (BUYER_USER_NO, BUYER_PROJECT_NO, BUYER_FUNDING) VALUES (2, 1013, 700000);
INSERT INTO TB_BUYER (BUYER_USER_NO, BUYER_PROJECT_NO, BUYER_FUNDING) VALUES (12, 1013, 700000);
INSERT INTO TB_BUYER (BUYER_USER_NO, BUYER_PROJECT_NO, BUYER_FUNDING) VALUES (11, 1013, 700000);
INSERT INTO TB_BUYER (BUYER_USER_NO, BUYER_PROJECT_NO, BUYER_FUNDING) VALUES (3, 1013, 700000);
INSERT INTO TB_BUYER (BUYER_USER_NO, BUYER_PROJECT_NO, BUYER_FUNDING) VALUES (9, 1013, 700000);
INSERT INTO TB_BUYER (BUYER_USER_NO, BUYER_PROJECT_NO, BUYER_FUNDING) VALUES (12, 1014, 80000);
INSERT INTO TB_BUYER (BUYER_USER_NO, BUYER_PROJECT_NO, BUYER_FUNDING) VALUES (3, 1014, 80000);
INSERT INTO TB_BUYER (BUYER_USER_NO, BUYER_PROJECT_NO, BUYER_FUNDING) VALUES (4, 1014, 80000);
INSERT INTO TB_BUYER (BUYER_USER_NO, BUYER_PROJECT_NO, BUYER_FUNDING) VALUES (5, 1014, 80000);
INSERT INTO TB_BUYER (BUYER_USER_NO, BUYER_PROJECT_NO, BUYER_FUNDING) VALUES (6, 1014, 80000);
INSERT INTO TB_BUYER (BUYER_USER_NO, BUYER_PROJECT_NO, BUYER_FUNDING) VALUES (7, 1014, 80000);
INSERT INTO TB_BUYER (BUYER_USER_NO, BUYER_PROJECT_NO, BUYER_FUNDING) VALUES (8, 1014, 80000);
INSERT INTO TB_BUYER (BUYER_USER_NO, BUYER_PROJECT_NO, BUYER_FUNDING) VALUES (9, 1014, 80000);
INSERT INTO TB_BUYER (BUYER_USER_NO, BUYER_PROJECT_NO, BUYER_FUNDING) VALUES (10, 1014, 80000);
INSERT INTO TB_BUYER (BUYER_USER_NO, BUYER_PROJECT_NO, BUYER_FUNDING) VALUES (11, 1014, 80000);
INSERT INTO TB_BUYER (BUYER_USER_NO, BUYER_PROJECT_NO, BUYER_FUNDING) VALUES (2, 1015, 100000);
INSERT INTO TB_BUYER (BUYER_USER_NO, BUYER_PROJECT_NO, BUYER_FUNDING) VALUES (5, 1015, 100000);
INSERT INTO TB_BUYER (BUYER_USER_NO, BUYER_PROJECT_NO, BUYER_FUNDING) VALUES (7, 1015, 100000);
INSERT INTO TB_BUYER (BUYER_USER_NO, BUYER_PROJECT_NO, BUYER_FUNDING) VALUES (9, 1015, 100000);
INSERT INTO TB_BUYER (BUYER_USER_NO, BUYER_PROJECT_NO, BUYER_FUNDING) VALUES (10, 1015, 100000);
INSERT INTO TB_BUYER (BUYER_USER_NO, BUYER_PROJECT_NO, BUYER_FUNDING) VALUES (2, 1016, 80000);
INSERT INTO TB_BUYER (BUYER_USER_NO, BUYER_PROJECT_NO, BUYER_FUNDING) VALUES (3, 1016, 80000);
INSERT INTO TB_BUYER (BUYER_USER_NO, BUYER_PROJECT_NO, BUYER_FUNDING) VALUES (5, 1016, 80000);
INSERT INTO TB_BUYER (BUYER_USER_NO, BUYER_PROJECT_NO, BUYER_FUNDING) VALUES (6, 1016, 80000);
INSERT INTO TB_BUYER (BUYER_USER_NO, BUYER_PROJECT_NO, BUYER_FUNDING) VALUES (7, 1016, 80000);
INSERT INTO TB_BUYER (BUYER_USER_NO, BUYER_PROJECT_NO, BUYER_FUNDING) VALUES (2, 1017, 700000);
INSERT INTO TB_BUYER (BUYER_USER_NO, BUYER_PROJECT_NO, BUYER_FUNDING) VALUES (3, 1017, 700000);
INSERT INTO TB_BUYER (BUYER_USER_NO, BUYER_PROJECT_NO, BUYER_FUNDING) VALUES (4, 1017, 700000);
INSERT INTO TB_BUYER (BUYER_USER_NO, BUYER_PROJECT_NO, BUYER_FUNDING) VALUES (9, 1017, 700000);
INSERT INTO TB_BUYER (BUYER_USER_NO, BUYER_PROJECT_NO, BUYER_FUNDING) VALUES (2, 1018, 300000);
INSERT INTO TB_BUYER (BUYER_USER_NO, BUYER_PROJECT_NO, BUYER_FUNDING) VALUES (3, 1018, 300000);
INSERT INTO TB_BUYER (BUYER_USER_NO, BUYER_PROJECT_NO, BUYER_FUNDING) VALUES (4, 1018, 60000);
INSERT INTO TB_BUYER (BUYER_USER_NO, BUYER_PROJECT_NO, BUYER_FUNDING) VALUES (5, 1018, 60000);
INSERT INTO TB_BUYER (BUYER_USER_NO, BUYER_PROJECT_NO, BUYER_FUNDING) VALUES (10, 1018, 600000);
INSERT INTO TB_BUYER (BUYER_USER_NO, BUYER_PROJECT_NO, BUYER_FUNDING) VALUES (2, 1019, 400000);
INSERT INTO TB_BUYER (BUYER_USER_NO, BUYER_PROJECT_NO, BUYER_FUNDING) VALUES (3, 1019, 400000);
INSERT INTO TB_BUYER (BUYER_USER_NO, BUYER_PROJECT_NO, BUYER_FUNDING) VALUES (4, 1019, 400000);
INSERT INTO TB_BUYER (BUYER_USER_NO, BUYER_PROJECT_NO, BUYER_FUNDING) VALUES (5, 1019, 400000);
INSERT INTO TB_BUYER (BUYER_USER_NO, BUYER_PROJECT_NO, BUYER_FUNDING) VALUES (6, 1019, 400000);
INSERT INTO TB_BUYER (BUYER_USER_NO, BUYER_PROJECT_NO, BUYER_FUNDING) VALUES (2, 1020, 300000);
INSERT INTO TB_BUYER (BUYER_USER_NO, BUYER_PROJECT_NO, BUYER_FUNDING) VALUES (3, 1020, 300000);
INSERT INTO TB_BUYER (BUYER_USER_NO, BUYER_PROJECT_NO, BUYER_FUNDING) VALUES (4, 1020, 300000);
INSERT INTO TB_BUYER (BUYER_USER_NO, BUYER_PROJECT_NO, BUYER_FUNDING) VALUES (5, 1020, 300000);
INSERT INTO TB_BUYER (BUYER_USER_NO, BUYER_PROJECT_NO, BUYER_FUNDING) VALUES (6, 1020, 300000);
INSERT INTO TB_BUYER (BUYER_USER_NO, BUYER_PROJECT_NO, BUYER_FUNDING) VALUES (2, 1021, 500000);
INSERT INTO TB_BUYER (BUYER_USER_NO, BUYER_PROJECT_NO, BUYER_FUNDING) VALUES (3, 1021, 500000);
INSERT INTO TB_BUYER (BUYER_USER_NO, BUYER_PROJECT_NO, BUYER_FUNDING) VALUES (4, 1021, 500000);
INSERT INTO TB_BUYER (BUYER_USER_NO, BUYER_PROJECT_NO, BUYER_FUNDING) VALUES (5, 1021, 500000);
INSERT INTO TB_BUYER (BUYER_USER_NO, BUYER_PROJECT_NO, BUYER_FUNDING) VALUES (6, 1021, 500000);
INSERT INTO TB_BUYER (BUYER_USER_NO, BUYER_PROJECT_NO, BUYER_FUNDING) VALUES (2, 1022, 60000);
INSERT INTO TB_BUYER (BUYER_USER_NO, BUYER_PROJECT_NO, BUYER_FUNDING) VALUES (9, 1022, 60000);
INSERT INTO TB_BUYER (BUYER_USER_NO, BUYER_PROJECT_NO, BUYER_FUNDING) VALUES (3, 1023, 300000);
INSERT INTO TB_BUYER (BUYER_USER_NO, BUYER_PROJECT_NO, BUYER_FUNDING) VALUES (4, 1023, 300000);
INSERT INTO TB_BUYER (BUYER_USER_NO, BUYER_PROJECT_NO, BUYER_FUNDING) VALUES (5, 1023, 300000);
INSERT INTO TB_BUYER (BUYER_USER_NO, BUYER_PROJECT_NO, BUYER_FUNDING) VALUES (6, 1023, 300000);
INSERT INTO TB_BUYER (BUYER_USER_NO, BUYER_PROJECT_NO, BUYER_FUNDING) VALUES (7, 1023, 300000);
INSERT INTO TB_BUYER (BUYER_USER_NO, BUYER_PROJECT_NO, BUYER_FUNDING) VALUES (2, 1024, 600000);
INSERT INTO TB_BUYER (BUYER_USER_NO, BUYER_PROJECT_NO, BUYER_FUNDING) VALUES (4, 1024, 600000);
INSERT INTO TB_BUYER (BUYER_USER_NO, BUYER_PROJECT_NO, BUYER_FUNDING) VALUES (5, 1024, 600000);
INSERT INTO TB_BUYER (BUYER_USER_NO, BUYER_PROJECT_NO, BUYER_FUNDING) VALUES (6, 1024, 600000);
INSERT INTO TB_BUYER (BUYER_USER_NO, BUYER_PROJECT_NO, BUYER_FUNDING) VALUES (7, 1024, 600000);
INSERT INTO TB_BUYER (BUYER_USER_NO, BUYER_PROJECT_NO, BUYER_FUNDING) VALUES (2, 1025, 500000);
INSERT INTO TB_BUYER (BUYER_USER_NO, BUYER_PROJECT_NO, BUYER_FUNDING) VALUES (3, 1025, 500000);
INSERT INTO TB_BUYER (BUYER_USER_NO, BUYER_PROJECT_NO, BUYER_FUNDING) VALUES (22, 1025, 500000);
INSERT INTO TB_BUYER (BUYER_USER_NO, BUYER_PROJECT_NO, BUYER_FUNDING) VALUES (21, 1025, 500000);
INSERT INTO TB_BUYER (BUYER_USER_NO, BUYER_PROJECT_NO, BUYER_FUNDING) VALUES (23, 1025, 500000);
INSERT INTO TB_BUYER (BUYER_USER_NO, BUYER_PROJECT_NO, BUYER_FUNDING) VALUES (2, 1026, 800000);
INSERT INTO TB_BUYER (BUYER_USER_NO, BUYER_PROJECT_NO, BUYER_FUNDING) VALUES (3, 1026, 800000);
INSERT INTO TB_BUYER (BUYER_USER_NO, BUYER_PROJECT_NO, BUYER_FUNDING) VALUES (4, 1026, 800000);
INSERT INTO TB_BUYER (BUYER_USER_NO, BUYER_PROJECT_NO, BUYER_FUNDING) VALUES (6, 1026, 800000);
INSERT INTO TB_BUYER (BUYER_USER_NO, BUYER_PROJECT_NO, BUYER_FUNDING) VALUES (7, 1026, 800000);
INSERT INTO TB_BUYER (BUYER_USER_NO, BUYER_PROJECT_NO, BUYER_FUNDING) VALUES (9, 1026, 800000);
INSERT INTO TB_BUYER (BUYER_USER_NO, BUYER_PROJECT_NO, BUYER_FUNDING) VALUES (12, 1027, 300000);
INSERT INTO TB_BUYER (BUYER_USER_NO, BUYER_PROJECT_NO, BUYER_FUNDING) VALUES (13, 1027, 300000);
INSERT INTO TB_BUYER (BUYER_USER_NO, BUYER_PROJECT_NO, BUYER_FUNDING) VALUES (14, 1027, 300000);
INSERT INTO TB_BUYER (BUYER_USER_NO, BUYER_PROJECT_NO, BUYER_FUNDING) VALUES (15, 1027, 300000);
INSERT INTO TB_BUYER (BUYER_USER_NO, BUYER_PROJECT_NO, BUYER_FUNDING) VALUES (10, 1028, 50000);
INSERT INTO TB_BUYER (BUYER_USER_NO, BUYER_PROJECT_NO, BUYER_FUNDING) VALUES (11, 1028, 50000);
INSERT INTO TB_BUYER (BUYER_USER_NO, BUYER_PROJECT_NO, BUYER_FUNDING) VALUES (12, 1028, 50000);
INSERT INTO TB_BUYER (BUYER_USER_NO, BUYER_PROJECT_NO, BUYER_FUNDING) VALUES (13, 1028, 50000);
INSERT INTO TB_BUYER (BUYER_USER_NO, BUYER_PROJECT_NO, BUYER_FUNDING) VALUES (14, 1028, 50000);
INSERT INTO TB_BUYER (BUYER_USER_NO, BUYER_PROJECT_NO, BUYER_FUNDING) VALUES (15, 1028, 50000);
INSERT INTO TB_BUYER (BUYER_USER_NO, BUYER_PROJECT_NO, BUYER_FUNDING) VALUES (16, 1028, 50000);
INSERT INTO TB_BUYER (BUYER_USER_NO, BUYER_PROJECT_NO, BUYER_FUNDING) VALUES (17, 1028, 50000);
INSERT INTO TB_BUYER (BUYER_USER_NO, BUYER_PROJECT_NO, BUYER_FUNDING) VALUES (18, 1028, 50000);
INSERT INTO TB_BUYER (BUYER_USER_NO, BUYER_PROJECT_NO, BUYER_FUNDING) VALUES (19, 1028, 50000);
INSERT INTO TB_BUYER (BUYER_USER_NO, BUYER_PROJECT_NO, BUYER_FUNDING) VALUES (10, 1029, 400000);
INSERT INTO TB_BUYER (BUYER_USER_NO, BUYER_PROJECT_NO, BUYER_FUNDING) VALUES (11, 1029, 400000);
INSERT INTO TB_BUYER (BUYER_USER_NO, BUYER_PROJECT_NO, BUYER_FUNDING) VALUES (12, 1029, 400000);
INSERT INTO TB_BUYER (BUYER_USER_NO, BUYER_PROJECT_NO, BUYER_FUNDING) VALUES (13, 1029, 400000);
INSERT INTO TB_BUYER (BUYER_USER_NO, BUYER_PROJECT_NO, BUYER_FUNDING) VALUES (14, 1029, 400000);
INSERT INTO TB_BUYER (BUYER_USER_NO, BUYER_PROJECT_NO, BUYER_FUNDING) VALUES (15, 1029, 400000);
INSERT INTO TB_BUYER (BUYER_USER_NO, BUYER_PROJECT_NO, BUYER_FUNDING) VALUES (16, 1029, 400000);
INSERT INTO TB_BUYER (BUYER_USER_NO, BUYER_PROJECT_NO, BUYER_FUNDING) VALUES (17, 1029, 400000);
INSERT INTO TB_BUYER (BUYER_USER_NO, BUYER_PROJECT_NO, BUYER_FUNDING) VALUES (18, 1029, 400000);
INSERT INTO TB_BUYER (BUYER_USER_NO, BUYER_PROJECT_NO, BUYER_FUNDING) VALUES (19, 1029, 400000);
INSERT INTO TB_BUYER (BUYER_USER_NO, BUYER_PROJECT_NO, BUYER_FUNDING) VALUES (2, 1030, 700000);
INSERT INTO TB_BUYER (BUYER_USER_NO, BUYER_PROJECT_NO, BUYER_FUNDING) VALUES (5, 1030, 700000);
INSERT INTO TB_BUYER (BUYER_USER_NO, BUYER_PROJECT_NO, BUYER_FUNDING) VALUES (10, 1030, 700000);
INSERT INTO TB_BUYER (BUYER_USER_NO, BUYER_PROJECT_NO, BUYER_FUNDING) VALUES (11, 1030, 700000);
INSERT INTO TB_BUYER (BUYER_USER_NO, BUYER_PROJECT_NO, BUYER_FUNDING) VALUES (2, 1031, 70000);
INSERT INTO TB_BUYER (BUYER_USER_NO, BUYER_PROJECT_NO, BUYER_FUNDING) VALUES (3, 1032, 400000);
INSERT INTO TB_BUYER (BUYER_USER_NO, BUYER_PROJECT_NO, BUYER_FUNDING) VALUES (10, 1032, 400000);
INSERT INTO TB_BUYER (BUYER_USER_NO, BUYER_PROJECT_NO, BUYER_FUNDING) VALUES (2, 1033, 90000);
INSERT INTO TB_BUYER (BUYER_USER_NO, BUYER_PROJECT_NO, BUYER_FUNDING) VALUES (7, 1033, 90000);
INSERT INTO TB_BUYER (BUYER_USER_NO, BUYER_PROJECT_NO, BUYER_FUNDING) VALUES (17, 1033, 900000);
INSERT INTO TB_BUYER (BUYER_USER_NO, BUYER_PROJECT_NO, BUYER_FUNDING) VALUES (14, 1034, 300000);
INSERT INTO TB_BUYER (BUYER_USER_NO, BUYER_PROJECT_NO, BUYER_FUNDING) VALUES (19, 1034, 300000);
INSERT INTO TB_BUYER (BUYER_USER_NO, BUYER_PROJECT_NO, BUYER_FUNDING) VALUES (8, 1035, 500000);
INSERT INTO TB_BUYER (BUYER_USER_NO, BUYER_PROJECT_NO, BUYER_FUNDING) VALUES (18, 1035, 50000);
INSERT INTO TB_BUYER (BUYER_USER_NO, BUYER_PROJECT_NO, BUYER_FUNDING) VALUES (20, 1035, 50000);
INSERT INTO TB_BUYER (BUYER_USER_NO, BUYER_PROJECT_NO, BUYER_FUNDING) VALUES (4, 1036, 80000);
INSERT INTO TB_BUYER (BUYER_USER_NO, BUYER_PROJECT_NO, BUYER_FUNDING) VALUES (23, 1036, 800000);
INSERT INTO TB_BUYER (BUYER_USER_NO, BUYER_PROJECT_NO, BUYER_FUNDING) VALUES (16, 1037, 300000);
INSERT INTO TB_BUYER (BUYER_USER_NO, BUYER_PROJECT_NO, BUYER_FUNDING) VALUES (19, 1037, 300000);
INSERT INTO TB_BUYER (BUYER_USER_NO, BUYER_PROJECT_NO, BUYER_FUNDING) VALUES (20, 1038, 100000);
INSERT INTO TB_BUYER (BUYER_USER_NO, BUYER_PROJECT_NO, BUYER_FUNDING) VALUES (5, 1038, 10000);
INSERT INTO TB_BUYER (BUYER_USER_NO, BUYER_PROJECT_NO, BUYER_FUNDING) VALUES (6, 1039, 40000);
INSERT INTO TB_BUYER (BUYER_USER_NO, BUYER_PROJECT_NO, BUYER_FUNDING) VALUES (15, 1039, 400000);
INSERT INTO TB_BUYER (BUYER_USER_NO, BUYER_PROJECT_NO, BUYER_FUNDING) VALUES (7, 1040, 200000);
INSERT INTO TB_BUYER (BUYER_USER_NO, BUYER_PROJECT_NO, BUYER_FUNDING) VALUES (19, 1040, 200000);
INSERT INTO TB_BUYER (BUYER_USER_NO, BUYER_PROJECT_NO, BUYER_FUNDING) VALUES (11, 1041, 900000);
INSERT INTO TB_BUYER (BUYER_USER_NO, BUYER_PROJECT_NO, BUYER_FUNDING) VALUES (13, 1041, 90000);
INSERT INTO TB_BUYER (BUYER_USER_NO, BUYER_PROJECT_NO, BUYER_FUNDING) VALUES (9, 1042, 300000);
INSERT INTO TB_BUYER (BUYER_USER_NO, BUYER_PROJECT_NO, BUYER_FUNDING) VALUES (15, 1042, 300000);
INSERT INTO TB_BUYER (BUYER_USER_NO, BUYER_PROJECT_NO, BUYER_FUNDING) VALUES (24, 1043, 300000);
INSERT INTO TB_BUYER (BUYER_USER_NO, BUYER_PROJECT_NO, BUYER_FUNDING) VALUES (22, 1043, 300000);
INSERT INTO TB_BUYER (BUYER_USER_NO, BUYER_PROJECT_NO, BUYER_FUNDING) VALUES (9, 1044, 600000);
INSERT INTO TB_BUYER (BUYER_USER_NO, BUYER_PROJECT_NO, BUYER_FUNDING) VALUES (10, 1044, 60000);
INSERT INTO TB_BUYER (BUYER_USER_NO, BUYER_PROJECT_NO, BUYER_FUNDING) VALUES (10, 1045, 300000);
INSERT INTO TB_BUYER (BUYER_USER_NO, BUYER_PROJECT_NO, BUYER_FUNDING) VALUES (4, 1045, 30000);
INSERT INTO TB_BUYER (BUYER_USER_NO, BUYER_PROJECT_NO, BUYER_FUNDING) VALUES (12, 1046, 600000);
INSERT INTO TB_BUYER (BUYER_USER_NO, BUYER_PROJECT_NO, BUYER_FUNDING) VALUES (17, 1046, 60000);
INSERT INTO TB_BUYER (BUYER_USER_NO, BUYER_PROJECT_NO, BUYER_FUNDING) VALUES (4, 1047, 900000);
INSERT INTO TB_BUYER (BUYER_USER_NO, BUYER_PROJECT_NO, BUYER_FUNDING) VALUES (13, 1047, 90000);
INSERT INTO TB_BUYER (BUYER_USER_NO, BUYER_PROJECT_NO, BUYER_FUNDING) VALUES (5, 1048, 500000);
INSERT INTO TB_BUYER (BUYER_USER_NO, BUYER_PROJECT_NO, BUYER_FUNDING) VALUES (13, 1048, 50000);
INSERT INTO TB_BUYER (BUYER_USER_NO, BUYER_PROJECT_NO, BUYER_FUNDING) VALUES (19, 1049, 50000);
INSERT INTO TB_BUYER (BUYER_USER_NO, BUYER_PROJECT_NO, BUYER_FUNDING) VALUES (20, 1049, 500000);
INSERT INTO TB_BUYER (BUYER_USER_NO, BUYER_PROJECT_NO, BUYER_FUNDING) VALUES (6, 1050, 800000);
INSERT INTO TB_BUYER (BUYER_USER_NO, BUYER_PROJECT_NO, BUYER_FUNDING) VALUES (8, 1050, 800000);
INSERT INTO TB_BUYER (BUYER_USER_NO, BUYER_PROJECT_NO, BUYER_FUNDING) VALUES (9, 1051, 400000);
INSERT INTO TB_BUYER (BUYER_USER_NO, BUYER_PROJECT_NO, BUYER_FUNDING) VALUES (13, 1051, 40000);
INSERT INTO TB_BUYER (BUYER_USER_NO, BUYER_PROJECT_NO, BUYER_FUNDING) VALUES (18, 1052, 600000);
INSERT INTO TB_BUYER (BUYER_USER_NO, BUYER_PROJECT_NO, BUYER_FUNDING) VALUES (19, 1052, 600000);
INSERT INTO TB_BUYER (BUYER_USER_NO, BUYER_PROJECT_NO, BUYER_FUNDING) VALUES (10, 1053, 200000);
INSERT INTO TB_BUYER (BUYER_USER_NO, BUYER_PROJECT_NO, BUYER_FUNDING) VALUES (18, 1053, 20000);
INSERT INTO TB_BUYER (BUYER_USER_NO, BUYER_PROJECT_NO, BUYER_FUNDING) VALUES (10, 1054, 400000);
INSERT INTO TB_BUYER (BUYER_USER_NO, BUYER_PROJECT_NO, BUYER_FUNDING) VALUES (18, 1054, 40000);
INSERT INTO TB_BUYER (BUYER_USER_NO, BUYER_PROJECT_NO, BUYER_FUNDING) VALUES (10, 1055, 300000);
INSERT INTO TB_BUYER (BUYER_USER_NO, BUYER_PROJECT_NO, BUYER_FUNDING) VALUES (16, 1055, 30000);
INSERT INTO TB_BUYER (BUYER_USER_NO, BUYER_PROJECT_NO, BUYER_FUNDING) VALUES (12, 1056, 800000);
INSERT INTO TB_BUYER (BUYER_USER_NO, BUYER_PROJECT_NO, BUYER_FUNDING) VALUES (20, 1056, 80000);
INSERT INTO TB_BUYER (BUYER_USER_NO, BUYER_PROJECT_NO, BUYER_FUNDING) VALUES (5, 1057, 300000);
INSERT INTO TB_BUYER (BUYER_USER_NO, BUYER_PROJECT_NO, BUYER_FUNDING) VALUES (13, 1057, 30000);
INSERT INTO TB_BUYER (BUYER_USER_NO, BUYER_PROJECT_NO, BUYER_FUNDING) VALUES (6, 1058, 700000);
INSERT INTO TB_BUYER (BUYER_USER_NO, BUYER_PROJECT_NO, BUYER_FUNDING) VALUES (11, 1058, 70000);
INSERT INTO TB_BUYER (BUYER_USER_NO, BUYER_PROJECT_NO, BUYER_FUNDING) VALUES (5, 1059, 500000);
INSERT INTO TB_BUYER (BUYER_USER_NO, BUYER_PROJECT_NO, BUYER_FUNDING) VALUES (18, 1059, 50000);
INSERT INTO TB_BUYER (BUYER_USER_NO, BUYER_PROJECT_NO, BUYER_FUNDING) VALUES (6, 1060, 900000);
INSERT INTO TB_BUYER (BUYER_USER_NO, BUYER_PROJECT_NO, BUYER_FUNDING) VALUES (9, 1060, 90000);
INSERT INTO TB_BUYER (BUYER_USER_NO, BUYER_PROJECT_NO, BUYER_FUNDING) VALUES (3, 1061, 200000);
INSERT INTO TB_BUYER (BUYER_USER_NO, BUYER_PROJECT_NO, BUYER_FUNDING) VALUES (8, 1061, 200000);
INSERT INTO TB_BUYER (BUYER_USER_NO, BUYER_PROJECT_NO, BUYER_FUNDING) VALUES (5, 1062, 600000);
INSERT INTO TB_BUYER (BUYER_USER_NO, BUYER_PROJECT_NO, BUYER_FUNDING) VALUES (10, 1062, 60000);
INSERT INTO TB_BUYER (BUYER_USER_NO, BUYER_PROJECT_NO, BUYER_FUNDING) VALUES (4, 1063, 300000);
INSERT INTO TB_BUYER (BUYER_USER_NO, BUYER_PROJECT_NO, BUYER_FUNDING) VALUES (9, 1063, 30000);
INSERT INTO TB_BUYER (BUYER_USER_NO, BUYER_PROJECT_NO, BUYER_FUNDING) VALUES (3, 1064, 500000);
INSERT INTO TB_BUYER (BUYER_USER_NO, BUYER_PROJECT_NO, BUYER_FUNDING) VALUES (7, 1064, 50000);
INSERT INTO TB_BUYER (BUYER_USER_NO, BUYER_PROJECT_NO, BUYER_FUNDING) VALUES (6, 1065, 400000);
INSERT INTO TB_BUYER (BUYER_USER_NO, BUYER_PROJECT_NO, BUYER_FUNDING) VALUES (12, 1065, 200000);
INSERT INTO TB_BUYER (BUYER_USER_NO, BUYER_PROJECT_NO, BUYER_FUNDING) VALUES (7, 1066, 800000);
INSERT INTO TB_BUYER (BUYER_USER_NO, BUYER_PROJECT_NO, BUYER_FUNDING) VALUES (11, 1066, 80000);
INSERT INTO TB_BUYER (BUYER_USER_NO, BUYER_PROJECT_NO, BUYER_FUNDING) VALUES (13, 1067, 400000);
INSERT INTO TB_BUYER (BUYER_USER_NO, BUYER_PROJECT_NO, BUYER_FUNDING) VALUES (5, 1067, 40000);
INSERT INTO TB_BUYER (BUYER_USER_NO, BUYER_PROJECT_NO, BUYER_FUNDING) VALUES (10, 1068, 500000);
INSERT INTO TB_BUYER (BUYER_USER_NO, BUYER_PROJECT_NO, BUYER_FUNDING) VALUES (5, 1068, 50000);
INSERT INTO TB_BUYER (BUYER_USER_NO, BUYER_PROJECT_NO, BUYER_FUNDING) VALUES (10, 1069, 600000);
INSERT INTO TB_BUYER (BUYER_USER_NO, BUYER_PROJECT_NO, BUYER_FUNDING) VALUES (3, 1069, 60000);
INSERT INTO TB_BUYER (BUYER_USER_NO, BUYER_PROJECT_NO, BUYER_FUNDING) VALUES (5, 1070, 600000);
INSERT INTO TB_BUYER (BUYER_USER_NO, BUYER_PROJECT_NO, BUYER_FUNDING) VALUES (10, 1070, 60000);
INSERT INTO TB_BUYER (BUYER_USER_NO, BUYER_PROJECT_NO, BUYER_FUNDING) VALUES (7, 1071, 600000);
INSERT INTO TB_BUYER (BUYER_USER_NO, BUYER_PROJECT_NO, BUYER_FUNDING) VALUES (17, 1071, 300000);
INSERT INTO TB_BUYER (BUYER_USER_NO, BUYER_PROJECT_NO, BUYER_FUNDING) VALUES (5, 1072, 400000);
INSERT INTO TB_BUYER (BUYER_USER_NO, BUYER_PROJECT_NO, BUYER_FUNDING) VALUES (19, 1072, 40000);
INSERT INTO TB_BUYER (BUYER_USER_NO, BUYER_PROJECT_NO, BUYER_FUNDING) VALUES (6, 1073, 800000);
INSERT INTO TB_BUYER (BUYER_USER_NO, BUYER_PROJECT_NO, BUYER_FUNDING) VALUES (20, 1073, 400000);

--------------------------------------------------
------------------ SELLER 관련 --------------------	
--------------------------------------------------
CREATE TABLE TB_SELLER (
    SELLER_USER_NO NUMBER CONSTRAINT SELLER_USER_NO_FK REFERENCES TB_MEMBER(USER_NO),
    SELLER_PROJECT_NO NUMBER CONSTRAINT SELLER_PROJECT_NO_FK REFERENCES TB_PROJECT(PROJECT_NO),
    SELLER_FUNDING NUMBER DEFAULT 0 CONSTRAINT SELLER_FUNDING NOT NULL
);

COMMENT ON COLUMN TB_SELLER.SELLER_USER_NO IS '창작자 회원번호';
COMMENT ON COLUMN TB_SELLER.SELLER_PROJECT_NO IS '창작자 프로젝트번호';
COMMENT ON COLUMN TB_SELLER.SELLER_FUNDING IS '창작자 실시간 모금액';

INSERT INTO TB_SELLER (SELLER_USER_NO, SELLER_PROJECT_NO, SELLER_FUNDING) VALUES (4, 1003, 6000000);
INSERT INTO TB_SELLER (SELLER_USER_NO, SELLER_PROJECT_NO, SELLER_FUNDING) VALUES (2, 1005, 2000000);
INSERT INTO TB_SELLER (SELLER_USER_NO, SELLER_PROJECT_NO, SELLER_FUNDING) VALUES (3, 1006, 3000000);
INSERT INTO TB_SELLER (SELLER_USER_NO, SELLER_PROJECT_NO, SELLER_FUNDING) VALUES (4, 1007, 4500000);
INSERT INTO TB_SELLER (SELLER_USER_NO, SELLER_PROJECT_NO, SELLER_FUNDING) VALUES (5, 1008, 6400000);
INSERT INTO TB_SELLER (SELLER_USER_NO, SELLER_PROJECT_NO, SELLER_FUNDING) VALUES (6, 1009, 8500000);
INSERT INTO TB_SELLER (SELLER_USER_NO, SELLER_PROJECT_NO, SELLER_FUNDING) VALUES (7, 1010, 48000000);
INSERT INTO TB_SELLER (SELLER_USER_NO, SELLER_PROJECT_NO, SELLER_FUNDING) VALUES (8, 1011, 700000);
INSERT INTO TB_SELLER (SELLER_USER_NO, SELLER_PROJECT_NO, SELLER_FUNDING) VALUES (9, 1012, 900000);
INSERT INTO TB_SELLER (SELLER_USER_NO, SELLER_PROJECT_NO, SELLER_FUNDING) VALUES (10, 1013, 3500000);
INSERT INTO TB_SELLER (SELLER_USER_NO, SELLER_PROJECT_NO, SELLER_FUNDING) VALUES (2, 1014, 800000);
INSERT INTO TB_SELLER (SELLER_USER_NO, SELLER_PROJECT_NO, SELLER_FUNDING) VALUES (3, 1015, 500000);
INSERT INTO TB_SELLER (SELLER_USER_NO, SELLER_PROJECT_NO, SELLER_FUNDING) VALUES (4, 1016, 400000);
INSERT INTO TB_SELLER (SELLER_USER_NO, SELLER_PROJECT_NO, SELLER_FUNDING) VALUES (5, 1017, 2800000);
INSERT INTO TB_SELLER (SELLER_USER_NO, SELLER_PROJECT_NO, SELLER_FUNDING) VALUES (6, 1018, 1320000);
INSERT INTO TB_SELLER (SELLER_USER_NO, SELLER_PROJECT_NO, SELLER_FUNDING) VALUES (7, 1019, 2000000);
INSERT INTO TB_SELLER (SELLER_USER_NO, SELLER_PROJECT_NO, SELLER_FUNDING) VALUES (8, 1020, 1500000);
INSERT INTO TB_SELLER (SELLER_USER_NO, SELLER_PROJECT_NO, SELLER_FUNDING) VALUES (9, 1021, 2500000);
INSERT INTO TB_SELLER (SELLER_USER_NO, SELLER_PROJECT_NO, SELLER_FUNDING) VALUES (10, 1022, 120000);
INSERT INTO TB_SELLER (SELLER_USER_NO, SELLER_PROJECT_NO, SELLER_FUNDING) VALUES (2, 1023, 1500000);
INSERT INTO TB_SELLER (SELLER_USER_NO, SELLER_PROJECT_NO, SELLER_FUNDING) VALUES (3, 1024, 300000);
INSERT INTO TB_SELLER (SELLER_USER_NO, SELLER_PROJECT_NO, SELLER_FUNDING) VALUES (4, 1025, 2500000);
INSERT INTO TB_SELLER (SELLER_USER_NO, SELLER_PROJECT_NO, SELLER_FUNDING) VALUES (3, 1026, 4800000);
INSERT INTO TB_SELLER (SELLER_USER_NO, SELLER_PROJECT_NO, SELLER_FUNDING) VALUES (6, 1027, 1200000);
INSERT INTO TB_SELLER (SELLER_USER_NO, SELLER_PROJECT_NO, SELLER_FUNDING) VALUES (7, 1028, 500000);
INSERT INTO TB_SELLER (SELLER_USER_NO, SELLER_PROJECT_NO, SELLER_FUNDING) VALUES (8, 1029, 4000000);
INSERT INTO TB_SELLER (SELLER_USER_NO, SELLER_PROJECT_NO, SELLER_FUNDING) VALUES (9, 1030, 2800000);
INSERT INTO TB_SELLER (SELLER_USER_NO, SELLER_PROJECT_NO, SELLER_FUNDING) VALUES (10, 1031, 70000);
INSERT INTO TB_SELLER (SELLER_USER_NO, SELLER_PROJECT_NO, SELLER_FUNDING) VALUES (2, 1032, 800000);
INSERT INTO TB_SELLER (SELLER_USER_NO, SELLER_PROJECT_NO, SELLER_FUNDING) VALUES (3, 1033, 1080000);
INSERT INTO TB_SELLER (SELLER_USER_NO, SELLER_PROJECT_NO, SELLER_FUNDING) VALUES (4, 1034, 600000);
INSERT INTO TB_SELLER (SELLER_USER_NO, SELLER_PROJECT_NO, SELLER_FUNDING) VALUES (5, 1035, 600000);
INSERT INTO TB_SELLER (SELLER_USER_NO, SELLER_PROJECT_NO, SELLER_FUNDING) VALUES (6, 1036, 880000);
INSERT INTO TB_SELLER (SELLER_USER_NO, SELLER_PROJECT_NO, SELLER_FUNDING) VALUES (7, 1037, 600000);
INSERT INTO TB_SELLER (SELLER_USER_NO, SELLER_PROJECT_NO, SELLER_FUNDING) VALUES (8, 1038, 110000);
INSERT INTO TB_SELLER (SELLER_USER_NO, SELLER_PROJECT_NO, SELLER_FUNDING) VALUES (9, 1039, 440000);
INSERT INTO TB_SELLER (SELLER_USER_NO, SELLER_PROJECT_NO, SELLER_FUNDING) VALUES (10, 1040, 400000);
INSERT INTO TB_SELLER (SELLER_USER_NO, SELLER_PROJECT_NO, SELLER_FUNDING) VALUES (2, 1041, 990000);
INSERT INTO TB_SELLER (SELLER_USER_NO, SELLER_PROJECT_NO, SELLER_FUNDING) VALUES (3, 1042, 600000);
INSERT INTO TB_SELLER (SELLER_USER_NO, SELLER_PROJECT_NO, SELLER_FUNDING) VALUES (4, 1043, 600000);
INSERT INTO TB_SELLER (SELLER_USER_NO, SELLER_PROJECT_NO, SELLER_FUNDING) VALUES (5, 1044, 660000);
INSERT INTO TB_SELLER (SELLER_USER_NO, SELLER_PROJECT_NO, SELLER_FUNDING) VALUES (6, 1045, 330000);
INSERT INTO TB_SELLER (SELLER_USER_NO, SELLER_PROJECT_NO, SELLER_FUNDING) VALUES (7, 1046, 660000);
INSERT INTO TB_SELLER (SELLER_USER_NO, SELLER_PROJECT_NO, SELLER_FUNDING) VALUES (8, 1047, 990000);
INSERT INTO TB_SELLER (SELLER_USER_NO, SELLER_PROJECT_NO, SELLER_FUNDING) VALUES (9, 1048, 550000);
INSERT INTO TB_SELLER (SELLER_USER_NO, SELLER_PROJECT_NO, SELLER_FUNDING) VALUES (10, 1049, 550000);
INSERT INTO TB_SELLER (SELLER_USER_NO, SELLER_PROJECT_NO, SELLER_FUNDING) VALUES (2, 1050, 1600000);
INSERT INTO TB_SELLER (SELLER_USER_NO, SELLER_PROJECT_NO, SELLER_FUNDING) VALUES (3, 1051, 440000);
INSERT INTO TB_SELLER (SELLER_USER_NO, SELLER_PROJECT_NO, SELLER_FUNDING) VALUES (4, 1052, 1200000);
INSERT INTO TB_SELLER (SELLER_USER_NO, SELLER_PROJECT_NO, SELLER_FUNDING) VALUES (5, 1053, 220000);
INSERT INTO TB_SELLER (SELLER_USER_NO, SELLER_PROJECT_NO, SELLER_FUNDING) VALUES (6, 1054, 440000);
INSERT INTO TB_SELLER (SELLER_USER_NO, SELLER_PROJECT_NO, SELLER_FUNDING) VALUES (7, 1055, 330000);
INSERT INTO TB_SELLER (SELLER_USER_NO, SELLER_PROJECT_NO, SELLER_FUNDING) VALUES (8, 1056, 880000);
INSERT INTO TB_SELLER (SELLER_USER_NO, SELLER_PROJECT_NO, SELLER_FUNDING) VALUES (9, 1057, 330000);
INSERT INTO TB_SELLER (SELLER_USER_NO, SELLER_PROJECT_NO, SELLER_FUNDING) VALUES (10, 1058, 770000);
INSERT INTO TB_SELLER (SELLER_USER_NO, SELLER_PROJECT_NO, SELLER_FUNDING) VALUES (14, 1059, 550000);
INSERT INTO TB_SELLER (SELLER_USER_NO, SELLER_PROJECT_NO, SELLER_FUNDING) VALUES (15, 1060, 990000);
INSERT INTO TB_SELLER (SELLER_USER_NO, SELLER_PROJECT_NO, SELLER_FUNDING) VALUES (11, 1061, 400000);
INSERT INTO TB_SELLER (SELLER_USER_NO, SELLER_PROJECT_NO, SELLER_FUNDING) VALUES (12, 1062, 660000);
INSERT INTO TB_SELLER (SELLER_USER_NO, SELLER_PROJECT_NO, SELLER_FUNDING) VALUES (13, 1063, 330000);
INSERT INTO TB_SELLER (SELLER_USER_NO, SELLER_PROJECT_NO, SELLER_FUNDING) VALUES (14, 1064, 550000);
INSERT INTO TB_SELLER (SELLER_USER_NO, SELLER_PROJECT_NO, SELLER_FUNDING) VALUES (15, 1065, 600000);
INSERT INTO TB_SELLER (SELLER_USER_NO, SELLER_PROJECT_NO, SELLER_FUNDING) VALUES (16, 1066, 880000);
INSERT INTO TB_SELLER (SELLER_USER_NO, SELLER_PROJECT_NO, SELLER_FUNDING) VALUES (17, 1067, 440000);
INSERT INTO TB_SELLER (SELLER_USER_NO, SELLER_PROJECT_NO, SELLER_FUNDING) VALUES (18, 1068, 550000);
INSERT INTO TB_SELLER (SELLER_USER_NO, SELLER_PROJECT_NO, SELLER_FUNDING) VALUES (19, 1069, 660000);
INSERT INTO TB_SELLER (SELLER_USER_NO, SELLER_PROJECT_NO, SELLER_FUNDING) VALUES (20, 1070, 660000);
INSERT INTO TB_SELLER (SELLER_USER_NO, SELLER_PROJECT_NO, SELLER_FUNDING) VALUES (11, 1071, 900000);
INSERT INTO TB_SELLER (SELLER_USER_NO, SELLER_PROJECT_NO, SELLER_FUNDING) VALUES (12, 1072, 440000);
INSERT INTO TB_SELLER (SELLER_USER_NO, SELLER_PROJECT_NO, SELLER_FUNDING) VALUES (13, 1073, 1200000);
--------------------------------------------------
------------------- REPLY 관련 --------------------	
--------------------------------------------------
CREATE TABLE TB_REPLY (
    REPLY_NO NUMBER CONSTRAINT REPLY_NO_PK PRIMARY KEY,
    REPLY_CONTENT VARCHAR2(1000) CONSTRAINT REPLY_CONTENT_NN NOT NULL,
    REPLY_REF_NO NUMBER CONSTRAINT REPLY_REF_NO_NN NOT NULL,
    REPLY_WRITER NUMBER CONSTRAINT REPLY_WRITER_NO_NN NOT NULL,
    REPLY_CREATE_DATE DATE DEFAULT SYSDATE CONSTRAINT REPLY_CREATE_DATE_NN NOT NULL,
    REPLY_MODIFY_DATE DATE DEFAULT SYSDATE CONSTRAINT REPLY_MODIFY_DATE_NN NOT NULL,
    REPLY_STATUS VARCHAR2(1) CONSTRAINT REPLY_STATUS_NN NOT NULL CONSTRAINT REPLY_STATUS_CK CHECK (REPLY_STATUS IN ('Y', 'N')),
    CONSTRAINT REPLY_REF_NO_FK FOREIGN KEY (REPLY_REF_NO) REFERENCES TB_QNA(QNA_NO),
    CONSTRAINT REPLY_WRITER_FK FOREIGN KEY (REPLY_WRITER) REFERENCES TB_MEMBER(USER_NO)
);

COMMENT ON COLUMN TB_REPLY.REPLY_NO IS '댓글 번호';
COMMENT ON COLUMN TB_REPLY.REPLY_CONTENT IS '댓글 내용';
COMMENT ON COLUMN TB_REPLY.REPLY_REF_NO IS '댓글 참조게시글번호';
COMMENT ON COLUMN TB_REPLY.REPLY_WRITER IS '댓글 작성자회원번호';
COMMENT ON COLUMN TB_REPLY.REPLY_CREATE_DATE IS '댓글 작성일';
COMMENT ON COLUMN TB_REPLY.REPLY_MODIFY_DATE IS '댓글 수정일';
COMMENT ON COLUMN TB_REPLY.REPLY_STATUS IS '댓글 상태값 (Y : 게시 / N : 비게시)';

CREATE SEQUENCE SEQ_REPLY_NO
NOCACHE;
--------------------------------------------------
-------------- FUNDING_OPTION 관련 ----------------	
--------------------------------------------------
CREATE TABLE TB_FUNDING_OPTION (
    OPTION_NO NUMBER CONSTRAINT OPTION_NO_PK PRIMARY KEY,
    OPTION_PROJECT_NO NUMBER CONSTRAINT OPTION_PROJECT_NO_NN NOT NULL,
    OPTION_AMOUNT1 NUMBER CONSTRAINT OPTION_AMOUNT1_NN NOT NULL,
    OPTION_REWARD1 NUMBER CONSTRAINT OPTION_REWARD1_NN NOT NULL,
    OPTION_AMOUNT2 NUMBER CONSTRAINT OPTION_AMOUNT2_NN NOT NULL,
    OPTION_REWARD2 NUMBER CONSTRAINT OPTION_REWARD2_NN NOT NULL,
    OPTION_AMOUNT3 NUMBER CONSTRAINT OPTION_AMOUNT3_NN NOT NULL,
    OPTION_REWARD3 NUMBER CONSTRAINT OPTION_REWARD3_NN NOT NULL,
    CONSTRAINT OPTION_PROJECT_NO_FK FOREIGN KEY (OPTION_PROJECT_NO) REFERENCES TB_PROJECT(PROJECT_NO)
);

COMMENT ON COLUMN TB_FUNDING_OPTION.OPTION_NO IS '펀딩 옵션 번호';
COMMENT ON COLUMN TB_FUNDING_OPTION.OPTION_PROJECT_NO IS '펀딩 프로젝트 번호';
COMMENT ON COLUMN TB_FUNDING_OPTION.OPTION_AMOUNT1 IS '펀딩 옵션 금액1';
COMMENT ON COLUMN TB_FUNDING_OPTION.OPTION_REWARD1 IS '펀딩 옵션 1';
COMMENT ON COLUMN TB_FUNDING_OPTION.OPTION_AMOUNT2 IS '펀딩 옵션 금액2';
COMMENT ON COLUMN TB_FUNDING_OPTION.OPTION_REWARD2 IS '펀딩 옵션 2';
COMMENT ON COLUMN TB_FUNDING_OPTION.OPTION_AMOUNT3 IS '펀딩 옵션 금액3';
COMMENT ON COLUMN TB_FUNDING_OPTION.OPTION_REWARD3 IS '펀딩 옵션 3';

CREATE SEQUENCE SEQ_OPTION_NO
NOCACHE;

INSERT INTO TB_FUNDING_OPTION (OPTION_NO, OPTION_PROJECT_NO, OPTION_AMOUNT1, OPTION_REWARD1, OPTION_AMOUNT2, OPTION_REWARD2, OPTION_AMOUNT3, OPTION_REWARD3) VALUES (SEQ_OPTION_NO.NEXTVAL, 1003, FLOOR(5000000 * 0.1), 1, FLOOR(5000000 * 0.5), 2, 5000000, 3);
INSERT INTO TB_FUNDING_OPTION (OPTION_NO, OPTION_PROJECT_NO, OPTION_AMOUNT1, OPTION_REWARD1, OPTION_AMOUNT2, OPTION_REWARD2, OPTION_AMOUNT3, OPTION_REWARD3) VALUES (SEQ_OPTION_NO.NEXTVAL, 1005, FLOOR(1000000 * 0.1), 1, FLOOR(1000000 * 0.5), 2, 1000000, 3);
INSERT INTO TB_FUNDING_OPTION (OPTION_NO, OPTION_PROJECT_NO, OPTION_AMOUNT1, OPTION_REWARD1, OPTION_AMOUNT2, OPTION_REWARD2, OPTION_AMOUNT3, OPTION_REWARD3) VALUES (SEQ_OPTION_NO.NEXTVAL, 1006, FLOOR(2000000 * 0.1), 1, FLOOR(2000000 * 0.5), 2, 2000000, 3);
INSERT INTO TB_FUNDING_OPTION (OPTION_NO, OPTION_PROJECT_NO, OPTION_AMOUNT1, OPTION_REWARD1, OPTION_AMOUNT2, OPTION_REWARD2, OPTION_AMOUNT3, OPTION_REWARD3) VALUES (SEQ_OPTION_NO.NEXTVAL, 1007, FLOOR(3000000 * 0.1), 1, FLOOR(3000000 * 0.5), 2, 3000000, 3);
INSERT INTO TB_FUNDING_OPTION (OPTION_NO, OPTION_PROJECT_NO, OPTION_AMOUNT1, OPTION_REWARD1, OPTION_AMOUNT2, OPTION_REWARD2, OPTION_AMOUNT3, OPTION_REWARD3) VALUES (SEQ_OPTION_NO.NEXTVAL, 1008, FLOOR(4000000 * 0.1), 1, FLOOR(4000000 * 0.5), 2, 4000000, 3);
INSERT INTO TB_FUNDING_OPTION (OPTION_NO, OPTION_PROJECT_NO, OPTION_AMOUNT1, OPTION_REWARD1, OPTION_AMOUNT2, OPTION_REWARD2, OPTION_AMOUNT3, OPTION_REWARD3) VALUES (SEQ_OPTION_NO.NEXTVAL, 1009, FLOOR(5000000 * 0.1), 1, FLOOR(5000000 * 0.5), 2, 5000000, 3);
INSERT INTO TB_FUNDING_OPTION (OPTION_NO, OPTION_PROJECT_NO, OPTION_AMOUNT1, OPTION_REWARD1, OPTION_AMOUNT2, OPTION_REWARD2, OPTION_AMOUNT3, OPTION_REWARD3) VALUES (SEQ_OPTION_NO.NEXTVAL, 1010, FLOOR(6000000 * 0.1), 1, FLOOR(6000000 * 0.5), 2, 6000000, 3);
INSERT INTO TB_FUNDING_OPTION (OPTION_NO, OPTION_PROJECT_NO, OPTION_AMOUNT1, OPTION_REWARD1, OPTION_AMOUNT2, OPTION_REWARD2, OPTION_AMOUNT3, OPTION_REWARD3) VALUES (SEQ_OPTION_NO.NEXTVAL, 1011, FLOOR(500000 * 0.1), 1, FLOOR(500000 * 0.5), 2, 500000, 3);
INSERT INTO TB_FUNDING_OPTION (OPTION_NO, OPTION_PROJECT_NO, OPTION_AMOUNT1, OPTION_REWARD1, OPTION_AMOUNT2, OPTION_REWARD2, OPTION_AMOUNT3, OPTION_REWARD3) VALUES (SEQ_OPTION_NO.NEXTVAL, 1012, FLOOR(600000 * 0.1), 1, FLOOR(600000 * 0.5), 2, 600000, 3);
INSERT INTO TB_FUNDING_OPTION (OPTION_NO, OPTION_PROJECT_NO, OPTION_AMOUNT1, OPTION_REWARD1, OPTION_AMOUNT2, OPTION_REWARD2, OPTION_AMOUNT3, OPTION_REWARD3) VALUES (SEQ_OPTION_NO.NEXTVAL, 1013, FLOOR(700000 * 0.1), 1, FLOOR(700000 * 0.5), 2, 700000, 3);
INSERT INTO TB_FUNDING_OPTION (OPTION_NO, OPTION_PROJECT_NO, OPTION_AMOUNT1, OPTION_REWARD1, OPTION_AMOUNT2, OPTION_REWARD2, OPTION_AMOUNT3, OPTION_REWARD3) VALUES (SEQ_OPTION_NO.NEXTVAL, 1014, FLOOR(800000 * 0.1), 1, FLOOR(800000 * 0.5), 2, 800000, 3);
INSERT INTO TB_FUNDING_OPTION (OPTION_NO, OPTION_PROJECT_NO, OPTION_AMOUNT1, OPTION_REWARD1, OPTION_AMOUNT2, OPTION_REWARD2, OPTION_AMOUNT3, OPTION_REWARD3) VALUES (SEQ_OPTION_NO.NEXTVAL, 1015, FLOOR(100000 * 0.1), 1, FLOOR(100000 * 0.5), 2, 100000, 3);
INSERT INTO TB_FUNDING_OPTION (OPTION_NO, OPTION_PROJECT_NO, OPTION_AMOUNT1, OPTION_REWARD1, OPTION_AMOUNT2, OPTION_REWARD2, OPTION_AMOUNT3, OPTION_REWARD3) VALUES (SEQ_OPTION_NO.NEXTVAL, 1016, FLOOR(800000 * 0.1), 1, FLOOR(800000 * 0.5), 2, 800000, 3);
INSERT INTO TB_FUNDING_OPTION (OPTION_NO, OPTION_PROJECT_NO, OPTION_AMOUNT1, OPTION_REWARD1, OPTION_AMOUNT2, OPTION_REWARD2, OPTION_AMOUNT3, OPTION_REWARD3) VALUES (SEQ_OPTION_NO.NEXTVAL, 1017, FLOOR(700000 * 0.1), 1, FLOOR(700000 * 0.5), 2, 700000, 3);
INSERT INTO TB_FUNDING_OPTION (OPTION_NO, OPTION_PROJECT_NO, OPTION_AMOUNT1, OPTION_REWARD1, OPTION_AMOUNT2, OPTION_REWARD2, OPTION_AMOUNT3, OPTION_REWARD3) VALUES (SEQ_OPTION_NO.NEXTVAL, 1018, FLOOR(600000 * 0.1), 1, FLOOR(600000 * 0.5), 2, 600000, 3);
INSERT INTO TB_FUNDING_OPTION (OPTION_NO, OPTION_PROJECT_NO, OPTION_AMOUNT1, OPTION_REWARD1, OPTION_AMOUNT2, OPTION_REWARD2, OPTION_AMOUNT3, OPTION_REWARD3) VALUES (SEQ_OPTION_NO.NEXTVAL, 1019, FLOOR(400000 * 0.1), 1, FLOOR(400000 * 0.5), 2, 400000, 3);
INSERT INTO TB_FUNDING_OPTION (OPTION_NO, OPTION_PROJECT_NO, OPTION_AMOUNT1, OPTION_REWARD1, OPTION_AMOUNT2, OPTION_REWARD2, OPTION_AMOUNT3, OPTION_REWARD3) VALUES (SEQ_OPTION_NO.NEXTVAL, 1020, FLOOR(300000 * 0.1), 1, FLOOR(300000 * 0.5), 2, 300000, 3);
INSERT INTO TB_FUNDING_OPTION (OPTION_NO, OPTION_PROJECT_NO, OPTION_AMOUNT1, OPTION_REWARD1, OPTION_AMOUNT2, OPTION_REWARD2, OPTION_AMOUNT3, OPTION_REWARD3) VALUES (SEQ_OPTION_NO.NEXTVAL, 1021, FLOOR(500000 * 0.1), 1, FLOOR(500000 * 0.5), 2, 500000, 3);
INSERT INTO TB_FUNDING_OPTION (OPTION_NO, OPTION_PROJECT_NO, OPTION_AMOUNT1, OPTION_REWARD1, OPTION_AMOUNT2, OPTION_REWARD2, OPTION_AMOUNT3, OPTION_REWARD3) VALUES (SEQ_OPTION_NO.NEXTVAL, 1022, FLOOR(600000 * 0.1), 1, FLOOR(600000 * 0.5), 2, 600000, 3);
INSERT INTO TB_FUNDING_OPTION (OPTION_NO, OPTION_PROJECT_NO, OPTION_AMOUNT1, OPTION_REWARD1, OPTION_AMOUNT2, OPTION_REWARD2, OPTION_AMOUNT3, OPTION_REWARD3) VALUES (SEQ_OPTION_NO.NEXTVAL, 1023, FLOOR(300000 * 0.1), 1, FLOOR(300000 * 0.5), 2, 300000, 3);
INSERT INTO TB_FUNDING_OPTION (OPTION_NO, OPTION_PROJECT_NO, OPTION_AMOUNT1, OPTION_REWARD1, OPTION_AMOUNT2, OPTION_REWARD2, OPTION_AMOUNT3, OPTION_REWARD3) VALUES (SEQ_OPTION_NO.NEXTVAL, 1024, FLOOR(600000 * 0.1), 1, FLOOR(600000 * 0.5), 2, 600000, 3);
INSERT INTO TB_FUNDING_OPTION (OPTION_NO, OPTION_PROJECT_NO, OPTION_AMOUNT1, OPTION_REWARD1, OPTION_AMOUNT2, OPTION_REWARD2, OPTION_AMOUNT3, OPTION_REWARD3) VALUES (SEQ_OPTION_NO.NEXTVAL, 1025, FLOOR(500000 * 0.1), 1, FLOOR(500000 * 0.5), 2, 500000, 3);
INSERT INTO TB_FUNDING_OPTION (OPTION_NO, OPTION_PROJECT_NO, OPTION_AMOUNT1, OPTION_REWARD1, OPTION_AMOUNT2, OPTION_REWARD2, OPTION_AMOUNT3, OPTION_REWARD3) VALUES (SEQ_OPTION_NO.NEXTVAL, 1026, FLOOR(800000 * 0.1), 1, FLOOR(800000 * 0.5), 2, 800000, 3);
INSERT INTO TB_FUNDING_OPTION (OPTION_NO, OPTION_PROJECT_NO, OPTION_AMOUNT1, OPTION_REWARD1, OPTION_AMOUNT2, OPTION_REWARD2, OPTION_AMOUNT3, OPTION_REWARD3) VALUES (SEQ_OPTION_NO.NEXTVAL, 1027, FLOOR(300000 * 0.1), 1, FLOOR(300000 * 0.5), 2, 300000, 3);
INSERT INTO TB_FUNDING_OPTION (OPTION_NO, OPTION_PROJECT_NO, OPTION_AMOUNT1, OPTION_REWARD1, OPTION_AMOUNT2, OPTION_REWARD2, OPTION_AMOUNT3, OPTION_REWARD3) VALUES (SEQ_OPTION_NO.NEXTVAL, 1028, FLOOR(500000 * 0.1), 1, FLOOR(500000 * 0.5), 2, 500000, 3);
INSERT INTO TB_FUNDING_OPTION (OPTION_NO, OPTION_PROJECT_NO, OPTION_AMOUNT1, OPTION_REWARD1, OPTION_AMOUNT2, OPTION_REWARD2, OPTION_AMOUNT3, OPTION_REWARD3) VALUES (SEQ_OPTION_NO.NEXTVAL, 1029, FLOOR(400000 * 0.1), 1, FLOOR(400000 * 0.5), 2, 400000, 3);
INSERT INTO TB_FUNDING_OPTION (OPTION_NO, OPTION_PROJECT_NO, OPTION_AMOUNT1, OPTION_REWARD1, OPTION_AMOUNT2, OPTION_REWARD2, OPTION_AMOUNT3, OPTION_REWARD3) VALUES (SEQ_OPTION_NO.NEXTVAL, 1030, FLOOR(700000 * 0.1), 1, FLOOR(700000 * 0.5), 2, 700000, 3);
INSERT INTO TB_FUNDING_OPTION (OPTION_NO, OPTION_PROJECT_NO, OPTION_AMOUNT1, OPTION_REWARD1, OPTION_AMOUNT2, OPTION_REWARD2, OPTION_AMOUNT3, OPTION_REWARD3) VALUES (SEQ_OPTION_NO.NEXTVAL, 1031, FLOOR(700000 * 0.1), 1, FLOOR(700000 * 0.5), 2, 700000, 3);
INSERT INTO TB_FUNDING_OPTION (OPTION_NO, OPTION_PROJECT_NO, OPTION_AMOUNT1, OPTION_REWARD1, OPTION_AMOUNT2, OPTION_REWARD2, OPTION_AMOUNT3, OPTION_REWARD3) VALUES (SEQ_OPTION_NO.NEXTVAL, 1032, FLOOR(400000 * 0.1), 1, FLOOR(400000 * 0.5), 2, 400000, 3);
INSERT INTO TB_FUNDING_OPTION (OPTION_NO, OPTION_PROJECT_NO, OPTION_AMOUNT1, OPTION_REWARD1, OPTION_AMOUNT2, OPTION_REWARD2, OPTION_AMOUNT3, OPTION_REWARD3) VALUES (SEQ_OPTION_NO.NEXTVAL, 1033, FLOOR(900000 * 0.1), 1, FLOOR(900000 * 0.5), 2, 900000, 3);
INSERT INTO TB_FUNDING_OPTION (OPTION_NO, OPTION_PROJECT_NO, OPTION_AMOUNT1, OPTION_REWARD1, OPTION_AMOUNT2, OPTION_REWARD2, OPTION_AMOUNT3, OPTION_REWARD3) VALUES (SEQ_OPTION_NO.NEXTVAL, 1034, FLOOR(300000 * 0.1), 1, FLOOR(300000 * 0.5), 2, 300000, 3);
INSERT INTO TB_FUNDING_OPTION (OPTION_NO, OPTION_PROJECT_NO, OPTION_AMOUNT1, OPTION_REWARD1, OPTION_AMOUNT2, OPTION_REWARD2, OPTION_AMOUNT3, OPTION_REWARD3) VALUES (SEQ_OPTION_NO.NEXTVAL, 1035, FLOOR(500000 * 0.1), 1, FLOOR(500000 * 0.5), 2, 500000, 3);
INSERT INTO TB_FUNDING_OPTION (OPTION_NO, OPTION_PROJECT_NO, OPTION_AMOUNT1, OPTION_REWARD1, OPTION_AMOUNT2, OPTION_REWARD2, OPTION_AMOUNT3, OPTION_REWARD3) VALUES (SEQ_OPTION_NO.NEXTVAL, 1036, FLOOR(800000 * 0.1), 1, FLOOR(800000 * 0.5), 2, 800000, 3);
INSERT INTO TB_FUNDING_OPTION (OPTION_NO, OPTION_PROJECT_NO, OPTION_AMOUNT1, OPTION_REWARD1, OPTION_AMOUNT2, OPTION_REWARD2, OPTION_AMOUNT3, OPTION_REWARD3) VALUES (SEQ_OPTION_NO.NEXTVAL, 1037, FLOOR(300000 * 0.1), 1, FLOOR(300000 * 0.5), 2, 300000, 3);
INSERT INTO TB_FUNDING_OPTION (OPTION_NO, OPTION_PROJECT_NO, OPTION_AMOUNT1, OPTION_REWARD1, OPTION_AMOUNT2, OPTION_REWARD2, OPTION_AMOUNT3, OPTION_REWARD3) VALUES (SEQ_OPTION_NO.NEXTVAL, 1038, FLOOR(100000 * 0.1), 1, FLOOR(100000 * 0.5), 2, 100000, 3);
INSERT INTO TB_FUNDING_OPTION (OPTION_NO, OPTION_PROJECT_NO, OPTION_AMOUNT1, OPTION_REWARD1, OPTION_AMOUNT2, OPTION_REWARD2, OPTION_AMOUNT3, OPTION_REWARD3) VALUES (SEQ_OPTION_NO.NEXTVAL, 1039, FLOOR(400000 * 0.1), 1, FLOOR(400000 * 0.5), 2, 400000, 3);
INSERT INTO TB_FUNDING_OPTION (OPTION_NO, OPTION_PROJECT_NO, OPTION_AMOUNT1, OPTION_REWARD1, OPTION_AMOUNT2, OPTION_REWARD2, OPTION_AMOUNT3, OPTION_REWARD3) VALUES (SEQ_OPTION_NO.NEXTVAL, 1040, FLOOR(200000 * 0.1), 1, FLOOR(200000 * 0.5), 2, 200000, 3);
INSERT INTO TB_FUNDING_OPTION (OPTION_NO, OPTION_PROJECT_NO, OPTION_AMOUNT1, OPTION_REWARD1, OPTION_AMOUNT2, OPTION_REWARD2, OPTION_AMOUNT3, OPTION_REWARD3) VALUES (SEQ_OPTION_NO.NEXTVAL, 1041, FLOOR(900000 * 0.1), 1, FLOOR(900000 * 0.5), 2, 900000, 3);
INSERT INTO TB_FUNDING_OPTION (OPTION_NO, OPTION_PROJECT_NO, OPTION_AMOUNT1, OPTION_REWARD1, OPTION_AMOUNT2, OPTION_REWARD2, OPTION_AMOUNT3, OPTION_REWARD3) VALUES (SEQ_OPTION_NO.NEXTVAL, 1042, FLOOR(300000 * 0.1), 1, FLOOR(300000 * 0.5), 2, 300000, 3);
INSERT INTO TB_FUNDING_OPTION (OPTION_NO, OPTION_PROJECT_NO, OPTION_AMOUNT1, OPTION_REWARD1, OPTION_AMOUNT2, OPTION_REWARD2, OPTION_AMOUNT3, OPTION_REWARD3) VALUES (SEQ_OPTION_NO.NEXTVAL, 1043, FLOOR(300000 * 0.1), 1, FLOOR(300000 * 0.5), 2, 300000, 3);
INSERT INTO TB_FUNDING_OPTION (OPTION_NO, OPTION_PROJECT_NO, OPTION_AMOUNT1, OPTION_REWARD1, OPTION_AMOUNT2, OPTION_REWARD2, OPTION_AMOUNT3, OPTION_REWARD3) VALUES (SEQ_OPTION_NO.NEXTVAL, 1044, FLOOR(600000 * 0.1), 1, FLOOR(600000 * 0.5), 2, 600000, 3);
INSERT INTO TB_FUNDING_OPTION (OPTION_NO, OPTION_PROJECT_NO, OPTION_AMOUNT1, OPTION_REWARD1, OPTION_AMOUNT2, OPTION_REWARD2, OPTION_AMOUNT3, OPTION_REWARD3) VALUES (SEQ_OPTION_NO.NEXTVAL, 1045, FLOOR(300000 * 0.1), 1, FLOOR(300000 * 0.5), 2, 300000, 3);
INSERT INTO TB_FUNDING_OPTION (OPTION_NO, OPTION_PROJECT_NO, OPTION_AMOUNT1, OPTION_REWARD1, OPTION_AMOUNT2, OPTION_REWARD2, OPTION_AMOUNT3, OPTION_REWARD3) VALUES (SEQ_OPTION_NO.NEXTVAL, 1046, FLOOR(600000 * 0.1), 1, FLOOR(600000 * 0.5), 2, 600000, 3);
INSERT INTO TB_FUNDING_OPTION (OPTION_NO, OPTION_PROJECT_NO, OPTION_AMOUNT1, OPTION_REWARD1, OPTION_AMOUNT2, OPTION_REWARD2, OPTION_AMOUNT3, OPTION_REWARD3) VALUES (SEQ_OPTION_NO.NEXTVAL, 1047, FLOOR(900000 * 0.1), 1, FLOOR(900000 * 0.5), 2, 900000, 3);
INSERT INTO TB_FUNDING_OPTION (OPTION_NO, OPTION_PROJECT_NO, OPTION_AMOUNT1, OPTION_REWARD1, OPTION_AMOUNT2, OPTION_REWARD2, OPTION_AMOUNT3, OPTION_REWARD3) VALUES (SEQ_OPTION_NO.NEXTVAL, 1048, FLOOR(500000 * 0.1), 1, FLOOR(500000 * 0.5), 2, 500000, 3);
INSERT INTO TB_FUNDING_OPTION (OPTION_NO, OPTION_PROJECT_NO, OPTION_AMOUNT1, OPTION_REWARD1, OPTION_AMOUNT2, OPTION_REWARD2, OPTION_AMOUNT3, OPTION_REWARD3) VALUES (SEQ_OPTION_NO.NEXTVAL, 1049, FLOOR(500000 * 0.1), 1, FLOOR(500000 * 0.5), 2, 500000, 3);
INSERT INTO TB_FUNDING_OPTION (OPTION_NO, OPTION_PROJECT_NO, OPTION_AMOUNT1, OPTION_REWARD1, OPTION_AMOUNT2, OPTION_REWARD2, OPTION_AMOUNT3, OPTION_REWARD3) VALUES (SEQ_OPTION_NO.NEXTVAL, 1050, FLOOR(800000 * 0.1), 1, FLOOR(800000 * 0.5), 2, 800000, 3);
INSERT INTO TB_FUNDING_OPTION (OPTION_NO, OPTION_PROJECT_NO, OPTION_AMOUNT1, OPTION_REWARD1, OPTION_AMOUNT2, OPTION_REWARD2, OPTION_AMOUNT3, OPTION_REWARD3) VALUES (SEQ_OPTION_NO.NEXTVAL, 1051, FLOOR(400000 * 0.1), 1, FLOOR(400000 * 0.5), 2, 400000, 3);
INSERT INTO TB_FUNDING_OPTION (OPTION_NO, OPTION_PROJECT_NO, OPTION_AMOUNT1, OPTION_REWARD1, OPTION_AMOUNT2, OPTION_REWARD2, OPTION_AMOUNT3, OPTION_REWARD3) VALUES (SEQ_OPTION_NO.NEXTVAL, 1052, FLOOR(600000 * 0.1), 1, FLOOR(600000 * 0.5), 2, 600000, 3);
INSERT INTO TB_FUNDING_OPTION (OPTION_NO, OPTION_PROJECT_NO, OPTION_AMOUNT1, OPTION_REWARD1, OPTION_AMOUNT2, OPTION_REWARD2, OPTION_AMOUNT3, OPTION_REWARD3) VALUES (SEQ_OPTION_NO.NEXTVAL, 1053, FLOOR(200000 * 0.1), 1, FLOOR(200000 * 0.5), 2, 200000, 3);
INSERT INTO TB_FUNDING_OPTION (OPTION_NO, OPTION_PROJECT_NO, OPTION_AMOUNT1, OPTION_REWARD1, OPTION_AMOUNT2, OPTION_REWARD2, OPTION_AMOUNT3, OPTION_REWARD3) VALUES (SEQ_OPTION_NO.NEXTVAL, 1054, FLOOR(400000 * 0.1), 1, FLOOR(400000 * 0.5), 2, 400000, 3);
INSERT INTO TB_FUNDING_OPTION (OPTION_NO, OPTION_PROJECT_NO, OPTION_AMOUNT1, OPTION_REWARD1, OPTION_AMOUNT2, OPTION_REWARD2, OPTION_AMOUNT3, OPTION_REWARD3) VALUES (SEQ_OPTION_NO.NEXTVAL, 1055, FLOOR(300000 * 0.1), 1, FLOOR(300000 * 0.5), 2, 300000, 3);
INSERT INTO TB_FUNDING_OPTION (OPTION_NO, OPTION_PROJECT_NO, OPTION_AMOUNT1, OPTION_REWARD1, OPTION_AMOUNT2, OPTION_REWARD2, OPTION_AMOUNT3, OPTION_REWARD3) VALUES (SEQ_OPTION_NO.NEXTVAL, 1056, FLOOR(800000 * 0.1), 1, FLOOR(800000 * 0.5), 2, 800000, 3);
INSERT INTO TB_FUNDING_OPTION (OPTION_NO, OPTION_PROJECT_NO, OPTION_AMOUNT1, OPTION_REWARD1, OPTION_AMOUNT2, OPTION_REWARD2, OPTION_AMOUNT3, OPTION_REWARD3) VALUES (SEQ_OPTION_NO.NEXTVAL, 1057, FLOOR(300000 * 0.1), 1, FLOOR(300000 * 0.5), 2, 300000, 3);
INSERT INTO TB_FUNDING_OPTION (OPTION_NO, OPTION_PROJECT_NO, OPTION_AMOUNT1, OPTION_REWARD1, OPTION_AMOUNT2, OPTION_REWARD2, OPTION_AMOUNT3, OPTION_REWARD3) VALUES (SEQ_OPTION_NO.NEXTVAL, 1058, FLOOR(700000 * 0.1), 1, FLOOR(700000 * 0.5), 2, 700000, 3);
INSERT INTO TB_FUNDING_OPTION (OPTION_NO, OPTION_PROJECT_NO, OPTION_AMOUNT1, OPTION_REWARD1, OPTION_AMOUNT2, OPTION_REWARD2, OPTION_AMOUNT3, OPTION_REWARD3) VALUES (SEQ_OPTION_NO.NEXTVAL, 1059, FLOOR(500000 * 0.1), 1, FLOOR(500000 * 0.5), 2, 500000, 3);
INSERT INTO TB_FUNDING_OPTION (OPTION_NO, OPTION_PROJECT_NO, OPTION_AMOUNT1, OPTION_REWARD1, OPTION_AMOUNT2, OPTION_REWARD2, OPTION_AMOUNT3, OPTION_REWARD3) VALUES (SEQ_OPTION_NO.NEXTVAL, 1060, FLOOR(900000 * 0.1), 1, FLOOR(900000 * 0.5), 2, 900000, 3);
INSERT INTO TB_FUNDING_OPTION (OPTION_NO, OPTION_PROJECT_NO, OPTION_AMOUNT1, OPTION_REWARD1, OPTION_AMOUNT2, OPTION_REWARD2, OPTION_AMOUNT3, OPTION_REWARD3) VALUES (SEQ_OPTION_NO.NEXTVAL, 1061, FLOOR(200000 * 0.1), 1, FLOOR(200000 * 0.5), 2, 200000, 3);
INSERT INTO TB_FUNDING_OPTION (OPTION_NO, OPTION_PROJECT_NO, OPTION_AMOUNT1, OPTION_REWARD1, OPTION_AMOUNT2, OPTION_REWARD2, OPTION_AMOUNT3, OPTION_REWARD3) VALUES (SEQ_OPTION_NO.NEXTVAL, 1062, FLOOR(600000 * 0.1), 1, FLOOR(600000 * 0.5), 2, 600000, 3);
INSERT INTO TB_FUNDING_OPTION (OPTION_NO, OPTION_PROJECT_NO, OPTION_AMOUNT1, OPTION_REWARD1, OPTION_AMOUNT2, OPTION_REWARD2, OPTION_AMOUNT3, OPTION_REWARD3) VALUES (SEQ_OPTION_NO.NEXTVAL, 1063, FLOOR(300000 * 0.1), 1, FLOOR(300000 * 0.5), 2, 300000, 3);
INSERT INTO TB_FUNDING_OPTION (OPTION_NO, OPTION_PROJECT_NO, OPTION_AMOUNT1, OPTION_REWARD1, OPTION_AMOUNT2, OPTION_REWARD2, OPTION_AMOUNT3, OPTION_REWARD3) VALUES (SEQ_OPTION_NO.NEXTVAL, 1064, FLOOR(500000 * 0.1), 1, FLOOR(500000 * 0.5), 2, 500000, 3);
INSERT INTO TB_FUNDING_OPTION (OPTION_NO, OPTION_PROJECT_NO, OPTION_AMOUNT1, OPTION_REWARD1, OPTION_AMOUNT2, OPTION_REWARD2, OPTION_AMOUNT3, OPTION_REWARD3) VALUES (SEQ_OPTION_NO.NEXTVAL, 1065, FLOOR(400000 * 0.1), 1, FLOOR(400000 * 0.5), 2, 400000, 3);
INSERT INTO TB_FUNDING_OPTION (OPTION_NO, OPTION_PROJECT_NO, OPTION_AMOUNT1, OPTION_REWARD1, OPTION_AMOUNT2, OPTION_REWARD2, OPTION_AMOUNT3, OPTION_REWARD3) VALUES (SEQ_OPTION_NO.NEXTVAL, 1066, FLOOR(800000 * 0.1), 1, FLOOR(800000 * 0.5), 2, 800000, 3);
INSERT INTO TB_FUNDING_OPTION (OPTION_NO, OPTION_PROJECT_NO, OPTION_AMOUNT1, OPTION_REWARD1, OPTION_AMOUNT2, OPTION_REWARD2, OPTION_AMOUNT3, OPTION_REWARD3) VALUES (SEQ_OPTION_NO.NEXTVAL, 1067, FLOOR(400000 * 0.1), 1, FLOOR(400000 * 0.5), 2, 400000, 3);
INSERT INTO TB_FUNDING_OPTION (OPTION_NO, OPTION_PROJECT_NO, OPTION_AMOUNT1, OPTION_REWARD1, OPTION_AMOUNT2, OPTION_REWARD2, OPTION_AMOUNT3, OPTION_REWARD3) VALUES (SEQ_OPTION_NO.NEXTVAL, 1068, FLOOR(500000 * 0.1), 1, FLOOR(500000 * 0.5), 2, 500000, 3);
INSERT INTO TB_FUNDING_OPTION (OPTION_NO, OPTION_PROJECT_NO, OPTION_AMOUNT1, OPTION_REWARD1, OPTION_AMOUNT2, OPTION_REWARD2, OPTION_AMOUNT3, OPTION_REWARD3) VALUES (SEQ_OPTION_NO.NEXTVAL, 1069, FLOOR(600000 * 0.1), 1, FLOOR(600000 * 0.5), 2, 600000, 3);
INSERT INTO TB_FUNDING_OPTION (OPTION_NO, OPTION_PROJECT_NO, OPTION_AMOUNT1, OPTION_REWARD1, OPTION_AMOUNT2, OPTION_REWARD2, OPTION_AMOUNT3, OPTION_REWARD3) VALUES (SEQ_OPTION_NO.NEXTVAL, 1070, FLOOR(600000 * 0.1), 1, FLOOR(600000 * 0.5), 2, 600000, 3);
INSERT INTO TB_FUNDING_OPTION (OPTION_NO, OPTION_PROJECT_NO, OPTION_AMOUNT1, OPTION_REWARD1, OPTION_AMOUNT2, OPTION_REWARD2, OPTION_AMOUNT3, OPTION_REWARD3) VALUES (SEQ_OPTION_NO.NEXTVAL, 1071, FLOOR(600000 * 0.1), 1, FLOOR(600000 * 0.5), 2, 600000, 3);
INSERT INTO TB_FUNDING_OPTION (OPTION_NO, OPTION_PROJECT_NO, OPTION_AMOUNT1, OPTION_REWARD1, OPTION_AMOUNT2, OPTION_REWARD2, OPTION_AMOUNT3, OPTION_REWARD3) VALUES (SEQ_OPTION_NO.NEXTVAL, 1072, FLOOR(400000 * 0.1), 1, FLOOR(400000 * 0.5), 2, 400000, 3);
INSERT INTO TB_FUNDING_OPTION (OPTION_NO, OPTION_PROJECT_NO, OPTION_AMOUNT1, OPTION_REWARD1, OPTION_AMOUNT2, OPTION_REWARD2, OPTION_AMOUNT3, OPTION_REWARD3) VALUES (SEQ_OPTION_NO.NEXTVAL, 1073, FLOOR(400000 * 0.1), 1, FLOOR(400000 * 0.5), 2, 400000, 3);
--------------------------------------------------
------------------ PAYMENT 관련 -------------------	
--------------------------------------------------
CREATE TABLE TB_PAYMENT (
    PAYMENT_NO VARCHAR2(100) CONSTRAINT PAYMENT_NO_PK PRIMARY KEY,
    PAYMENT_USER_NO NUMBER CONSTRAINT PAYMENT_USER_NO_NN NOT NULL,
    PAYMENT_PROJECT_NO NUMBER CONSTRAINT PAYMENT_PROJECT_NO_NN NOT NULL,
    PAYMENT_AMOUNT NUMBER CONSTRAINT PAYMENT_AMOUNT_NN NOT NULL,
    PAYMENT_METHOD NUMBER CONSTRAINT PAYMENT_METHOD_CK CHECK(PAYMENT_METHOD IN(1, 2)),
    PAYMENT_STATUS VARCHAR2(1) CONSTRAINT PAYMENT_STATUS_CK CHECK(PAYMENT_STATUS IN('Y', 'N')),
    PAYMENT_DATE DATE DEFAULT SYSDATE CONSTRAINT PAYMENT_DATE_NN NOT NULL,
    CONSTRAINT PAYMENT_USER_NO_FK FOREIGN KEY (PAYMENT_USER_NO) REFERENCES TB_MEMBER(USER_NO),
    CONSTRAINT PAYMENT_PROJECT_NO_FK FOREIGN KEY (PAYMENT_PROJECT_NO) REFERENCES TB_PROJECT(PROJECT_NO)
);

COMMENT ON COLUMN TB_PAYMENT.PAYMENT_NO IS '결제 번호';
COMMENT ON COLUMN TB_PAYMENT.PAYMENT_USER_NO IS '결제 후원자회원번호';
COMMENT ON COLUMN TB_PAYMENT.PAYMENT_PROJECT_NO IS '결제 프로젝트번호';
COMMENT ON COLUMN TB_PAYMENT.PAYMENT_AMOUNT IS '결제 금액';
COMMENT ON COLUMN TB_PAYMENT.PAYMENT_METHOD IS '결제 수단 (1 : 카카오페이 / 2 : 토스페이)';
COMMENT ON COLUMN TB_PAYMENT.PAYMENT_STATUS IS '결제 상태값 (Y : 결제 / 2 : 미결제)';
COMMENT ON COLUMN TB_PAYMENT.PAYMENT_DATE IS '결제 일자';

INSERT INTO TB_PAYMENT VALUES('ord20240301_1003_10', 10, 1003, 5000000, 2, 'Y', '2024-03-01');

INSERT INTO TB_PAYMENT VALUES('ord20240301_1003_6', 6, 1003, 500000, 1, 'Y', '2024-03-01');
INSERT INTO TB_PAYMENT VALUES('ord20240301_1003_17', 17, 1003, 500000, 1, 'Y', '2024-03-01');
INSERT INTO TB_PAYMENT VALUES('ord20240301_1005_9', 9, 1005, 1000000, 1, 'Y', '2024-03-01');
INSERT INTO TB_PAYMENT VALUES('ord20240301_1005_10', 10, 1005, 1000000, 1, 'Y', '2024-03-01');
INSERT INTO TB_PAYMENT VALUES('ord20240301_1006_9', 9, 1006, 2000000, 1, 'Y', '2024-03-01');
INSERT INTO TB_PAYMENT VALUES('ord20240301_1006_2', 2, 1006, 1000000, 1, 'Y', '2024-03-01');
INSERT INTO TB_PAYMENT VALUES('ord20240301_1007_2', 2, 1007, 3000000, 1, 'Y', '2024-03-01');
INSERT INTO TB_PAYMENT VALUES('ord20240301_1007_3', 3, 1007, 1500000, 1, 'Y', '2024-03-01');
INSERT INTO TB_PAYMENT VALUES('ord20240301_1008_2', 2, 1008, 4000000, 1, 'Y', '2024-03-01');
INSERT INTO TB_PAYMENT VALUES('ord20240301_1008_3', 3, 1008, 2000000, 1, 'Y', '2024-03-01');

INSERT INTO TB_PAYMENT VALUES('ord20240302_1008_4', 4, 1008, 400000, 2, 'Y', '2024-03-02');
INSERT INTO TB_PAYMENT VALUES('ord20240302_1009_10', 10, 1009, 5000000, 2, 'Y', '2024-03-02');
INSERT INTO TB_PAYMENT VALUES('ord20240302_1009_9', 9, 1009, 500000, 2, 'Y', '2024-03-02');
INSERT INTO TB_PAYMENT VALUES('ord20240302_1009_8', 8, 1009, 500000, 2, 'Y', '2024-03-02');
INSERT INTO TB_PAYMENT VALUES('ord20240302_1009_7', 7, 1009, 2500000, 2, 'Y', '2024-03-02');
INSERT INTO TB_PAYMENT VALUES('ord20240302_1010_2', 2, 1010, 6000000, 2, 'Y', '2024-03-02');
INSERT INTO TB_PAYMENT VALUES('ord20240302_1010_3', 3, 1010, 6000000, 2, 'Y', '2024-03-02');
INSERT INTO TB_PAYMENT VALUES('ord20240302_1010_4', 4, 1010, 6000000, 2, 'Y', '2024-03-02');
INSERT INTO TB_PAYMENT VALUES('ord20240302_1010_5', 5, 1010, 6000000, 2, 'Y', '2024-03-02');
INSERT INTO TB_PAYMENT VALUES('ord20240302_1010_6', 6, 1010, 6000000, 2, 'Y', '2024-03-02');

INSERT INTO TB_PAYMENT VALUES('ord20240302_1010_10', 10, 1010, 6000000, 1, 'Y', '2024-03-02');
INSERT INTO TB_PAYMENT VALUES('ord20240302_1010_8', 8, 1010, 6000000, 1, 'Y', '2024-03-02');
INSERT INTO TB_PAYMENT VALUES('ord20240302_1010_9', 9, 1010, 6000000, 1, 'Y', '2024-03-02');
INSERT INTO TB_PAYMENT VALUES('ord20240302_1011_2', 2, 1011, 500000, 1, 'Y', '2024-03-02');
INSERT INTO TB_PAYMENT VALUES('ord20240302_1011_3', 3, 1011, 50000, 1, 'Y', '2024-03-02');
INSERT INTO TB_PAYMENT VALUES('ord20240302_1011_4', 4, 1011, 50000, 1, 'Y', '2024-03-02');
INSERT INTO TB_PAYMENT VALUES('ord20240302_1011_5', 5, 1011, 50000, 1, 'Y', '2024-03-02');
INSERT INTO TB_PAYMENT VALUES('ord20240302_1011_6', 6, 1011, 50000, 1, 'Y', '2024-03-02');
INSERT INTO TB_PAYMENT VALUES('ord20240302_1012_2', 2, 1012, 60000, 1, 'Y', '2024-03-02');
INSERT INTO TB_PAYMENT VALUES('ord20240302_1012_3', 3, 1012, 60000, 1, 'Y', '2024-03-02');

INSERT INTO TB_PAYMENT VALUES('ord20240303_1012_4', 4, 1012, 60000, 2, 'Y', '2024-03-03');
INSERT INTO TB_PAYMENT VALUES('ord20240303_1012_5', 5, 1012, 60000, 2, 'Y', '2024-03-03');
INSERT INTO TB_PAYMENT VALUES('ord20240303_1012_6', 6, 1012, 600000, 2, 'Y', '2024-03-03');
INSERT INTO TB_PAYMENT VALUES('ord20240303_1012_7', 7, 1012, 60000, 2, 'Y', '2024-03-03');
INSERT INTO TB_PAYMENT VALUES('ord20240303_1013_2', 2, 1013, 700000, 2, 'Y', '2024-03-03');
INSERT INTO TB_PAYMENT VALUES('ord20240303_1013_12', 12, 1013, 700000, 2, 'Y', '2024-03-03');
INSERT INTO TB_PAYMENT VALUES('ord20240303_1013_11', 11, 1013, 700000, 2, 'Y', '2024-03-03');
INSERT INTO TB_PAYMENT VALUES('ord20240303_1013_3', 3, 1013, 700000, 2, 'Y', '2024-03-03');
INSERT INTO TB_PAYMENT VALUES('ord20240303_1013_9', 9, 1013, 700000, 2, 'Y', '2024-03-03');
INSERT INTO TB_PAYMENT VALUES('ord20240303_1014_12', 12, 1014, 80000, 2, 'Y', '2024-03-03');

INSERT INTO TB_PAYMENT VALUES('ord20240303_1014_3', 3, 1014, 80000, 1, 'Y', '2024-03-03');
INSERT INTO TB_PAYMENT VALUES('ord20240303_1014_4', 4, 1014, 80000, 1, 'Y', '2024-03-03');
INSERT INTO TB_PAYMENT VALUES('ord20240303_1014_5', 5, 1014, 80000, 1, 'Y', '2024-03-03');
INSERT INTO TB_PAYMENT VALUES('ord20240303_1014_6', 6, 1014, 80000, 1, 'Y', '2024-03-03');
INSERT INTO TB_PAYMENT VALUES('ord20240303_1014_7', 7, 1014, 80000, 1, 'Y', '2024-03-03');
INSERT INTO TB_PAYMENT VALUES('ord20240303_1014_8', 8, 1014, 80000, 1, 'Y', '2024-03-03');
INSERT INTO TB_PAYMENT VALUES('ord20240303_1014_9', 9, 1014, 80000, 1, 'Y', '2024-03-03');
INSERT INTO TB_PAYMENT VALUES('ord20240303_1014_10', 10, 1014, 80000, 1, 'Y', '2024-03-03');
INSERT INTO TB_PAYMENT VALUES('ord20240303_1014_11', 11, 1014, 80000, 1, 'Y', '2024-03-03');
INSERT INTO TB_PAYMENT VALUES('ord20240303_1015_2', 2, 1015, 100000, 1, 'Y', '2024-03-03');

INSERT INTO TB_PAYMENT VALUES('ord20240304_1015_5', 5, 1015, 100000, 2, 'Y', '2024-03-04');
INSERT INTO TB_PAYMENT VALUES('ord20240304_1015_7', 7, 1015, 100000, 2, 'Y', '2024-03-04');
INSERT INTO TB_PAYMENT VALUES('ord20240304_1015_9', 9, 1015, 100000, 2, 'Y', '2024-03-04');
INSERT INTO TB_PAYMENT VALUES('ord20240304_1015_10', 10, 1015, 100000, 2, 'Y', '2024-03-04');
INSERT INTO TB_PAYMENT VALUES('ord20240304_1016_2', 2, 1016, 80000, 2, 'Y', '2024-03-04');
INSERT INTO TB_PAYMENT VALUES('ord20240304_1016_3', 3, 1016, 80000, 2, 'Y', '2024-03-04');
INSERT INTO TB_PAYMENT VALUES('ord20240304_1016_5', 5, 1016, 80000, 2, 'Y', '2024-03-04');
INSERT INTO TB_PAYMENT VALUES('ord20240304_1016_6', 6, 1016, 80000, 2, 'Y', '2024-03-04');
INSERT INTO TB_PAYMENT VALUES('ord20240304_1016_7', 7, 1016, 80000, 2, 'Y', '2024-03-04');
INSERT INTO TB_PAYMENT VALUES('ord20240304_1017_2', 2, 1017, 700000, 2, 'Y', '2024-03-04');

INSERT INTO TB_PAYMENT VALUES('ord20240304_1017_3', 3, 1017, 700000, 1, 'Y', '2024-03-04');
INSERT INTO TB_PAYMENT VALUES('ord20240304_1017_4', 4, 1017, 700000, 1, 'Y', '2024-03-04');
INSERT INTO TB_PAYMENT VALUES('ord20240304_1017_9', 9, 1017, 700000, 1, 'Y', '2024-03-04');
INSERT INTO TB_PAYMENT VALUES('ord20240304_1018_2', 2, 1018, 300000, 1, 'Y', '2024-03-04');
INSERT INTO TB_PAYMENT VALUES('ord20240304_1018_3', 3, 1018, 300000, 1, 'Y', '2024-03-04');
INSERT INTO TB_PAYMENT VALUES('ord20240304_1018_4', 4, 1018, 60000, 1, 'Y', '2024-03-04');
INSERT INTO TB_PAYMENT VALUES('ord20240304_1018_5', 5, 1018, 60000, 1, 'Y', '2024-03-04');
INSERT INTO TB_PAYMENT VALUES('ord20240304_1018_10', 10, 1018, 600000, 1, 'Y', '2024-03-04');
INSERT INTO TB_PAYMENT VALUES('ord20240304_1019_2', 2, 1019, 400000, 1, 'Y', '2024-03-04');
INSERT INTO TB_PAYMENT VALUES('ord20240304_1019_3', 3, 1019, 400000, 1, 'Y', '2024-03-04');

INSERT INTO TB_PAYMENT VALUES('ord20240305_1019_4', 4, 1019, 400000, 2, 'Y', '2024-03-05');
INSERT INTO TB_PAYMENT VALUES('ord20240305_1019_5', 5, 1019, 400000, 2, 'Y', '2024-03-05');
INSERT INTO TB_PAYMENT VALUES('ord20240305_1019_6', 6, 1019, 400000, 2, 'Y', '2024-03-05');
INSERT INTO TB_PAYMENT VALUES('ord20240305_1020_2', 2, 1020, 300000, 2, 'Y', '2024-03-05');
INSERT INTO TB_PAYMENT VALUES('ord20240305_1020_3', 3, 1020, 300000, 2, 'Y', '2024-03-05');
INSERT INTO TB_PAYMENT VALUES('ord20240305_1020_4', 4, 1020, 300000, 2, 'Y', '2024-03-05');
INSERT INTO TB_PAYMENT VALUES('ord20240305_1020_5', 5, 1020, 300000, 2, 'Y', '2024-03-05');
INSERT INTO TB_PAYMENT VALUES('ord20240305_1020_6', 6, 1020, 300000, 2, 'Y', '2024-03-05');
INSERT INTO TB_PAYMENT VALUES('ord20240305_1021_2', 2, 1021, 500000, 2, 'Y', '2024-03-05');
INSERT INTO TB_PAYMENT VALUES('ord20240305_1021_3', 3, 1021, 500000, 2, 'Y', '2024-03-05');

INSERT INTO TB_PAYMENT VALUES('ord20240305_1021_4', 4, 1021, 500000, 1, 'Y', '2024-03-05');
INSERT INTO TB_PAYMENT VALUES('ord20240305_1021_5', 5, 1021, 500000, 1, 'Y', '2024-03-05');
INSERT INTO TB_PAYMENT VALUES('ord20240305_1021_6', 6, 1021, 500000, 1, 'Y', '2024-03-05');
INSERT INTO TB_PAYMENT VALUES('ord20240305_1022_2', 2, 1022, 60000, 1, 'Y', '2024-03-05');
INSERT INTO TB_PAYMENT VALUES('ord20240305_1022_9', 9, 1022, 60000, 1, 'Y', '2024-03-05');
INSERT INTO TB_PAYMENT VALUES('ord20240305_1023_3', 3, 1023, 300000, 1, 'Y', '2024-03-05');
INSERT INTO TB_PAYMENT VALUES('ord20240305_1023_4', 4, 1023, 300000, 1, 'Y', '2024-03-05');
INSERT INTO TB_PAYMENT VALUES('ord20240305_1023_5', 5, 1023, 300000, 1, 'Y', '2024-03-05');
INSERT INTO TB_PAYMENT VALUES('ord20240305_1023_6', 6, 1023, 300000, 1, 'Y', '2024-03-05');
INSERT INTO TB_PAYMENT VALUES('ord20240305_1023_7', 7, 1023, 300000, 1, 'Y', '2024-03-05');

INSERT INTO TB_PAYMENT VALUES('ord20240306_1024_2', 2, 1024, 600000, 2, 'Y', '2024-03-06');
INSERT INTO TB_PAYMENT VALUES('ord20240306_1024_4', 4, 1024, 600000, 2, 'Y', '2024-03-06');
INSERT INTO TB_PAYMENT VALUES('ord20240306_1024_5', 5, 1024, 600000, 2, 'Y', '2024-03-06');
INSERT INTO TB_PAYMENT VALUES('ord20240306_1024_6', 6, 1024, 600000, 2, 'Y', '2024-03-06');
INSERT INTO TB_PAYMENT VALUES('ord20240306_1024_7', 7, 1024, 600000, 2, 'Y', '2024-03-06');
INSERT INTO TB_PAYMENT VALUES('ord20240306_1025_2', 2, 1025, 500000, 2, 'Y', '2024-03-06');
INSERT INTO TB_PAYMENT VALUES('ord20240306_1025_3', 3, 1025, 500000, 2, 'Y', '2024-03-06');
INSERT INTO TB_PAYMENT VALUES('ord20240306_1025_22', 22, 1025, 500000, 2, 'Y', '2024-03-06');
INSERT INTO TB_PAYMENT VALUES('ord20240306_1025_21', 21, 1025, 500000, 2, 'Y', '2024-03-06');
INSERT INTO TB_PAYMENT VALUES('ord20240306_1025_23', 23, 1025, 500000, 2, 'Y', '2024-03-06');

INSERT INTO TB_PAYMENT VALUES('ord20240306_1026_2', 2, 1026, 800000, 1, 'Y', '2024-03-06');
INSERT INTO TB_PAYMENT VALUES('ord20240306_1026_3', 3, 1026, 800000, 1, 'Y', '2024-03-06');
INSERT INTO TB_PAYMENT VALUES('ord20240306_1026_4', 4, 1026, 800000, 1, 'Y', '2024-03-06');
INSERT INTO TB_PAYMENT VALUES('ord20240306_1026_6', 6, 1026, 800000, 1, 'Y', '2024-03-06');
INSERT INTO TB_PAYMENT VALUES('ord20240306_1026_7', 7, 1026, 800000, 1, 'Y', '2024-03-06');
INSERT INTO TB_PAYMENT VALUES('ord20240306_1026_9', 9, 1026, 800000, 1, 'Y', '2024-03-06');
INSERT INTO TB_PAYMENT VALUES('ord20240306_1027_12', 12, 1027, 300000, 1, 'Y', '2024-03-06');
INSERT INTO TB_PAYMENT VALUES('ord20240306_1027_13', 13, 1027, 300000, 1, 'Y', '2024-03-06');
INSERT INTO TB_PAYMENT VALUES('ord20240306_1027_14', 14, 1027, 300000, 1, 'Y', '2024-03-06');
INSERT INTO TB_PAYMENT VALUES('ord20240306_1027_15', 15, 1027, 300000, 1, 'Y', '2024-03-06');

INSERT INTO TB_PAYMENT VALUES('ord20240307_1028_10', 10, 1028, 50000, 2, 'Y', '2024-03-07');
INSERT INTO TB_PAYMENT VALUES('ord20240307_1028_11', 11, 1028, 50000, 2, 'Y', '2024-03-07');
INSERT INTO TB_PAYMENT VALUES('ord20240307_1028_12', 12, 1028, 50000, 2, 'Y', '2024-03-07');
INSERT INTO TB_PAYMENT VALUES('ord20240307_1028_13', 13, 1028, 50000, 2, 'Y', '2024-03-07');
INSERT INTO TB_PAYMENT VALUES('ord20240307_1028_14', 14, 1028, 50000, 2, 'Y', '2024-03-07');
INSERT INTO TB_PAYMENT VALUES('ord20240307_1028_15', 15, 1028, 50000, 2, 'Y', '2024-03-07');
INSERT INTO TB_PAYMENT VALUES('ord20240307_1028_16', 16, 1028, 50000, 2, 'Y', '2024-03-07');
INSERT INTO TB_PAYMENT VALUES('ord20240307_1028_17', 17, 1028, 50000, 2, 'Y', '2024-03-07');
INSERT INTO TB_PAYMENT VALUES('ord20240307_1028_18', 18, 1028, 50000, 2, 'Y', '2024-03-07');
INSERT INTO TB_PAYMENT VALUES('ord20240307_1028_19', 19, 1028, 50000, 2, 'Y', '2024-03-07');

INSERT INTO TB_PAYMENT VALUES('ord20240307_1029_10', 10, 1029, 400000, 1, 'Y', '2024-03-07');
INSERT INTO TB_PAYMENT VALUES('ord20240307_1029_11', 11, 1029, 400000, 1, 'Y', '2024-03-07');
INSERT INTO TB_PAYMENT VALUES('ord20240307_1029_12', 12, 1029, 400000, 1, 'Y', '2024-03-07');
INSERT INTO TB_PAYMENT VALUES('ord20240307_1029_13', 13, 1029, 400000, 1, 'Y', '2024-03-07');
INSERT INTO TB_PAYMENT VALUES('ord20240307_1029_14', 14, 1029, 400000, 1, 'Y', '2024-03-07');
INSERT INTO TB_PAYMENT VALUES('ord20240307_1029_15', 15, 1029, 400000, 1, 'Y', '2024-03-07');
INSERT INTO TB_PAYMENT VALUES('ord20240307_1029_16', 16, 1029, 400000, 1, 'Y', '2024-03-07');
INSERT INTO TB_PAYMENT VALUES('ord20240307_1029_17', 17, 1029, 400000, 1, 'Y', '2024-03-07');
INSERT INTO TB_PAYMENT VALUES('ord20240307_1029_18', 18, 1029, 400000, 1, 'Y', '2024-03-07');
INSERT INTO TB_PAYMENT VALUES('ord20240307_1029_19', 19, 1029, 400000, 1, 'Y', '2024-03-07');

INSERT INTO TB_PAYMENT VALUES('ord20240308_1030_2', 2, 1030, 700000, 2, 'Y', '2024-03-08');
INSERT INTO TB_PAYMENT VALUES('ord20240308_1030_5', 5, 1030, 700000, 2, 'Y', '2024-03-08');
INSERT INTO TB_PAYMENT VALUES('ord20240308_1030_10', 10, 1030, 700000, 2, 'Y', '2024-03-08');
INSERT INTO TB_PAYMENT VALUES('ord20240308_1030_11', 11, 1030, 700000, 2, 'Y', '2024-03-08');
INSERT INTO TB_PAYMENT VALUES('ord20240308_1031_2', 2, 1031, 70000, 2, 'Y', '2024-03-08');
INSERT INTO TB_PAYMENT VALUES('ord20240308_1032_3', 3, 1032, 400000, 2, 'Y', '2024-03-08');
INSERT INTO TB_PAYMENT VALUES('ord20240308_1032_10', 10, 1032, 400000, 2, 'Y', '2024-03-08');
INSERT INTO TB_PAYMENT VALUES('ord20240308_1033_2', 2, 1033, 90000, 2, 'Y', '2024-03-08');
INSERT INTO TB_PAYMENT VALUES('ord20240308_1033_7', 7, 1033, 90000, 2, 'Y', '2024-03-08');
INSERT INTO TB_PAYMENT VALUES('ord20240308_1033_17', 17, 1033, 900000, 2, 'Y', '2024-03-08');

INSERT INTO TB_PAYMENT VALUES('ord20240308_1034_14', 14, 1034, 300000, 1, 'Y', '2024-03-08');
INSERT INTO TB_PAYMENT VALUES('ord20240308_1034_19', 19, 1034, 300000, 1, 'Y', '2024-03-08');
INSERT INTO TB_PAYMENT VALUES('ord20240308_1035_8', 8, 1035, 500000, 1, 'Y', '2024-03-08');
INSERT INTO TB_PAYMENT VALUES('ord20240308_1035_18', 18, 1035, 50000, 1, 'Y', '2024-03-08');
INSERT INTO TB_PAYMENT VALUES('ord20240308_1035_20', 20, 1035, 50000, 1, 'Y', '2024-03-08');
INSERT INTO TB_PAYMENT VALUES('ord20240308_1036_4', 4, 1036, 80000, 1, 'Y', '2024-03-08');
INSERT INTO TB_PAYMENT VALUES('ord20240308_1036_23', 23, 1036, 800000, 1, 'Y', '2024-03-08');
INSERT INTO TB_PAYMENT VALUES('ord20240308_1037_16', 16, 1037, 300000, 1, 'Y', '2024-03-08');
INSERT INTO TB_PAYMENT VALUES('ord20240308_1037_19', 19, 1037, 300000, 1, 'Y', '2024-03-08');
INSERT INTO TB_PAYMENT VALUES('ord20240308_1038_20', 20, 1038, 100000, 1, 'Y', '2024-03-08');

INSERT INTO TB_PAYMENT VALUES('ord20240309_1038_5', 5, 1038, 10000, 2, 'Y', '2024-03-09');
INSERT INTO TB_PAYMENT VALUES('ord20240309_1039_6', 6, 1039, 40000, 2, 'Y', '2024-03-09');
INSERT INTO TB_PAYMENT VALUES('ord20240309_1039_15', 15, 1039, 400000, 2, 'Y', '2024-03-09');
INSERT INTO TB_PAYMENT VALUES('ord20240309_1040_7', 7, 1040, 200000, 2, 'Y', '2024-03-09');
INSERT INTO TB_PAYMENT VALUES('ord20240309_1040_19', 19, 1040, 200000, 2, 'Y', '2024-03-09');
INSERT INTO TB_PAYMENT VALUES('ord20240309_1041_11', 11, 1041, 900000, 2, 'Y', '2024-03-09');
INSERT INTO TB_PAYMENT VALUES('ord20240309_1041_13', 13, 1041, 90000, 2, 'Y', '2024-03-09');
INSERT INTO TB_PAYMENT VALUES('ord20240309_1042_9', 9, 1042, 300000, 2, 'Y', '2024-03-09');
INSERT INTO TB_PAYMENT VALUES('ord20240309_1042_15', 15, 1042, 300000, 2, 'Y', '2024-03-09');
INSERT INTO TB_PAYMENT VALUES('ord20240309_1043_24', 24, 1043, 300000, 2, 'Y', '2024-03-09');

INSERT INTO TB_PAYMENT VALUES('ord20240310_1043_22', 22, 1043, 300000, 1, 'Y', '2024-03-10');
INSERT INTO TB_PAYMENT VALUES('ord20240310_1044_9', 9, 1044, 600000, 1, 'Y', '2024-03-10');
INSERT INTO TB_PAYMENT VALUES('ord20240310_1044_10', 10, 1044, 60000, 1, 'Y', '2024-03-10');
INSERT INTO TB_PAYMENT VALUES('ord20240310_1045_10', 10, 1045, 300000, 1, 'Y', '2024-03-10');
INSERT INTO TB_PAYMENT VALUES('ord20240310_1045_4', 4, 1045, 30000, 1, 'Y', '2024-03-10');
INSERT INTO TB_PAYMENT VALUES('ord20240311_1046_12', 12, 1046, 600000, 1, 'Y', '2024-03-11');
INSERT INTO TB_PAYMENT VALUES('ord20240311_1046_17', 17, 1046, 60000, 1, 'Y', '2024-03-11');
INSERT INTO TB_PAYMENT VALUES('ord20240311_1047_4', 4, 1047, 900000, 1, 'Y', '2024-03-11');
INSERT INTO TB_PAYMENT VALUES('ord20240311_1047_13', 13, 1047, 90000, 1, 'Y', '2024-03-11');
INSERT INTO TB_PAYMENT VALUES('ord20240311_1048_5', 5, 1048, 500000, 1, 'Y', '2024-03-11');

INSERT INTO TB_PAYMENT VALUES('ord20240312_1048_13', 13, 1048, 50000, 2, 'Y', '2024-03-12');
INSERT INTO TB_PAYMENT VALUES('ord20240312_1049_19', 19, 1049, 50000, 2, 'Y', '2024-03-12');
INSERT INTO TB_PAYMENT VALUES('ord20240312_1049_20', 20, 1049, 500000, 2, 'Y', '2024-03-12');
INSERT INTO TB_PAYMENT VALUES('ord20240312_1050_6', 6, 1050, 800000, 2, 'Y', '2024-03-12');
INSERT INTO TB_PAYMENT VALUES('ord20240312_1050_8', 8, 1050, 800000, 2, 'Y', '2024-03-12');
INSERT INTO TB_PAYMENT VALUES('ord20240313_1051_9', 9, 1051, 400000, 2, 'Y', '2024-03-13');
INSERT INTO TB_PAYMENT VALUES('ord20240313_1051_13', 13, 1051, 40000, 2, 'Y', '2024-03-13');
INSERT INTO TB_PAYMENT VALUES('ord20240313_1052_18', 18, 1052, 600000, 2, 'Y', '2024-03-13');
INSERT INTO TB_PAYMENT VALUES('ord20240313_1052_19', 19, 1052, 600000, 2, 'Y', '2024-03-13');
INSERT INTO TB_PAYMENT VALUES('ord20240313_1053_10', 10, 1053, 200000, 2, 'Y', '2024-03-13');

INSERT INTO TB_PAYMENT VALUES('ord20240314_1053_18', 18, 1053, 20000, 1, 'Y', '2024-03-14');
INSERT INTO TB_PAYMENT VALUES('ord20240314_1054_10', 10, 1054, 400000, 1, 'Y', '2024-03-14');
INSERT INTO TB_PAYMENT VALUES('ord20240314_1054_18', 18, 1054, 40000, 1, 'Y', '2024-03-14');
INSERT INTO TB_PAYMENT VALUES('ord20240314_1055_10', 10, 1055, 300000, 1, 'Y', '2024-03-14');
INSERT INTO TB_PAYMENT VALUES('ord20240314_1055_16', 16, 1055, 30000, 1, 'Y', '2024-03-14');
INSERT INTO TB_PAYMENT VALUES('ord20240315_1056_12', 12, 1056, 800000, 1, 'Y', '2024-03-15');
INSERT INTO TB_PAYMENT VALUES('ord20240315_1056_20', 20, 1056, 80000, 1, 'Y', '2024-03-15');
INSERT INTO TB_PAYMENT VALUES('ord20240315_1057_5', 5, 1057, 300000, 1, 'Y', '2024-03-15');
INSERT INTO TB_PAYMENT VALUES('ord20240315_1057_13', 13, 1057, 30000, 1, 'Y', '2024-03-15');
INSERT INTO TB_PAYMENT VALUES('ord20240315_1058_6', 6, 1058, 700000, 1, 'Y', '2024-03-15');

INSERT INTO TB_PAYMENT VALUES('ord20240316_1058_11', 11, 1058, 70000, 2, 'Y', '2024-03-16');
INSERT INTO TB_PAYMENT VALUES('ord20240316_1059_5', 5, 1059, 500000, 2, 'Y', '2024-03-16');
INSERT INTO TB_PAYMENT VALUES('ord20240316_1059_18', 18, 1059, 50000, 2, 'Y', '2024-03-16');
INSERT INTO TB_PAYMENT VALUES('ord20240316_1060_6', 6, 1060, 900000, 2, 'Y', '2024-03-16');
INSERT INTO TB_PAYMENT VALUES('ord20240316_1060_9', 9, 1060, 90000, 2, 'Y', '2024-03-16');
INSERT INTO TB_PAYMENT VALUES('ord20240317_1061_3', 3, 1061, 200000, 2, 'Y', '2024-03-17');
INSERT INTO TB_PAYMENT VALUES('ord20240317_1061_8', 8, 1061, 200000, 2, 'Y', '2024-03-17');
INSERT INTO TB_PAYMENT VALUES('ord20240317_1062_5', 5, 1062, 600000, 2, 'Y', '2024-03-17');
INSERT INTO TB_PAYMENT VALUES('ord20240317_1062_10', 10, 1062, 60000, 2, 'Y', '2024-03-17');
INSERT INTO TB_PAYMENT VALUES('ord20240317_1063_4', 4, 1063, 300000, 2, 'Y', '2024-03-17');

INSERT INTO TB_PAYMENT VALUES('ord20240318_1063_9', 9, 1063, 30000, 1, 'Y', '2024-03-18');
INSERT INTO TB_PAYMENT VALUES('ord20240318_1064_3', 3, 1064, 500000, 1, 'Y', '2024-03-18');
INSERT INTO TB_PAYMENT VALUES('ord20240318_1064_7', 7, 1064, 50000, 1, 'Y', '2024-03-18');
INSERT INTO TB_PAYMENT VALUES('ord20240318_1065_6', 6, 1065, 400000, 1, 'Y', '2024-03-18');
INSERT INTO TB_PAYMENT VALUES('ord20240318_1065_12', 12, 1065, 200000, 1, 'Y', '2024-03-18');
INSERT INTO TB_PAYMENT VALUES('ord20240319_1066_7', 7, 1066, 800000, 1, 'Y', '2024-03-19');
INSERT INTO TB_PAYMENT VALUES('ord20240319_1066_11', 11, 1066, 80000, 1, 'Y', '2024-03-19');
INSERT INTO TB_PAYMENT VALUES('ord20240319_1067_13', 13, 1067, 400000, 1, 'Y', '2024-03-19');
INSERT INTO TB_PAYMENT VALUES('ord20240319_1067_5', 5, 1067, 40000, 1, 'Y', '2024-03-19');
INSERT INTO TB_PAYMENT VALUES('ord20240319_1068_10', 10, 1068, 500000, 1, 'Y', '2024-03-19');

INSERT INTO TB_PAYMENT VALUES('ord20240320_1068_5', 5, 1068, 50000, 2, 'Y', '2024-03-20');
INSERT INTO TB_PAYMENT VALUES('ord20240320_1069_10', 10, 1069, 600000, 2, 'Y', '2024-03-20');
INSERT INTO TB_PAYMENT VALUES('ord20240320_1069_3', 3, 1069, 60000, 2, 'Y', '2024-03-20');
INSERT INTO TB_PAYMENT VALUES('ord20240320_1070_5', 5, 1070, 600000, 2, 'Y', '2024-03-20');
INSERT INTO TB_PAYMENT VALUES('ord20240320_1070_10', 10, 1070, 60000, 2, 'Y', '2024-03-20');
INSERT INTO TB_PAYMENT VALUES('ord20240321_1071_7', 7, 1071, 600000, 2, 'Y', '2024-03-21');
INSERT INTO TB_PAYMENT VALUES('ord20240321_1071_17', 17, 1071, 300000, 2, 'Y', '2024-03-21');
INSERT INTO TB_PAYMENT VALUES('ord20240321_1072_5', 5, 1072, 400000, 2, 'Y', '2024-03-21');
INSERT INTO TB_PAYMENT VALUES('ord20240321_1072_19', 19, 1072, 40000, 2, 'Y', '2024-03-21');
INSERT INTO TB_PAYMENT VALUES('ord20240321_1073_6', 6, 1073, 800000, 2, 'Y', '2024-03-21');

INSERT INTO TB_PAYMENT VALUES('ord20240322_1073_20', 20, 1073, 400000, 1, 'Y', '2024-03-22');
--------------------------------------------------
------------------ ORDER 관련 ---------------------	
--------------------------------------------------
CREATE TABLE TB_ORDER (
    ORDER_NO NUMBER CONSTRAINT ORDER_NO_PK PRIMARY KEY,
    ORDER_USER_NO NUMBER CONSTRAINT ORDER_USER_NO_NN NOT NULL,
    ORDER_PROJECT_NO NUMBER CONSTRAINT ORDER_PROJECT_NO_NN NOT NULL,
    ORDER_OPTION_NO NUMBER CONSTRAINT ORDER_OPTION_NO_NN NOT NULL,
    ORDER_STATUS VARCHAR2(1) DEFAULT 'Y' CONSTRAINT ORDER_STATUS_CK CHECK(ORDER_STATUS IN('Y', 'C')),
    ORDER_PAYMENT_NO VARCHAR2(100) CONSTRAINT ORDER_PAYMENT_NO_NN NOT NULL,
    ORDER_DATE DATE DEFAULT SYSDATE CONSTRAINT ORDER_DATE_NN NOT NULL,
    CONSTRAINT ORDER_USER_NO_FK FOREIGN KEY (ORDER_USER_NO) REFERENCES TB_MEMBER(USER_NO),
    CONSTRAINT ORDER_PROJECT_NO_FK FOREIGN KEY (ORDER_PROJECT_NO) REFERENCES TB_PROJECT(PROJECT_NO),
    CONSTRAINT ORDER_OPTION_NO_FK FOREIGN KEY (ORDER_OPTION_NO) REFERENCES TB_FUNDING_OPTION(OPTION_NO),
    CONSTRAINT ORDER_PAYMENT_NO_FK FOREIGN KEY (ORDER_PAYMENT_NO) REFERENCES TB_PAYMENT(PAYMENT_NO)
);

COMMENT ON COLUMN TB_ORDER.ORDER_NO IS '주문 번호';
COMMENT ON COLUMN TB_ORDER.ORDER_USER_NO IS '주문자 회원 번호';
COMMENT ON COLUMN TB_ORDER.ORDER_PROJECT_NO IS '주문 프로젝트 번호';
COMMENT ON COLUMN TB_ORDER.ORDER_OPTION_NO IS '주문 후원 옵션 번호';
COMMENT ON COLUMN TB_ORDER.ORDER_STATUS IS '주문 상태값 (Y : 주문완료 / C : 주문취소)';
COMMENT ON COLUMN TB_ORDER.ORDER_PAYMENT_NO IS '주문 결제 번호';
COMMENT ON COLUMN TB_ORDER.ORDER_DATE IS '주문 일자';

CREATE SEQUENCE SEQ_ORDER_NO
NOCACHE;

INSERT INTO TB_ORDER VALUES(SEQ_ORDER_NO.NEXTVAL, 10, 1003, 3, 'Y', 'ord20240301_1003_10', '2024-03-01');

INSERT INTO TB_ORDER VALUES(SEQ_ORDER_NO.NEXTVAL, 6, 1003, 1, 'Y', 'ord20240301_1003_6', '2024-03-01');
INSERT INTO TB_ORDER VALUES(SEQ_ORDER_NO.NEXTVAL, 17, 1003, 1, 'Y', 'ord20240301_1003_17', '2024-03-01');
INSERT INTO TB_ORDER VALUES(SEQ_ORDER_NO.NEXTVAL, 9, 1005, 3, 'Y', 'ord20240301_1005_9', '2024-03-01');
INSERT INTO TB_ORDER VALUES(SEQ_ORDER_NO.NEXTVAL, 10, 1005, 3, 'Y', 'ord20240301_1005_10', '2024-03-01');
INSERT INTO TB_ORDER VALUES(SEQ_ORDER_NO.NEXTVAL, 9, 1006, 3, 'Y', 'ord20240301_1006_9', '2024-03-01');
INSERT INTO TB_ORDER VALUES(SEQ_ORDER_NO.NEXTVAL, 2, 1006, 2, 'Y', 'ord20240301_1006_2', '2024-03-01');
INSERT INTO TB_ORDER VALUES(SEQ_ORDER_NO.NEXTVAL, 2, 1007, 3, 'Y', 'ord20240301_1007_2', '2024-03-01');
INSERT INTO TB_ORDER VALUES(SEQ_ORDER_NO.NEXTVAL, 3, 1007, 2, 'Y', 'ord20240301_1007_3', '2024-03-01');
INSERT INTO TB_ORDER VALUES(SEQ_ORDER_NO.NEXTVAL, 2, 1008, 3, 'Y', 'ord20240301_1008_2', '2024-03-01');
INSERT INTO TB_ORDER VALUES(SEQ_ORDER_NO.NEXTVAL, 3, 1008, 2, 'Y', 'ord20240301_1008_3', '2024-03-01');

INSERT INTO TB_ORDER VALUES(SEQ_ORDER_NO.NEXTVAL, 4, 1008, 1, 'Y', 'ord20240302_1008_4', '2024-03-02');
INSERT INTO TB_ORDER VALUES(SEQ_ORDER_NO.NEXTVAL, 10, 1009, 3, 'Y', 'ord20240302_1009_10', '2024-03-02');
INSERT INTO TB_ORDER VALUES(SEQ_ORDER_NO.NEXTVAL, 9, 1001, 1, 'Y', 'ord20240302_1009_9', '2024-03-02');
INSERT INTO TB_ORDER VALUES(SEQ_ORDER_NO.NEXTVAL, 8, 1009, 1, 'Y', 'ord20240302_1009_8', '2024-03-02');
INSERT INTO TB_ORDER VALUES(SEQ_ORDER_NO.NEXTVAL, 7, 1009, 2, 'Y', 'ord20240302_1009_7', '2024-03-02');
INSERT INTO TB_ORDER VALUES(SEQ_ORDER_NO.NEXTVAL, 2, 1010, 3, 'Y', 'ord20240302_1010_2', '2024-03-02');
INSERT INTO TB_ORDER VALUES(SEQ_ORDER_NO.NEXTVAL, 3, 1010, 3, 'Y', 'ord20240302_1010_3', '2024-03-02');
INSERT INTO TB_ORDER VALUES(SEQ_ORDER_NO.NEXTVAL, 4, 1010, 3, 'Y', 'ord20240302_1010_4', '2024-03-02');
INSERT INTO TB_ORDER VALUES(SEQ_ORDER_NO.NEXTVAL, 5, 1010, 3, 'Y', 'ord20240302_1010_5', '2024-03-02');
INSERT INTO TB_ORDER VALUES(SEQ_ORDER_NO.NEXTVAL, 6, 1010, 3, 'Y', 'ord20240302_1010_6', '2024-03-02');

INSERT INTO TB_ORDER VALUES(SEQ_ORDER_NO.NEXTVAL, 10, 1010, 3, 'Y', 'ord20240302_1010_10', '2024-03-02');
INSERT INTO TB_ORDER VALUES(SEQ_ORDER_NO.NEXTVAL, 8, 1010, 3, 'Y', 'ord20240302_1010_8', '2024-03-02');
INSERT INTO TB_ORDER VALUES(SEQ_ORDER_NO.NEXTVAL, 9, 1010, 3, 'Y', 'ord20240302_1010_9', '2024-03-02');
INSERT INTO TB_ORDER VALUES(SEQ_ORDER_NO.NEXTVAL, 2, 1011, 3, 'Y', 'ord20240302_1011_2', '2024-03-02');
INSERT INTO TB_ORDER VALUES(SEQ_ORDER_NO.NEXTVAL, 3, 1011, 1, 'Y', 'ord20240302_1011_3', '2024-03-02');
INSERT INTO TB_ORDER VALUES(SEQ_ORDER_NO.NEXTVAL, 4, 1011, 1, 'Y', 'ord20240302_1011_4', '2024-03-02');
INSERT INTO TB_ORDER VALUES(SEQ_ORDER_NO.NEXTVAL, 5, 1011, 1, 'Y', 'ord20240302_1011_5', '2024-03-02');
INSERT INTO TB_ORDER VALUES(SEQ_ORDER_NO.NEXTVAL, 6, 1011, 1, 'Y', 'ord20240302_1011_6', '2024-03-02');
INSERT INTO TB_ORDER VALUES(SEQ_ORDER_NO.NEXTVAL, 2, 1012, 1, 'Y', 'ord20240302_1012_2', '2024-03-02');
INSERT INTO TB_ORDER VALUES(SEQ_ORDER_NO.NEXTVAL, 3, 1012, 1, 'Y', 'ord20240302_1012_3', '2024-03-02');

INSERT INTO TB_ORDER VALUES(SEQ_ORDER_NO.NEXTVAL, 4, 1012, 1, 'Y', 'ord20240303_1012_4', '2024-03-03');
INSERT INTO TB_ORDER VALUES(SEQ_ORDER_NO.NEXTVAL, 5, 1012, 1, 'Y', 'ord20240303_1012_5', '2024-03-03');
INSERT INTO TB_ORDER VALUES(SEQ_ORDER_NO.NEXTVAL, 6, 1012, 3, 'Y', 'ord20240303_1012_6', '2024-03-03');
INSERT INTO TB_ORDER VALUES(SEQ_ORDER_NO.NEXTVAL, 7, 1012, 1, 'Y', 'ord20240303_1012_7', '2024-03-03');
INSERT INTO TB_ORDER VALUES(SEQ_ORDER_NO.NEXTVAL, 2, 1013, 3, 'Y', 'ord20240303_1013_2', '2024-03-03');
INSERT INTO TB_ORDER VALUES(SEQ_ORDER_NO.NEXTVAL, 12, 1013, 3, 'Y', 'ord20240303_1013_12', '2024-03-03');
INSERT INTO TB_ORDER VALUES(SEQ_ORDER_NO.NEXTVAL, 11, 1013, 3, 'Y', 'ord20240303_1013_11', '2024-03-03');
INSERT INTO TB_ORDER VALUES(SEQ_ORDER_NO.NEXTVAL, 3, 1013, 3, 'Y', 'ord20240303_1013_3', '2024-03-03');
INSERT INTO TB_ORDER VALUES(SEQ_ORDER_NO.NEXTVAL, 9, 1013, 3, 'Y', 'ord20240303_1013_9', '2024-03-03');
INSERT INTO TB_ORDER VALUES(SEQ_ORDER_NO.NEXTVAL, 12, 1014, 1, 'Y', 'ord20240303_1014_12', '2024-03-03');

INSERT INTO TB_ORDER VALUES(SEQ_ORDER_NO.NEXTVAL, 3, 1014, 1, 'Y', 'ord20240303_1014_3', '2024-03-03');
INSERT INTO TB_ORDER VALUES(SEQ_ORDER_NO.NEXTVAL, 4, 1014, 1, 'Y', 'ord20240303_1014_4', '2024-03-03');
INSERT INTO TB_ORDER VALUES(SEQ_ORDER_NO.NEXTVAL, 5, 1014, 1, 'Y', 'ord20240303_1014_5', '2024-03-03');
INSERT INTO TB_ORDER VALUES(SEQ_ORDER_NO.NEXTVAL, 6, 1014, 1, 'Y', 'ord20240303_1014_6', '2024-03-03');
INSERT INTO TB_ORDER VALUES(SEQ_ORDER_NO.NEXTVAL, 7, 1014, 1, 'Y', 'ord20240303_1014_7', '2024-03-03');
INSERT INTO TB_ORDER VALUES(SEQ_ORDER_NO.NEXTVAL, 8, 1014, 1, 'Y', 'ord20240303_1014_8', '2024-03-03');
INSERT INTO TB_ORDER VALUES(SEQ_ORDER_NO.NEXTVAL, 9, 1014, 1, 'Y', 'ord20240303_1014_9', '2024-03-03');
INSERT INTO TB_ORDER VALUES(SEQ_ORDER_NO.NEXTVAL, 10, 1014, 1, 'Y', 'ord20240303_1014_10', '2024-03-03');
INSERT INTO TB_ORDER VALUES(SEQ_ORDER_NO.NEXTVAL, 11, 1014, 1, 'Y', 'ord20240303_1014_11', '2024-03-03');
INSERT INTO TB_ORDER VALUES(SEQ_ORDER_NO.NEXTVAL, 2, 1015, 3, 'Y', 'ord20240303_1015_2', '2024-03-03');

INSERT INTO TB_ORDER VALUES(SEQ_ORDER_NO.NEXTVAL, 5, 1015, 3, 'Y', 'ord20240304_1015_5', '2024-03-04');
INSERT INTO TB_ORDER VALUES(SEQ_ORDER_NO.NEXTVAL, 7, 1015, 3, 'Y', 'ord20240304_1015_7', '2024-03-04');
INSERT INTO TB_ORDER VALUES(SEQ_ORDER_NO.NEXTVAL, 9, 1015, 3, 'Y', 'ord20240304_1015_9', '2024-03-04');
INSERT INTO TB_ORDER VALUES(SEQ_ORDER_NO.NEXTVAL, 10, 1015, 3, 'Y', 'ord20240304_1015_10', '2024-03-04');
INSERT INTO TB_ORDER VALUES(SEQ_ORDER_NO.NEXTVAL, 2, 1016, 1, 'Y', 'ord20240304_1016_2', '2024-03-04');
INSERT INTO TB_ORDER VALUES(SEQ_ORDER_NO.NEXTVAL, 3, 1016, 1, 'Y', 'ord20240304_1016_3', '2024-03-04');
INSERT INTO TB_ORDER VALUES(SEQ_ORDER_NO.NEXTVAL, 5, 1016, 1, 'Y', 'ord20240304_1016_5', '2024-03-04');
INSERT INTO TB_ORDER VALUES(SEQ_ORDER_NO.NEXTVAL, 6, 1016, 1, 'Y', 'ord20240304_1016_6', '2024-03-04');
INSERT INTO TB_ORDER VALUES(SEQ_ORDER_NO.NEXTVAL, 7, 1016, 1, 'Y', 'ord20240304_1016_7', '2024-03-04');
INSERT INTO TB_ORDER VALUES(SEQ_ORDER_NO.NEXTVAL, 2, 1017, 3, 'Y', 'ord20240304_1017_2', '2024-03-04');

INSERT INTO TB_ORDER VALUES(SEQ_ORDER_NO.NEXTVAL, 3, 1017, 3, 'Y', 'ord20240304_1017_3', '2024-03-04');
INSERT INTO TB_ORDER VALUES(SEQ_ORDER_NO.NEXTVAL, 4, 1017, 3, 'Y', 'ord20240304_1017_4', '2024-03-04');
INSERT INTO TB_ORDER VALUES(SEQ_ORDER_NO.NEXTVAL, 9, 1017, 3, 'Y', 'ord20240304_1017_9', '2024-03-04');
INSERT INTO TB_ORDER VALUES(SEQ_ORDER_NO.NEXTVAL, 2, 1018, 2, 'Y', 'ord20240304_1018_2', '2024-03-04');
INSERT INTO TB_ORDER VALUES(SEQ_ORDER_NO.NEXTVAL, 3, 1018, 2, 'Y', 'ord20240304_1018_3', '2024-03-04');
INSERT INTO TB_ORDER VALUES(SEQ_ORDER_NO.NEXTVAL, 4, 1018, 1, 'Y', 'ord20240304_1018_4', '2024-03-04');
INSERT INTO TB_ORDER VALUES(SEQ_ORDER_NO.NEXTVAL, 5, 1018, 1, 'Y', 'ord20240304_1018_5', '2024-03-04');
INSERT INTO TB_ORDER VALUES(SEQ_ORDER_NO.NEXTVAL, 10, 1018, 3, 'Y', 'ord20240304_1018_10', '2024-03-04');
INSERT INTO TB_ORDER VALUES(SEQ_ORDER_NO.NEXTVAL, 2, 1019, 3, 'Y', 'ord20240304_1019_2', '2024-03-04');
INSERT INTO TB_ORDER VALUES(SEQ_ORDER_NO.NEXTVAL, 3, 1019, 3, 'Y', 'ord20240304_1019_3', '2024-03-04');

INSERT INTO TB_ORDER VALUES(SEQ_ORDER_NO.NEXTVAL, 4, 1019, 3, 'Y', 'ord20240305_1019_4', '2024-03-05');
INSERT INTO TB_ORDER VALUES(SEQ_ORDER_NO.NEXTVAL, 5, 1019, 3, 'Y', 'ord20240305_1019_5', '2024-03-05');
INSERT INTO TB_ORDER VALUES(SEQ_ORDER_NO.NEXTVAL, 6, 1019, 3, 'Y', 'ord20240305_1019_6', '2024-03-05');
INSERT INTO TB_ORDER VALUES(SEQ_ORDER_NO.NEXTVAL, 2, 1020, 3, 'Y', 'ord20240305_1020_2', '2024-03-05');
INSERT INTO TB_ORDER VALUES(SEQ_ORDER_NO.NEXTVAL, 3, 1020, 3, 'Y', 'ord20240305_1020_3', '2024-03-05');
INSERT INTO TB_ORDER VALUES(SEQ_ORDER_NO.NEXTVAL, 4, 1020, 3, 'Y', 'ord20240305_1020_4', '2024-03-05');
INSERT INTO TB_ORDER VALUES(SEQ_ORDER_NO.NEXTVAL, 5, 1020, 3, 'Y', 'ord20240305_1020_5', '2024-03-05');
INSERT INTO TB_ORDER VALUES(SEQ_ORDER_NO.NEXTVAL, 6, 1020, 3, 'Y', 'ord20240305_1020_6', '2024-03-05');
INSERT INTO TB_ORDER VALUES(SEQ_ORDER_NO.NEXTVAL, 2, 1021, 3, 'Y', 'ord20240305_1021_2', '2024-03-05');
INSERT INTO TB_ORDER VALUES(SEQ_ORDER_NO.NEXTVAL, 3, 1021, 3, 'Y', 'ord20240305_1021_3', '2024-03-05');

INSERT INTO TB_ORDER VALUES(SEQ_ORDER_NO.NEXTVAL, 4, 1021, 3, 'Y', 'ord20240305_1021_4', '2024-03-05');
INSERT INTO TB_ORDER VALUES(SEQ_ORDER_NO.NEXTVAL, 5, 1021, 3, 'Y', 'ord20240305_1021_5', '2024-03-05');
INSERT INTO TB_ORDER VALUES(SEQ_ORDER_NO.NEXTVAL, 6, 1021, 3, 'Y', 'ord20240305_1021_6', '2024-03-05');
INSERT INTO TB_ORDER VALUES(SEQ_ORDER_NO.NEXTVAL, 2, 1022, 1, 'Y', 'ord20240305_1022_2', '2024-03-05');
INSERT INTO TB_ORDER VALUES(SEQ_ORDER_NO.NEXTVAL, 9, 1022, 1, 'Y', 'ord20240305_1022_9', '2024-03-05');
INSERT INTO TB_ORDER VALUES(SEQ_ORDER_NO.NEXTVAL, 3, 1023, 3, 'Y', 'ord20240305_1023_3', '2024-03-05');
INSERT INTO TB_ORDER VALUES(SEQ_ORDER_NO.NEXTVAL, 4, 1023, 3, 'Y', 'ord20240305_1023_4', '2024-03-05');
INSERT INTO TB_ORDER VALUES(SEQ_ORDER_NO.NEXTVAL, 5, 1023, 3, 'Y', 'ord20240305_1023_5', '2024-03-05');
INSERT INTO TB_ORDER VALUES(SEQ_ORDER_NO.NEXTVAL, 6, 1023, 3, 'Y', 'ord20240305_1023_6', '2024-03-05');
INSERT INTO TB_ORDER VALUES(SEQ_ORDER_NO.NEXTVAL, 7, 1023, 3, 'Y', 'ord20240305_1023_7', '2024-03-05');

INSERT INTO TB_ORDER VALUES(SEQ_ORDER_NO.NEXTVAL, 2, 1024, 3, 'Y', 'ord20240306_1024_2', '2024-03-06');
INSERT INTO TB_ORDER VALUES(SEQ_ORDER_NO.NEXTVAL, 4, 1024, 3, 'Y', 'ord20240306_1024_4', '2024-03-06');
INSERT INTO TB_ORDER VALUES(SEQ_ORDER_NO.NEXTVAL, 5, 1024, 3, 'Y', 'ord20240306_1024_5', '2024-03-06');
INSERT INTO TB_ORDER VALUES(SEQ_ORDER_NO.NEXTVAL, 6, 1024, 3, 'Y', 'ord20240306_1024_6', '2024-03-06');
INSERT INTO TB_ORDER VALUES(SEQ_ORDER_NO.NEXTVAL, 7, 1024, 3, 'Y', 'ord20240306_1024_7', '2024-03-06');
INSERT INTO TB_ORDER VALUES(SEQ_ORDER_NO.NEXTVAL, 2, 1025, 3, 'Y', 'ord20240306_1025_2', '2024-03-06');
INSERT INTO TB_ORDER VALUES(SEQ_ORDER_NO.NEXTVAL, 3, 1025, 3, 'Y', 'ord20240306_1025_3', '2024-03-06');
INSERT INTO TB_ORDER VALUES(SEQ_ORDER_NO.NEXTVAL, 22, 1025, 3, 'Y', 'ord20240306_1025_22', '2024-03-06');
INSERT INTO TB_ORDER VALUES(SEQ_ORDER_NO.NEXTVAL, 21, 1025, 3, 'Y', 'ord20240306_1025_21', '2024-03-06');
INSERT INTO TB_ORDER VALUES(SEQ_ORDER_NO.NEXTVAL, 23, 1025, 3, 'Y', 'ord20240306_1025_23', '2024-03-06');

INSERT INTO TB_ORDER VALUES(SEQ_ORDER_NO.NEXTVAL, 2, 1026, 3, 'Y', 'ord20240306_1026_2', '2024-03-06');
INSERT INTO TB_ORDER VALUES(SEQ_ORDER_NO.NEXTVAL, 3, 1026, 3, 'Y', 'ord20240306_1026_3', '2024-03-06');
INSERT INTO TB_ORDER VALUES(SEQ_ORDER_NO.NEXTVAL, 4, 1026, 3, 'Y', 'ord20240306_1026_4', '2024-03-06');
INSERT INTO TB_ORDER VALUES(SEQ_ORDER_NO.NEXTVAL, 6, 1026, 3, 'Y', 'ord20240306_1026_6', '2024-03-06');
INSERT INTO TB_ORDER VALUES(SEQ_ORDER_NO.NEXTVAL, 7, 1026, 3, 'Y', 'ord20240306_1026_7', '2024-03-06');
INSERT INTO TB_ORDER VALUES(SEQ_ORDER_NO.NEXTVAL, 9, 1026, 3, 'Y', 'ord20240306_1026_9', '2024-03-06');
INSERT INTO TB_ORDER VALUES(SEQ_ORDER_NO.NEXTVAL, 12, 1027, 3, 'Y', 'ord20240306_1027_12', '2024-03-06');
INSERT INTO TB_ORDER VALUES(SEQ_ORDER_NO.NEXTVAL, 13, 1027, 3, 'Y', 'ord20240306_1027_13', '2024-03-06');
INSERT INTO TB_ORDER VALUES(SEQ_ORDER_NO.NEXTVAL, 14, 1027, 3, 'Y', 'ord20240306_1027_14', '2024-03-06');
INSERT INTO TB_ORDER VALUES(SEQ_ORDER_NO.NEXTVAL, 15, 1027, 3, 'Y', 'ord20240306_1027_15', '2024-03-06');

INSERT INTO TB_ORDER VALUES(SEQ_ORDER_NO.NEXTVAL, 10, 1028, 1, 'Y', 'ord20240307_1028_10', '2024-03-07');
INSERT INTO TB_ORDER VALUES(SEQ_ORDER_NO.NEXTVAL, 10, 1028, 1, 'Y', 'ord20240307_1028_10', '2024-03-07');
INSERT INTO TB_ORDER VALUES(SEQ_ORDER_NO.NEXTVAL, 10, 1028, 1, 'Y', 'ord20240307_1028_10', '2024-03-07');
INSERT INTO TB_ORDER VALUES(SEQ_ORDER_NO.NEXTVAL, 10, 1028, 1, 'Y', 'ord20240307_1028_10', '2024-03-07');
INSERT INTO TB_ORDER VALUES(SEQ_ORDER_NO.NEXTVAL, 10, 1028, 1, 'Y', 'ord20240307_1028_10', '2024-03-07');
INSERT INTO TB_ORDER VALUES(SEQ_ORDER_NO.NEXTVAL, 10, 1028, 1, 'Y', 'ord20240307_1028_10', '2024-03-07');
INSERT INTO TB_ORDER VALUES(SEQ_ORDER_NO.NEXTVAL, 10, 1028, 1, 'Y', 'ord20240307_1028_10', '2024-03-07');
INSERT INTO TB_ORDER VALUES(SEQ_ORDER_NO.NEXTVAL, 10, 1028, 1, 'Y', 'ord20240307_1028_10', '2024-03-07');
INSERT INTO TB_ORDER VALUES(SEQ_ORDER_NO.NEXTVAL, 10, 1028, 1, 'Y', 'ord20240307_1028_10', '2024-03-07');
INSERT INTO TB_ORDER VALUES(SEQ_ORDER_NO.NEXTVAL, 10, 1028, 1, 'Y', 'ord20240307_1028_10', '2024-03-07');

INSERT INTO TB_ORDER VALUES(SEQ_ORDER_NO.NEXTVAL, 10, 1029, 3, 'Y', 'ord20240307_1029_10', '2024-03-07');
INSERT INTO TB_ORDER VALUES(SEQ_ORDER_NO.NEXTVAL, 11, 1029, 3, 'Y', 'ord20240307_1029_11', '2024-03-07');
INSERT INTO TB_ORDER VALUES(SEQ_ORDER_NO.NEXTVAL, 12, 1029, 3, 'Y', 'ord20240307_1029_12', '2024-03-07');
INSERT INTO TB_ORDER VALUES(SEQ_ORDER_NO.NEXTVAL, 13, 1029, 3, 'Y', 'ord20240307_1029_13', '2024-03-07');
INSERT INTO TB_ORDER VALUES(SEQ_ORDER_NO.NEXTVAL, 14, 1029, 3, 'Y', 'ord20240307_1029_14', '2024-03-07');
INSERT INTO TB_ORDER VALUES(SEQ_ORDER_NO.NEXTVAL, 15, 1029, 3, 'Y', 'ord20240307_1029_15', '2024-03-07');
INSERT INTO TB_ORDER VALUES(SEQ_ORDER_NO.NEXTVAL, 16, 1029, 3, 'Y', 'ord20240307_1029_16', '2024-03-07');
INSERT INTO TB_ORDER VALUES(SEQ_ORDER_NO.NEXTVAL, 17, 1029, 3, 'Y', 'ord20240307_1029_17', '2024-03-07');
INSERT INTO TB_ORDER VALUES(SEQ_ORDER_NO.NEXTVAL, 18, 1029, 3, 'Y', 'ord20240307_1029_18', '2024-03-07');
INSERT INTO TB_ORDER VALUES(SEQ_ORDER_NO.NEXTVAL, 19, 1029, 3, 'Y', 'ord20240307_1029_19', '2024-03-07');

INSERT INTO TB_ORDER VALUES(SEQ_ORDER_NO.NEXTVAL, 2, 1030, 3, 'Y', 'ord20240308_1030_2', '2024-03-08');
INSERT INTO TB_ORDER VALUES(SEQ_ORDER_NO.NEXTVAL, 5, 1030, 3, 'Y', 'ord20240308_1030_5', '2024-03-08');
INSERT INTO TB_ORDER VALUES(SEQ_ORDER_NO.NEXTVAL, 10, 1030, 3, 'Y', 'ord20240308_1030_10', '2024-03-08');
INSERT INTO TB_ORDER VALUES(SEQ_ORDER_NO.NEXTVAL, 11, 1030, 3, 'Y', 'ord20240308_1030_11', '2024-03-08');
INSERT INTO TB_ORDER VALUES(SEQ_ORDER_NO.NEXTVAL, 2, 1031, 1, 'Y', 'ord20240308_1031_2', '2024-03-08');
INSERT INTO TB_ORDER VALUES(SEQ_ORDER_NO.NEXTVAL, 3, 1032, 3, 'Y', 'ord20240308_1032_3', '2024-03-08');
INSERT INTO TB_ORDER VALUES(SEQ_ORDER_NO.NEXTVAL, 10, 1032, 3, 'Y', 'ord20240308_1032_10', '2024-03-08');
INSERT INTO TB_ORDER VALUES(SEQ_ORDER_NO.NEXTVAL, 2, 1033, 1, 'Y', 'ord20240308_1033_2', '2024-03-08');
INSERT INTO TB_ORDER VALUES(SEQ_ORDER_NO.NEXTVAL, 7, 1033, 1, 'Y', 'ord20240308_1033_7', '2024-03-08');
INSERT INTO TB_ORDER VALUES(SEQ_ORDER_NO.NEXTVAL, 17, 1033, 3, 'Y', 'ord20240308_1033_17', '2024-03-08');

INSERT INTO TB_ORDER VALUES(SEQ_ORDER_NO.NEXTVAL, 14, 1034, 3, 'Y', 'ord20240308_1034_14', '2024-03-08');
INSERT INTO TB_ORDER VALUES(SEQ_ORDER_NO.NEXTVAL, 19, 1034, 3, 'Y', 'ord20240308_1034_19', '2024-03-08');
INSERT INTO TB_ORDER VALUES(SEQ_ORDER_NO.NEXTVAL, 8, 1035, 3, 'Y', 'ord20240308_1035_8', '2024-03-08');
INSERT INTO TB_ORDER VALUES(SEQ_ORDER_NO.NEXTVAL, 18, 1035, 1, 'Y', 'ord20240308_1035_18', '2024-03-08');
INSERT INTO TB_ORDER VALUES(SEQ_ORDER_NO.NEXTVAL, 20, 1035, 1, 'Y', 'ord20240308_1035_20', '2024-03-08');
INSERT INTO TB_ORDER VALUES(SEQ_ORDER_NO.NEXTVAL, 4, 1036, 1, 'Y', 'ord20240308_1036_4', '2024-03-08');
INSERT INTO TB_ORDER VALUES(SEQ_ORDER_NO.NEXTVAL, 23, 1036, 3, 'Y', 'ord20240308_1036_23', '2024-03-08');
INSERT INTO TB_ORDER VALUES(SEQ_ORDER_NO.NEXTVAL, 16, 1037, 3, 'Y', 'ord20240308_1037_16', '2024-03-08');
INSERT INTO TB_ORDER VALUES(SEQ_ORDER_NO.NEXTVAL, 19, 1037, 3, 'Y', 'ord20240308_1037_19', '2024-03-08');
INSERT INTO TB_ORDER VALUES(SEQ_ORDER_NO.NEXTVAL, 20, 1038, 3, 'Y', 'ord20240308_1038_20', '2024-03-08');

INSERT INTO TB_ORDER VALUES(SEQ_ORDER_NO.NEXTVAL, 5, 1038, 1, 'Y', 'ord20240309_1038_5', '2024-03-09');
INSERT INTO TB_ORDER VALUES(SEQ_ORDER_NO.NEXTVAL, 6, 1039, 1, 'Y', 'ord20240309_1039_6', '2024-03-09');
INSERT INTO TB_ORDER VALUES(SEQ_ORDER_NO.NEXTVAL, 15, 1039, 3, 'Y', 'ord20240309_1039_15', '2024-03-09');
INSERT INTO TB_ORDER VALUES(SEQ_ORDER_NO.NEXTVAL, 7, 1040, 3, 'Y', 'ord20240309_1040_7', '2024-03-09');
INSERT INTO TB_ORDER VALUES(SEQ_ORDER_NO.NEXTVAL, 19, 1040, 3, 'Y', 'ord20240309_1040_19', '2024-03-09');
INSERT INTO TB_ORDER VALUES(SEQ_ORDER_NO.NEXTVAL, 11, 1041, 3, 'Y', 'ord20240309_1041_11', '2024-03-09');
INSERT INTO TB_ORDER VALUES(SEQ_ORDER_NO.NEXTVAL, 13, 1041, 1, 'Y', 'ord20240309_1041_13', '2024-03-09');
INSERT INTO TB_ORDER VALUES(SEQ_ORDER_NO.NEXTVAL, 9, 1042, 3, 'Y', 'ord20240309_1042_9', '2024-03-09');
INSERT INTO TB_ORDER VALUES(SEQ_ORDER_NO.NEXTVAL, 15, 1042, 3, 'Y', 'ord20240309_1042_15', '2024-03-09');
INSERT INTO TB_ORDER VALUES(SEQ_ORDER_NO.NEXTVAL, 24, 1043, 3, 'Y', 'ord20240309_1043_24', '2024-03-09');

INSERT INTO TB_ORDER VALUES(SEQ_ORDER_NO.NEXTVAL, 22, 1043, 3, 'Y', 'ord20240310_1043_22', '2024-03-10');
INSERT INTO TB_ORDER VALUES(SEQ_ORDER_NO.NEXTVAL, 9, 1044, 3, 'Y', 'ord20240310_1044_9', '2024-03-10');
INSERT INTO TB_ORDER VALUES(SEQ_ORDER_NO.NEXTVAL, 10, 1044, 1, 'Y', 'ord20240310_1044_10', '2024-03-10');
INSERT INTO TB_ORDER VALUES(SEQ_ORDER_NO.NEXTVAL, 10, 1045, 3, 'Y', 'ord20240310_1045_10', '2024-03-10');
INSERT INTO TB_ORDER VALUES(SEQ_ORDER_NO.NEXTVAL, 4, 1045, 1, 'Y', 'ord20240310_1045_4', '2024-03-10');
INSERT INTO TB_ORDER VALUES(SEQ_ORDER_NO.NEXTVAL, 12, 1046, 3, 'Y', 'ord20240311_1046_12', '2024-03-11');
INSERT INTO TB_ORDER VALUES(SEQ_ORDER_NO.NEXTVAL, 17, 1046, 1, 'Y', 'ord20240311_1046_17', '2024-03-11');
INSERT INTO TB_ORDER VALUES(SEQ_ORDER_NO.NEXTVAL, 4, 1047, 3, 'Y', 'ord20240311_1047_4', '2024-03-11');
INSERT INTO TB_ORDER VALUES(SEQ_ORDER_NO.NEXTVAL, 13, 1047, 1, 'Y', 'ord20240311_1047_13', '2024-03-11');
INSERT INTO TB_ORDER VALUES(SEQ_ORDER_NO.NEXTVAL, 5, 1048, 3, 'Y', 'ord20240311_1048_5', '2024-03-11');

INSERT INTO TB_ORDER VALUES(SEQ_ORDER_NO.NEXTVAL, 13, 1048, 1, 'Y', 'ord20240312_1048_13', '2024-03-12');
INSERT INTO TB_ORDER VALUES(SEQ_ORDER_NO.NEXTVAL, 19, 1049, 1, 'Y', 'ord20240312_1049_19', '2024-03-12');
INSERT INTO TB_ORDER VALUES(SEQ_ORDER_NO.NEXTVAL, 20, 1049, 3, 'Y', 'ord20240312_1049_20', '2024-03-12');
INSERT INTO TB_ORDER VALUES(SEQ_ORDER_NO.NEXTVAL, 6, 1050, 3, 'Y', 'ord20240312_1050_6', '2024-03-12');
INSERT INTO TB_ORDER VALUES(SEQ_ORDER_NO.NEXTVAL, 8, 1050, 3, 'Y', 'ord20240312_1050_8', '2024-03-12');
INSERT INTO TB_ORDER VALUES(SEQ_ORDER_NO.NEXTVAL, 9, 1051, 2, 'Y', 'ord20240313_1051_9', '2024-03-13');
INSERT INTO TB_ORDER VALUES(SEQ_ORDER_NO.NEXTVAL, 13, 1051, 1, 'Y', 'ord20240313_1051_13', '2024-03-13');
INSERT INTO TB_ORDER VALUES(SEQ_ORDER_NO.NEXTVAL, 18, 1052, 3, 'Y', 'ord20240313_1052_18', '2024-03-13');
INSERT INTO TB_ORDER VALUES(SEQ_ORDER_NO.NEXTVAL, 19, 1052, 3, 'Y', 'ord20240313_1052_19', '2024-03-13');
INSERT INTO TB_ORDER VALUES(SEQ_ORDER_NO.NEXTVAL, 10, 1053, 3, 'Y', 'ord20240313_1053_10', '2024-03-13');

INSERT INTO TB_ORDER VALUES(SEQ_ORDER_NO.NEXTVAL, 18, 1053, 1, 'Y', 'ord20240314_1053_18', '2024-03-14');
INSERT INTO TB_ORDER VALUES(SEQ_ORDER_NO.NEXTVAL, 10, 1054, 3, 'Y', 'ord20240314_1054_10', '2024-03-14');
INSERT INTO TB_ORDER VALUES(SEQ_ORDER_NO.NEXTVAL, 18, 1054, 1, 'Y', 'ord20240314_1054_18', '2024-03-14');
INSERT INTO TB_ORDER VALUES(SEQ_ORDER_NO.NEXTVAL, 10, 1055, 3, 'Y', 'ord20240314_1055_10', '2024-03-14');
INSERT INTO TB_ORDER VALUES(SEQ_ORDER_NO.NEXTVAL, 16, 1055, 1, 'Y', 'ord20240314_1055_16', '2024-03-14');
INSERT INTO TB_ORDER VALUES(SEQ_ORDER_NO.NEXTVAL, 12, 1056, 3, 'Y', 'ord20240315_1056_12', '2024-03-15');
INSERT INTO TB_ORDER VALUES(SEQ_ORDER_NO.NEXTVAL, 20, 1056, 1, 'Y', 'ord20240315_1056_20', '2024-03-15');
INSERT INTO TB_ORDER VALUES(SEQ_ORDER_NO.NEXTVAL, 5, 1057, 3, 'Y', 'ord20240315_1057_5', '2024-03-15');
INSERT INTO TB_ORDER VALUES(SEQ_ORDER_NO.NEXTVAL, 13, 1057, 1, 'Y', 'ord20240315_1057_13', '2024-03-15');
INSERT INTO TB_ORDER VALUES(SEQ_ORDER_NO.NEXTVAL, 6, 1058, 3, 'Y', 'ord20240315_1058_6', '2024-03-15');

INSERT INTO TB_ORDER VALUES(SEQ_ORDER_NO.NEXTVAL, 11, 1058, 1, 'Y', 'ord20240316_1058_11', '2024-03-16');
INSERT INTO TB_ORDER VALUES(SEQ_ORDER_NO.NEXTVAL, 5, 1059, 3, 'Y', 'ord20240316_1059_5', '2024-03-16');
INSERT INTO TB_ORDER VALUES(SEQ_ORDER_NO.NEXTVAL, 18, 1059, 1, 'Y', 'ord20240316_1059_18', '2024-03-16');
INSERT INTO TB_ORDER VALUES(SEQ_ORDER_NO.NEXTVAL, 6, 1060, 3, 'Y', 'ord20240316_1060_6', '2024-03-16');
INSERT INTO TB_ORDER VALUES(SEQ_ORDER_NO.NEXTVAL, 9, 1060, 1, 'Y', 'ord20240316_1060_9', '2024-03-16');
INSERT INTO TB_ORDER VALUES(SEQ_ORDER_NO.NEXTVAL, 3, 1061, 3, 'Y', 'ord20240317_1061_3', '2024-03-17');
INSERT INTO TB_ORDER VALUES(SEQ_ORDER_NO.NEXTVAL, 8, 1061, 3, 'Y', 'ord20240317_1061_8', '2024-03-17');
INSERT INTO TB_ORDER VALUES(SEQ_ORDER_NO.NEXTVAL, 5, 1062, 3, 'Y', 'ord20240317_1062_5', '2024-03-17');
INSERT INTO TB_ORDER VALUES(SEQ_ORDER_NO.NEXTVAL, 10, 1062, 3, 'Y', 'ord20240317_1062_10', '2024-03-17');
INSERT INTO TB_ORDER VALUES(SEQ_ORDER_NO.NEXTVAL, 4, 1063, 3, 'Y', 'ord20240317_1063_4', '2024-03-17');

INSERT INTO TB_ORDER VALUES(SEQ_ORDER_NO.NEXTVAL, 9, 1063, 1, 'Y', 'ord20240318_1063_9', '2024-03-18');
INSERT INTO TB_ORDER VALUES(SEQ_ORDER_NO.NEXTVAL, 3, 1064, 3, 'Y', 'ord20240318_1064_3', '2024-03-18');
INSERT INTO TB_ORDER VALUES(SEQ_ORDER_NO.NEXTVAL, 7, 1064, 1, 'Y', 'ord20240318_1064_7', '2024-03-18');
INSERT INTO TB_ORDER VALUES(SEQ_ORDER_NO.NEXTVAL, 6, 1065, 3, 'Y', 'ord20240318_1065_6', '2024-03-18');
INSERT INTO TB_ORDER VALUES(SEQ_ORDER_NO.NEXTVAL, 12, 1065, 2, 'Y', 'ord20240318_1065_12', '2024-03-18');
INSERT INTO TB_ORDER VALUES(SEQ_ORDER_NO.NEXTVAL, 7, 1066, 3, 'Y', 'ord20240319_1066_7', '2024-03-19');
INSERT INTO TB_ORDER VALUES(SEQ_ORDER_NO.NEXTVAL, 11, 1066, 1, 'Y', 'ord20240319_1066_11', '2024-03-19');
INSERT INTO TB_ORDER VALUES(SEQ_ORDER_NO.NEXTVAL, 13, 1067, 3, 'Y', 'ord20240319_1067_13', '2024-03-19');
INSERT INTO TB_ORDER VALUES(SEQ_ORDER_NO.NEXTVAL, 5, 1067, 1, 'Y', 'ord20240319_1067_5', '2024-03-19');
INSERT INTO TB_ORDER VALUES(SEQ_ORDER_NO.NEXTVAL, 10, 1068, 3, 'Y', 'ord20240319_1068_10', '2024-03-19');

INSERT INTO TB_ORDER VALUES(SEQ_ORDER_NO.NEXTVAL, 5, 1068, 1, 'Y', 'ord20240320_1068_5', '2024-03-20');
INSERT INTO TB_ORDER VALUES(SEQ_ORDER_NO.NEXTVAL, 10, 1069, 3, 'Y', 'ord20240320_1069_10', '2024-03-20');
INSERT INTO TB_ORDER VALUES(SEQ_ORDER_NO.NEXTVAL, 3, 1069, 1, 'Y', 'ord20240320_1069_3', '2024-03-20');
INSERT INTO TB_ORDER VALUES(SEQ_ORDER_NO.NEXTVAL, 5, 1070, 3, 'Y', 'ord20240320_1070_5', '2024-03-20');
INSERT INTO TB_ORDER VALUES(SEQ_ORDER_NO.NEXTVAL, 10, 1070, 1, 'Y', 'ord20240320_1070_10', '2024-03-20');
INSERT INTO TB_ORDER VALUES(SEQ_ORDER_NO.NEXTVAL, 7, 1071, 3, 'Y', 'ord20240321_1071_7', '2024-03-21');
INSERT INTO TB_ORDER VALUES(SEQ_ORDER_NO.NEXTVAL, 17, 1071, 2, 'Y', 'ord20240321_1071_17', '2024-03-21');
INSERT INTO TB_ORDER VALUES(SEQ_ORDER_NO.NEXTVAL, 5, 1072, 3, 'Y', 'ord20240321_1072_5', '2024-03-21');
INSERT INTO TB_ORDER VALUES(SEQ_ORDER_NO.NEXTVAL, 19, 1072, 1, 'Y', 'ord20240321_1072_19', '2024-03-21');
INSERT INTO TB_ORDER VALUES(SEQ_ORDER_NO.NEXTVAL, 6, 1073, 3, 'Y', 'ord20240321_1073_6', '2024-03-21');

INSERT INTO TB_ORDER VALUES(SEQ_ORDER_NO.NEXTVAL, 20, 1073, 2, 'Y', 'ord20240322_1073_20', '2024-03-22');
--------------------------------------------------
----------------- DELIVERY 관련 -------------------	
--------------------------------------------------
CREATE TABLE TB_DELIVERY (
    DELIVERY_NO NUMBER CONSTRAINT DELIVERY_NO_PK PRIMARY KEY,
    DELIVERY_ORDER_NO NUMBER CONSTRAINT DELIVERY_ORDER_NO_NN NOT NULL,
    DELIVERY_ADDRESS VARCHAR2(500) CONSTRAINT DELIVERY_ADDRESS_NN NOT NULL,
    DELIVERY_STATUS VARCHAR2(1) DEFAULT 'N' CONSTRAINT DELIVERY_STATUS_CK CHECK(DELIVERY_STATUS IN('Y', 'I', 'N')),
    DELIVERY_START DATE,
    DELIVERY_END DATE,
    CONSTRAINT DELIVERY_ORDER_NO_FK FOREIGN KEY (DELIVERY_ORDER_NO) REFERENCES TB_ORDER(ORDER_NO)
);

COMMENT ON COLUMN TB_DELIVERY.DELIVERY_NO IS '배송 번호';
COMMENT ON COLUMN TB_DELIVERY.DELIVERY_ORDER_NO IS '배송 주문 번호';
COMMENT ON COLUMN TB_DELIVERY.DELIVERY_ADDRESS IS '배송지 주소';
COMMENT ON COLUMN TB_DELIVERY.DELIVERY_STATUS IS '배송 상태값 (Y : 배송완료 / I : 배송중 / N : 배송대기)';
COMMENT ON COLUMN TB_DELIVERY.DELIVERY_START IS '배송 시작일';
COMMENT ON COLUMN TB_DELIVERY.DELIVERY_END IS '배송 도착일';

CREATE SEQUENCE SEQ_DELIVERY_NO
NOCACHE;
--------------------------------------------------
------------------ SHARE 관련 ---------------------	
--------------------------------------------------
CREATE TABLE TB_SHARE (
    SHARE_PROJECT_NO NUMBER CONSTRAINT SHARE_PROJECT_NO_NN NOT NULL,
    SHARE_COUNT NUMBER DEFAULT 0,
    CONSTRAINT SHARE_PROJECT_NO_FK FOREIGN KEY (SHARE_PROJECT_NO) REFERENCES TB_PROJECT(PROJECT_NO)
);

COMMENT ON COLUMN TB_SHARE.SHARE_PROJECT_NO IS '공유 프로젝트 번호';
COMMENT ON COLUMN TB_SHARE.SHARE_COUNT IS '공유 횟수';
--------------------------------------------------
------------------- CLAP 관련 ---------------------	
--------------------------------------------------
CREATE TABLE TB_CLAP (
    CLAP_PROJECT_NO NUMBER CONSTRAINT CLAP_PROJECT_NO_NN NOT NULL,
    CLAP_COUNT NUMBER DEFAULT 0,
    CONSTRAINT CLAP_PROJECT_NO_FK FOREIGN KEY (CLAP_PROJECT_NO) REFERENCES TB_PROJECT(PROJECT_NO)
);

COMMENT ON COLUMN TB_CLAP.CLAP_PROJECT_NO IS '박수 프로젝트 번호';
COMMENT ON COLUMN TB_CLAP.CLAP_COUNT IS '박수 횟수';

COMMIT;
